Location,MinTemp,MaxTemp,Rainfall,Evaporation,Sunshine,WindGustDir,WindGustSpeed,WindSpeed9am,WindSpeed3pm,Humidity9am,Humidity3pm,Pressure9am,Pressure3pm,Cloud9am,Cloud3pm,Temp9am,Temp3pm,RainToday,RainTomorrow,TempRange,HumidityRange,CloudRange,PressureRange,WindSpeedRange,AvgMinTemp,AvgMaxTemp,AvgRainfall,AvgEvaporation,AvgSunshine,AvgTempRange,AvgHumidityRange,AvgPressureRange,AvgWindSpeedRange,AvgHumidity9am,AvgHumidity3pm,Month,SumRainfallAmount
Adelaide,8.8,15.7,5.0,1.6,2.6,NW,48.0,13.0,15.0,92.0,67.0,1017.4,1017.7,4.45,4.51,13.5,14.9,1,0,6.899999999999999,-25.0,0.05999999999999961,0.3000000000000682,2.0,8.8,15.7,5.0,1.6,2.6,6.899999999999999,-25.0,0.3000000000000682,2.0,92.0,67.0,July,5.0
Adelaide,12.7,15.8,0.8,1.4,7.8,SW,35.0,13.0,15.0,75.0,52.0,1022.4,1022.6,4.45,4.51,13.7,15.5,0,0,3.1000000000000014,-23.0,0.05999999999999961,0.20000000000004547,2.0,8.8,15.7,5.0,1.6,2.6,6.899999999999999,-25.0,0.3000000000000682,2.0,92.0,67.0,July,5.0
Adelaide,6.2,15.1,0.0,1.8,2.1,W,20.0,2.0,11.0,81.0,56.0,1027.8,1026.5,4.45,4.51,9.3,13.9,0,0,8.899999999999999,-25.0,0.05999999999999961,-1.2999999999999545,9.0,10.75,15.75,2.9,1.5,5.2,5.0,-24.0,0.25000000000005684,2.0,83.5,59.5,July,5.8
Adelaide,5.3,15.9,0.0,1.4,8.0,NNE,30.0,6.0,13.0,71.0,46.0,1028.7,1025.6,4.45,4.51,10.2,15.3,0,0,10.600000000000001,-25.0,0.05999999999999961,-3.1000000000001364,7.0,9.233333333333333,15.533333333333333,1.9333333333333333,1.5999999999999999,4.166666666666667,6.3,-24.333333333333332,-0.2666666666666136,4.333333333333333,82.66666666666667,58.333333333333336,July,5.8
Adelaide,9.8,15.4,0.0,5.47,0.9,N,30.0,9.0,9.0,56.0,67.0,1023.6,1020.2,4.45,4.51,11.3,13.8,0,0,5.6,11.0,0.05999999999999961,-3.3999999999999773,0.0,8.25,15.625,1.45,1.55,5.125,7.375,-24.5,-0.9749999999999943,5.0,79.75,55.25,July,5.8
Adelaide,11.3,15.7,2.36,5.47,1.5,NNW,52.0,15.0,22.0,62.0,62.0,1019.5,1016.2,4.45,4.51,13.0,14.4,0,1,4.399999999999999,0.0,0.05999999999999961,-3.2999999999999545,7.0,8.559999999999999,15.580000000000002,1.16,2.334,4.279999999999999,7.0200000000000005,-17.4,-1.4599999999999909,4.0,75.0,57.6,July,5.8
Adelaide,7.6,11.2,16.2,4.6,1.1,WSW,46.0,17.0,13.0,83.0,88.0,1015.9,1017.9,4.45,4.51,9.8,9.3,1,1,3.5999999999999996,5.0,0.05999999999999961,2.0,-4.0,9.016666666666667,15.6,1.36,2.856666666666667,3.8166666666666664,6.583333333333333,-14.5,-1.7666666666666515,4.5,72.83333333333333,58.333333333333336,July,8.16
Adelaide,5.3,13.5,17.0,0.6,2.1,SW,43.0,11.0,22.0,73.0,91.0,1025.8,1025.9,4.45,4.51,10.9,10.8,1,1,8.2,18.0,0.05999999999999961,0.10000000000013642,11.0,8.814285714285715,14.971428571428572,3.48,3.1057142857142854,3.4285714285714284,6.157142857142857,-11.714285714285714,-1.2285714285714155,3.2857142857142856,74.28571428571429,62.57142857142857,July,24.36
Adelaide,8.4,14.3,1.8,1.6,0.8,NW,41.0,9.0,19.0,90.0,64.0,1025.8,1022.7,4.45,4.51,10.8,13.5,1,1,5.9,-26.0,0.05999999999999961,-3.099999999999909,10.0,8.375,14.7875,5.17,2.7925,3.2625,6.4125,-8.0,-1.0624999999999716,4.25,74.125,66.125,July,41.36
Adelaide,9.5,13.1,9.0,1.2,7.2,WSW,52.0,24.0,20.0,54.0,66.0,1019.8,1019.6,4.45,4.51,10.9,11.2,1,0,3.5999999999999996,12.0,0.05999999999999961,-0.1999999999999318,-4.0,8.377777777777778,14.733333333333333,4.795555555555556,2.6599999999999997,2.988888888888889,6.355555555555555,-10.0,-1.2888888888888534,4.888888888888889,75.88888888888889,65.88888888888889,July,43.16
Adelaide,8.2,14.0,0.2,2.8,4.3,SW,28.0,9.0,13.0,70.0,43.0,1023.8,1021.2,4.45,4.51,10.0,13.5,0,0,5.800000000000001,-27.0,0.05999999999999961,-2.599999999999909,4.0,8.49,14.569999999999999,5.215999999999999,2.5140000000000002,3.41,6.08,-7.8,-1.1799999999999613,4.0,73.7,65.9,July,52.16
Adelaide,8.1,15.8,2.36,5.47,6.1,N,48.0,24.0,22.0,65.0,42.0,1014.0,1009.8,4.45,4.51,9.5,15.6,0,0,7.700000000000001,-23.0,0.05999999999999961,-4.2000000000000455,-2.0,8.430000000000001,14.4,4.736,2.6339999999999995,3.5799999999999996,5.970000000000001,-8.0,-1.4699999999999591,4.2,71.5,63.5,July,47.36
Adelaide,9.4,16.8,2.36,5.47,9.1,NNW,54.0,17.0,28.0,67.0,47.0,1011.2,1009.5,4.45,4.51,11.7,16.5,0,1,7.4,-20.0,0.05999999999999961,-1.7000000000000455,11.0,7.970000000000001,14.4,4.892,3.041,3.41,6.43,-8.0,-1.9099999999999682,3.8,70.5,62.5,July,48.92
Adelaide,10.0,15.4,3.8,7.0,0.5,N,48.0,15.0,19.0,85.0,72.0,1014.0,1015.4,4.45,4.51,13.2,15.2,1,1,5.4,-13.0,0.05999999999999961,1.3999999999999773,4.0,8.290000000000001,14.570000000000002,5.128,3.408,4.11,6.279999999999999,-7.5,-1.9499999999999773,4.0,69.1,61.6,July,51.28
Adelaide,11.1,14.7,4.0,2.8,2.3,WSW,43.0,17.0,24.0,91.0,72.0,1020.4,1020.1,4.45,4.51,12.0,13.0,1,0,3.5999999999999996,-19.0,0.05999999999999961,-0.2999999999999545,7.0,8.76,14.52,5.508000000000001,3.968,3.3600000000000003,5.76,-6.3,-1.4999999999999658,3.7,70.5,64.2,July,55.080000000000005
Adelaide,6.3,14.1,0.2,1.6,3.8,NNW,39.0,7.0,19.0,74.0,52.0,1019.9,1015.3,4.45,4.51,10.0,13.9,0,0,7.8,-22.0,0.05999999999999961,-4.600000000000023,12.0,8.89,14.45,5.908,3.7009999999999996,3.5,5.56,-9.3,-1.1899999999999635,4.4,74.0,64.7,July,59.080000000000005
Adelaide,9.8,14.7,0.2,1.6,3.5,NW,44.0,17.0,22.0,58.0,61.0,1009.8,1007.4,4.45,4.51,10.5,14.7,0,1,4.899999999999999,3.0,0.05999999999999961,-2.3999999999999773,5.0,8.389999999999999,14.290000000000001,5.691999999999999,3.314,3.7299999999999995,5.9,-11.5,-1.3199999999999705,4.9,75.2,63.7,July,56.919999999999995
Adelaide,7.4,15.3,1.4,0.8,5.9,WNW,39.0,9.0,19.0,86.0,58.0,1014.3,1012.4,4.45,4.51,9.3,13.7,1,0,7.9,-28.0,0.05999999999999961,-1.8999999999999773,10.0,8.61,14.639999999999997,4.0920000000000005,3.0140000000000002,3.97,6.03,-11.7,-1.7599999999999683,5.8,72.7,61.0,July,40.92
Adelaide,9.3,18.1,2.36,5.47,2.4,NNW,52.0,19.0,11.0,44.0,47.0,1004.7,997.9,4.45,4.51,14.2,17.6,0,0,8.8,3.0,0.05999999999999961,-6.800000000000068,-8.0,8.82,14.819999999999999,2.532,3.034,4.35,6.0,-16.3,-1.9599999999999795,5.7,74.0,57.7,July,25.32
Adelaide,9.9,12.0,2.36,5.47,0.3,N,46.0,26.0,11.0,67.0,91.0,1000.7,1000.4,4.45,4.51,10.0,9.6,0,1,2.0999999999999996,24.0,0.05999999999999961,-0.3000000000000682,-15.0,8.91,15.2,2.588,3.4210000000000003,4.51,6.290000000000001,-13.4,-2.3299999999999956,3.9,69.4,56.0,July,25.88
Adelaide,6.5,14.2,6.8,4.0,3.8,SSE,41.0,13.0,15.0,69.0,55.0,1021.2,1024.7,4.45,4.51,11.9,12.8,1,0,7.699999999999999,-14.0,0.05999999999999961,3.5,2.0,8.95,15.09,1.924,3.848,3.8199999999999994,6.14,-12.2,-2.340000000000009,2.8,70.7,58.5,July,19.24
Adelaide,6.0,13.8,0.0,1.2,3.3,SW,20.0,14.04,13.0,70.0,61.0,1032.8,1031.1,4.45,4.51,9.7,11.8,0,0,7.800000000000001,-9.0,0.05999999999999961,-1.7000000000000455,-1.0399999999999991,8.780000000000001,15.110000000000003,2.584,3.968,3.7700000000000005,6.33,-10.9,-1.7300000000000182,2.6,70.6,59.7,July,25.84
Adelaide,5.4,14.2,0.0,1.0,9.2,ENE,19.0,7.0,9.0,49.0,36.0,1033.9,1029.8,4.45,4.51,10.7,13.7,0,0,8.799999999999999,-13.0,0.05999999999999961,-4.100000000000136,2.0,8.57,14.91,2.348,3.5410000000000004,3.4899999999999998,6.34,-9.5,-1.4800000000000182,2.696,71.1,61.6,July,23.48
Adelaide,2.6,14.9,0.0,1.4,7.2,NNW,28.0,9.0,13.0,58.0,38.0,1027.5,1023.4,4.45,4.51,8.8,14.5,0,0,12.3,-20.0,0.05999999999999961,-4.100000000000023,4.0,8.17,14.65,2.1119999999999997,3.094,3.5,6.4799999999999995,-8.8,-1.7200000000000273,1.796,69.3,60.5,July,21.119999999999997
Adelaide,3.1,16.4,0.0,1.2,7.9,N,30.0,9.0,15.0,52.0,33.0,1022.1,1018.8,4.45,4.51,9.6,16.1,0,0,13.299999999999999,-19.0,0.05999999999999961,-3.300000000000068,6.0,7.43,14.6,1.732,2.534,4.17,7.169999999999999,-9.5,-2.270000000000027,1.796,66.6,57.1,July,17.32
Adelaide,7.1,13.8,2.36,5.47,9.5,SW,35.0,7.0,20.0,90.0,57.0,1019.1,1017.3,4.45,4.51,8.8,12.6,0,1,6.700000000000001,-33.0,0.05999999999999961,-1.8000000000000682,13.0,6.63,14.77,1.332,2.3739999999999997,4.7299999999999995,8.14,-9.5,-2.5700000000000385,1.6960000000000002,62.7,53.2,July,13.32
Adelaide,2.8,11.8,1.6,5.47,8.1,WSW,37.0,7.0,15.0,85.0,58.0,1018.1,1016.2,4.45,4.51,6.9,11.1,1,0,9.0,-27.0,0.05999999999999961,-1.8999999999999773,8.0,6.710000000000001,14.74,1.5479999999999998,2.761,5.3,8.030000000000001,-10.6,-2.290000000000043,1.796,64.3,53.7,July,15.479999999999999
Adelaide,0.7,14.0,0.0,4.6,7.3,W,22.0,7.0,13.0,82.0,61.0,1024.1,1022.4,4.45,4.51,6.4,12.7,0,0,13.3,-21.0,0.05999999999999961,-1.6999999999999318,6.0,6.010000000000001,14.45,1.688,3.1479999999999997,5.76,8.440000000000001,-13.6,-2.2400000000000433,2.096,67.0,53.4,July,16.88
Adelaide,4.9,13.0,0.0,0.8,0.1,NNW,56.0,17.0,19.0,51.0,45.0,1017.9,1010.3,4.45,4.51,10.5,12.5,0,1,8.1,-6.0,0.05999999999999961,-7.600000000000023,2.0,5.34,14.319999999999999,1.548,3.528,5.9,8.98,-12.9,-2.220000000000039,1.6960000000000002,66.6,53.7,July,15.48
Adelaide,8.5,16.1,3.4,1.4,7.2,WNW,28.0,11.0,9.0,89.0,44.0,1013.7,1011.7,4.45,4.51,11.5,15.7,1,0,7.600000000000001,-45.0,0.05999999999999961,-2.0,-2.0,4.9,13.810000000000002,1.312,3.061,5.67,8.91,-13.8,-2.300000000000034,2.696,67.3,53.5,July,13.120000000000001
Adelaide,7.6,19.3,0.8,1.8,5.0,W,69.0,17.0,20.0,56.0,52.0,1006.8,1005.2,4.45,4.51,14.4,18.1,0,1,11.700000000000001,-4.0,0.05999999999999961,-1.599999999999909,3.0,4.76,14.220000000000002,1.416,2.654,6.36,9.46,-20.7,-2.4700000000000273,3.996,69.5,48.8,July,14.16
Adelaide,10.6,13.8,1.8,1.8,5.6,SW,74.0,20.0,26.0,58.0,57.0,1010.9,1014.6,4.45,4.51,12.2,13.5,1,0,3.200000000000001,-1.0,0.05999999999999961,3.7000000000000455,6.0,4.869999999999999,14.729999999999999,0.8160000000000001,2.434,6.4799999999999995,9.86,-19.7,-2.980000000000018,4.096,68.2,48.5,August,8.16
Adelaide,7.6,14.3,2.36,5.47,2.6,NW,31.0,11.0,0.0,95.0,86.0,1021.4,1019.8,4.45,4.51,10.9,11.9,0,0,6.700000000000001,-9.0,0.05999999999999961,-1.6000000000000227,-11.0,5.33,14.73,0.9960000000000001,2.494,6.709999999999999,9.4,-18.9,-2.4400000000000093,4.8,67.0,48.1,August,9.96
Adelaide,7.2,18.1,2.36,5.47,5.6,NNW,39.0,15.0,19.0,54.0,37.0,1017.3,1012.4,4.45,4.51,11.8,17.8,0,1,10.900000000000002,-17.0,0.05999999999999961,-4.899999999999977,4.0,5.55,14.74,1.232,2.941,6.05,9.190000000000001,-18.5,-2.1899999999999977,3.5,71.6,53.1,August,12.32
Adelaide,9.0,13.8,8.2,4.4,4.4,NW,31.0,9.0,6.0,92.0,92.0,1014.8,1015.8,4.45,4.51,10.1,11.7,1,1,4.800000000000001,0.0,0.05999999999999961,1.0,-3.0,6.01,15.060000000000002,1.468,3.348,5.89,9.05,-18.2,-2.2699999999999934,3.5,71.2,53.0,August,14.68
Adelaide,6.4,15.0,16.2,2.6,3.3,W,26.0,6.0,11.0,95.0,75.0,1025.5,1025.2,4.45,4.51,10.4,13.6,1,1,8.6,-20.0,0.05999999999999961,-0.2999999999999545,5.0,6.6,14.8,2.288,3.668,5.540000000000001,8.2,-16.3,-1.8399999999999863,2.6,75.2,58.9,August,22.88
Adelaide,7.4,11.9,1.2,0.4,0.5,WSW,48.0,17.0,13.0,90.0,92.0,1021.3,1016.8,4.45,4.51,10.0,9.5,1,1,4.5,2.0,0.05999999999999961,-4.5,-4.0,6.529999999999999,14.919999999999998,3.6719999999999997,3.3810000000000002,4.92,8.390000000000002,-15.0,-1.689999999999975,1.8,75.7,60.7,August,36.72
Adelaide,5.9,13.2,11.2,1.2,7.0,SW,43.0,9.0,17.0,70.0,52.0,1023.9,1024.0,4.45,4.51,9.6,11.9,1,0,7.299999999999999,-18.0,0.05999999999999961,0.10000000000002274,8.0,6.99,14.929999999999998,3.632,2.874,4.16,7.94,-12.1,-1.9499999999999773,0.6,76.2,64.1,August,36.32
Adelaide,8.2,14.4,0.8,2.0,6.5,WSW,41.0,20.0,20.0,91.0,47.0,1022.5,1022.6,4.45,4.51,10.6,13.7,0,0,6.200000000000001,-44.0,0.05999999999999961,0.10000000000002274,0.0,7.510000000000001,14.850000000000003,4.752,2.534,4.13,7.340000000000001,-11.8,-1.7699999999999818,0.8,75.0,63.2,August,47.519999999999996
Adelaide,5.2,12.9,2.36,5.47,1.9,NW,61.0,11.0,17.0,94.0,88.0,1022.3,1018.9,4.45,4.51,7.4,9.1,0,0,7.7,-6.0,0.05999999999999961,-3.3999999999999773,6.0,7.839999999999999,14.989999999999998,4.831999999999999,2.654,4.7700000000000005,7.150000000000001,-15.6,-0.9999999999999772,0.6,79.0,63.4,August,48.31999999999999
Adelaide,4.7,11.7,2.36,5.47,7.3,SSW,48.0,13.0,24.0,76.0,63.0,1025.3,1025.6,4.45,4.51,7.7,10.7,0,1,6.999999999999999,-13.0,0.05999999999999961,0.2999999999999545,11.0,7.51,14.669999999999998,4.728,3.061,4.24,7.160000000000001,-11.7,-1.139999999999975,1.4,79.5,67.8,August,47.28
Adelaide,4.4,13.8,22.0,5.0,9.3,WSW,37.0,9.0,17.0,87.0,57.0,1028.2,1025.9,4.45,4.51,7.7,13.3,1,0,9.4,-30.0,0.05999999999999961,-2.2999999999999545,8.0,7.220000000000001,13.91,4.884,3.428,4.470000000000001,6.69,-12.6,-0.9499999999999886,2.2,81.5,68.9,August,48.84
Adelaide,6.8,14.0,0.8,1.6,5.6,WNW,46.0,11.0,17.0,92.0,67.0,1027.0,1025.6,4.45,4.51,9.9,13.2,0,1,7.2,-25.0,0.05999999999999961,-1.400000000000091,6.0,6.6,13.91,6.903999999999999,3.748,4.84,7.31,-15.5,-1.5499999999999887,2.4,84.4,68.9,August,69.03999999999999
Adelaide,5.3,13.9,2.2,1.6,9.2,SW,28.0,7.0,15.0,97.0,58.0,1031.9,1030.8,4.45,4.51,7.1,12.8,1,0,8.600000000000001,-39.0,0.05999999999999961,-1.1000000000001364,8.0,6.5200000000000005,13.88,6.747999999999999,3.3610000000000007,5.14,7.359999999999999,-17.1,-1.5299999999999954,4.1,84.1,67.0,August,67.47999999999999
Adelaide,5.8,12.8,0.0,2.0,0.8,SW,35.0,7.0,20.0,78.0,55.0,1033.5,1030.3,4.45,4.51,8.9,12.2,0,1,7.000000000000001,-23.0,0.05999999999999961,-3.2000000000000455,13.0,6.33,13.459999999999999,6.731999999999999,2.974,5.5,7.13,-19.3,-1.1500000000000115,4.5,88.4,69.1,August,67.32
Adelaide,8.8,13.2,1.6,1.4,5.5,WSW,43.0,13.0,22.0,90.0,75.0,1027.2,1024.0,4.45,4.51,10.6,12.6,1,0,4.399999999999999,-15.0,0.05999999999999961,-3.2000000000000455,9.0,6.01,13.36,5.911999999999999,2.734,5.14,7.35,-21.6,-1.5700000000000158,6.1,87.0,65.4,August,59.11999999999999
Adelaide,7.6,14.1,2.36,5.47,7.6,SW,33.0,6.0,11.0,90.0,75.0,1024.9,1024.7,4.45,4.51,10.7,13.2,0,1,6.5,-15.0,0.05999999999999961,-0.20000000000004547,5.0,6.25,13.180000000000001,4.452,2.614,5.36,6.93,-21.1,-1.860000000000025,6.5,86.5,65.4,August,44.519999999999996
Adelaide,6.7,14.1,6.2,5.47,8.5,SW,39.0,4.0,17.0,89.0,47.0,1031.1,1029.6,4.45,4.51,9.9,13.8,1,0,7.3999999999999995,-42.0,0.05999999999999961,-1.5,13.0,6.2700000000000005,13.4,4.568,3.121,6.069999999999999,7.13,-22.8,-1.4300000000000295,7.4,86.5,63.7,August,45.67999999999999
Adelaide,5.5,14.9,0.0,4.6,5.7,WSW,30.0,0.0,13.0,85.0,55.0,1032.5,1030.8,4.45,4.51,10.6,13.9,0,0,9.4,-30.0,0.05999999999999961,-1.7000000000000455,13.0,6.35,13.49,4.068,3.5479999999999996,6.220000000000001,7.139999999999999,-25.2,-1.5900000000000318,7.9,88.4,63.2,August,40.68
Adelaide,5.5,15.7,0.0,0.8,2.0,NW,39.0,11.0,19.0,75.0,42.0,1029.9,1026.0,4.45,4.51,10.0,15.1,0,0,10.2,-33.0,0.05999999999999961,-3.900000000000091,8.0,6.08,13.540000000000001,3.9880000000000004,3.808,6.14,7.459999999999999,-23.8,-1.7700000000000387,9.2,87.8,64.0,August,39.88
Adelaide,7.0,17.0,0.0,1.8,5.1,WSW,43.0,9.0,20.0,52.0,39.0,1023.5,1020.2,4.45,4.51,11.3,16.4,0,1,10.0,-13.0,0.05999999999999961,-3.2999999999999545,11.0,6.11,13.819999999999999,3.752,3.341,6.15,7.710000000000001,-26.5,-1.82000000000005,9.4,85.9,59.4,August,37.519999999999996
Adelaide,8.3,13.4,1.4,2.0,5.8,SW,57.0,15.0,17.0,64.0,49.0,1021.9,1023.9,4.45,4.51,10.0,12.2,1,1,5.1,-15.0,0.05999999999999961,2.0,2.0,6.34,14.35,3.5159999999999996,2.974,5.930000000000001,8.010000000000002,-26.5,-2.180000000000041,9.4,83.5,57.0,August,35.16
Adelaide,3.3,12.7,2.0,1.6,8.0,WSW,37.0,6.0,15.0,70.0,59.0,1032.0,1030.7,4.45,4.51,9.1,12.6,1,0,9.399999999999999,-11.0,0.05999999999999961,-1.2999999999999545,9.0,6.730000000000001,14.309999999999999,1.456,2.6740000000000004,5.58,7.58,-25.0,-1.7500000000000455,8.8,81.2,56.2,August,14.56
Adelaide,3.2,14.1,0.8,5.47,3.6,WSW,24.0,2.0,9.0,82.0,62.0,1034.1,1031.7,4.45,4.51,7.2,13.2,0,0,10.899999999999999,-20.0,0.05999999999999961,-2.3999999999998636,7.0,6.38,14.179999999999998,1.576,2.6740000000000004,5.819999999999999,7.8,-23.6,-1.7400000000000317,9.1,79.0,55.4,August,15.76
Adelaide,2.4,15.1,0.0,5.47,7.4,NNW,20.0,6.0,13.0,68.0,51.0,1032.9,1029.0,4.45,4.51,9.2,13.5,0,0,12.7,-17.0,0.05999999999999961,-3.900000000000091,7.0,6.17,14.2,1.436,3.061,5.26,8.03,-21.7,-1.8700000000000045,9.0,77.5,55.8,August,14.36
Adelaide,5.4,17.4,0.0,4.6,9.2,W,40.04,13.0,17.0,44.0,29.0,1024.3,1020.7,4.45,4.51,13.5,16.5,0,0,11.999999999999998,-15.0,0.05999999999999961,-3.599999999999909,4.0,5.83,14.429999999999998,1.436,3.408,5.92,8.6,-21.1,-1.940000000000009,8.4,76.5,55.4,August,14.36
Adelaide,3.6,17.5,0.0,2.2,10.3,WSW,31.0,7.0,17.0,46.0,62.0,1024.0,1024.4,4.45,4.51,12.1,15.5,0,0,13.9,16.0,0.05999999999999961,0.40000000000009095,10.0,5.49,14.85,1.276,3.728,6.29,9.36,-21.1,-1.9799999999999955,7.9,71.9,50.8,August,12.76
Adelaide,5.7,15.5,0.0,2.6,10.2,ESE,28.0,9.0,13.0,49.0,41.0,1031.2,1028.6,4.45,4.51,12.1,14.9,0,0,9.8,-8.0,0.05999999999999961,-2.6000000000001364,4.0,5.09,15.190000000000001,1.0399999999999998,3.401,6.5600000000000005,10.099999999999998,-18.0,-1.9199999999999817,8.4,67.5,49.5,August,10.399999999999999
Adelaide,6.5,18.7,0.0,2.8,9.6,ESE,24.0,13.0,13.0,53.0,44.0,1028.7,1024.1,4.45,4.51,13.2,17.1,0,0,12.2,-9.0,0.05999999999999961,-4.600000000000136,0.0,4.99,15.330000000000002,0.42000000000000004,3.114,6.7299999999999995,10.34,-14.6,-2.0299999999999954,7.5,63.5,48.9,August,4.2
Adelaide,7.7,17.6,0.0,2.8,0.5,N,31.0,11.0,15.0,44.0,34.0,1020.6,1015.8,4.45,4.51,13.7,17.3,0,0,9.900000000000002,-10.0,0.05999999999999961,-4.800000000000068,4.0,5.090000000000001,15.709999999999999,0.42000000000000004,2.934,7.12,10.62,-12.5,-2.3200000000000047,6.2,60.3,47.8,August,4.2
Adelaide,10.4,18.6,2.36,5.47,0.5,N,48.0,20.0,22.0,76.0,61.0,1006.5,1003.8,4.45,4.51,13.7,17.7,0,1,8.200000000000001,-15.0,0.05999999999999961,-2.7000000000000455,2.0,5.3100000000000005,15.9,0.42000000000000004,3.134,6.970000000000001,10.59,-10.2,-2.4100000000000024,5.8,57.2,47.0,August,4.2
Adelaide,9.6,15.2,8.4,5.47,6.2,WSW,50.0,20.0,28.0,75.0,58.0,1013.1,1016.3,4.45,4.51,11.7,13.7,1,0,5.6,-17.0,0.05999999999999961,3.199999999999932,8.0,5.65,16.06,0.6559999999999999,3.501,6.510000000000001,10.41,-10.4,-2.350000000000011,4.9,59.6,49.2,August,6.56
Adelaide,6.9,17.1,0.8,5.8,2.8,NW,44.0,17.0,26.0,76.0,54.0,1022.1,1021.0,4.45,4.51,10.5,16.4,0,0,10.200000000000001,-22.0,0.05999999999999961,-1.1000000000000227,9.0,5.78,16.24,1.356,3.848,6.55,10.459999999999999,-10.6,-2.230000000000018,5.5,60.7,50.1,September,13.56
Adelaide,9.1,16.8,1.0,1.6,9.3,WSW,30.0,7.0,15.0,68.0,39.0,1028.2,1028.2,4.45,4.51,13.8,16.1,0,0,7.700000000000001,-29.0,0.05999999999999961,0.0,8.0,6.140000000000001,16.68,1.2360000000000002,4.267999999999999,6.029999999999999,10.54,-11.7,-2.210000000000025,5.5,61.3,49.6,September,12.360000000000001
Adelaide,9.5,16.8,0.0,3.4,7.5,ESE,37.0,19.0,11.0,52.0,37.0,1033.1,1030.3,4.45,4.51,13.9,15.8,0,0,7.300000000000001,-15.0,0.05999999999999961,-2.7999999999999545,-8.0,6.7299999999999995,16.95,1.256,3.8809999999999993,6.6,10.22,-12.6,-1.9700000000000386,5.6,59.9,47.3,September,12.56
Adelaide,7.5,17.5,0.0,3.0,10.3,ESE,35.0,17.0,9.0,36.0,36.0,1030.3,1025.6,4.45,4.51,14.2,16.2,0,0,10.0,0.0,0.05999999999999961,-4.7000000000000455,-8.0,7.4399999999999995,17.12,1.256,3.6739999999999995,6.609999999999999,9.68,-12.4,-1.860000000000025,4.1,58.3,45.9,September,12.56
Adelaide,5.4,18.8,0.0,3.2,10.8,W,28.0,6.0,13.0,60.0,34.0,1023.2,1020.2,4.45,4.51,12.5,18.2,0,0,13.4,-26.0,0.05999999999999961,-3.0,7.0,7.65,17.130000000000003,1.256,3.5140000000000002,6.720000000000001,9.48,-10.9,-1.9700000000000386,2.9,57.5,46.6,September,12.56
Adelaide,7.4,22.6,0.0,5.47,10.3,N,37.0,13.0,17.0,47.0,24.0,1020.0,1016.4,4.45,4.51,16.6,22.0,0,0,15.200000000000001,-23.0,0.05999999999999961,-3.6000000000000227,4.0,7.83,17.259999999999998,1.256,3.614,6.7700000000000005,9.430000000000001,-15.1,-2.3100000000000476,2.6,58.9,43.8,September,12.56
Adelaide,11.3,17.0,2.36,5.47,2.7,ESE,39.0,7.0,9.0,88.0,75.0,1021.0,1020.2,4.45,4.51,12.9,14.8,0,0,5.699999999999999,-13.0,0.05999999999999961,-0.7999999999999545,2.0,8.0,17.970000000000002,1.256,3.901,6.779999999999999,9.97,-16.6,-2.4100000000000366,2.6,58.7,42.1,September,12.56
Adelaide,8.3,18.0,1.0,7.6,10.8,SE,31.0,6.0,17.0,58.0,48.0,1026.8,1024.8,4.45,4.51,13.8,16.9,0,0,9.7,-10.0,0.05999999999999961,-2.0,11.0,8.48,17.800000000000004,1.492,4.167999999999999,6.090000000000001,9.320000000000002,-17.0,-2.030000000000018,2.8,62.2,45.2,September,14.92
Adelaide,5.8,19.8,0.0,2.8,10.9,WSW,22.0,9.0,13.0,49.0,29.0,1028.1,1023.8,4.45,4.51,14.1,19.0,0,0,14.0,-20.0,0.05999999999999961,-4.2999999999999545,4.0,8.540000000000001,17.84,1.592,4.648,7.12,9.3,-17.0,-1.7500000000000113,3.5,63.6,46.6,September,15.92
Adelaide,10.6,21.9,0.0,3.4,6.4,N,31.0,15.0,19.0,34.0,33.0,1020.0,1015.0,4.45,4.51,16.7,20.0,0,0,11.299999999999999,-1.0,0.05999999999999961,-5.0,4.0,8.08,17.96,1.356,4.381,8.16,9.879999999999999,-17.5,-1.9100000000000024,3.7,60.9,43.4,September,13.56
Adelaide,13.9,24.9,1.0,3.4,8.3,N,41.0,19.0,20.0,39.0,31.0,1009.4,1005.0,4.45,4.51,19.2,24.2,0,0,10.999999999999998,-8.0,0.05999999999999961,-4.399999999999977,1.0,8.180000000000001,18.630000000000003,0.516,4.174,8.180000000000001,10.45,-15.9,-2.7299999999999955,3.3,56.8,40.9,September,5.16
Adelaide,10.6,21.3,0.0,4.4,9.4,WNW,44.0,11.0,20.0,78.0,46.0,1006.6,1005.1,4.45,4.51,14.3,20.5,0,0,10.700000000000001,-32.0,0.05999999999999961,-1.5,9.0,8.879999999999999,19.41,0.536,3.9339999999999997,8.73,10.53,-14.5,-3.0599999999999907,2.5,53.1,38.6,September,5.36
Adelaide,11.8,28.4,0.0,5.47,10.9,NNW,57.0,11.0,31.0,38.0,14.0,1005.5,998.6,4.45,4.51,20.5,27.7,0,0,16.599999999999998,-24.0,0.05999999999999961,-6.899999999999977,20.0,9.030000000000001,19.86,0.43600000000000005,4.214,8.739999999999998,10.83,-14.8,-3.209999999999991,2.6,54.1,39.3,September,4.36
Adelaide,10.8,17.5,2.36,5.47,8.2,WSW,52.0,24.0,26.0,68.0,44.0,1008.3,1005.9,4.45,4.51,13.6,16.6,0,1,6.699999999999999,-24.0,0.05999999999999961,-2.3999999999999773,2.0,9.260000000000002,21.02,0.43600000000000005,4.420999999999999,9.080000000000002,11.76,-15.7,-3.619999999999993,5.4,52.7,37.0,September,4.36
Adelaide,8.3,14.7,2.8,14.4,5.0,W,74.0,26.0,33.0,81.0,43.0,1005.2,1009.6,4.45,4.51,9.8,14.1,1,0,6.399999999999999,-38.0,0.05999999999999961,4.399999999999977,7.0,9.59,21.02,0.672,4.667999999999999,8.870000000000001,11.43,-18.1,-3.3899999999999864,6.4,55.9,37.8,September,6.720000000000001
Adelaide,7.7,15.3,0.4,3.6,6.4,SW,39.0,13.0,13.0,68.0,44.0,1024.6,1024.3,4.45,4.51,10.8,14.0,0,0,7.6000000000000005,-24.0,0.05999999999999961,-0.2999999999999545,0.0,9.88,20.610000000000003,0.952,5.787999999999999,8.290000000000001,10.73,-19.3,-2.649999999999989,6.4,58.0,38.7,September,9.52
Adelaide,6.4,21.0,0.0,2.6,9.9,N,41.0,17.0,17.0,37.0,26.0,1022.8,1017.1,4.45,4.51,15.1,20.6,0,0,14.6,-11.0,0.05999999999999961,-5.699999999999932,0.0,9.91,19.88,0.992,5.601,7.9,9.969999999999999,-19.4,-2.3199999999999816,6.0,60.1,40.7,September,9.92
Adelaide,14.9,24.8,0.0,5.4,6.8,NE,44.0,13.0,20.0,21.0,15.0,1010.5,1007.4,4.45,4.51,17.8,24.6,0,0,9.9,-6.0,0.05999999999999961,-3.1000000000000227,7.0,9.42,20.279999999999998,0.756,5.314,8.620000000000001,10.86,-19.2,-2.8099999999999796,5.8,55.0,35.8,September,7.56
Adelaide,10.5,22.2,0.0,4.4,10.3,WNW,35.0,11.0,13.0,51.0,54.0,1008.1,1009.1,4.45,4.51,18.4,19.2,0,1,11.7,3.0,0.05999999999999961,1.0,2.0,10.080000000000002,20.96,0.6559999999999999,5.093999999999999,8.22,10.879999999999999,-18.8,-2.9199999999999817,5.4,51.3,32.5,September,6.56
Adelaide,10.7,17.3,1.6,5.47,7.0,SW,43.0,22.0,20.0,72.0,47.0,1014.9,1016.3,4.45,4.51,14.7,16.2,1,0,6.600000000000001,-25.0,0.05999999999999961,1.3999999999999773,-2.0,10.55,21.2,0.6559999999999999,5.2540000000000004,8.16,10.65,-16.5,-2.3899999999999864,5.2,51.5,35.0,September,6.56
Adelaide,7.4,22.5,0.0,5.47,9.3,N,35.0,17.0,19.0,55.0,30.0,1016.4,1010.4,4.45,4.51,14.6,22.1,0,0,15.1,-25.0,0.05999999999999961,-6.0,2.0,10.559999999999999,20.740000000000002,0.8160000000000001,5.461,8.219999999999999,10.179999999999998,-18.9,-1.7499999999999887,4.6,55.3,36.4,September,8.16
Adelaide,13.1,15.0,0.0,12.0,2.6,SW,65.0,22.0,20.0,67.0,63.0,1005.2,1011.6,4.45,4.51,14.6,11.3,0,1,1.9000000000000004,-4.0,0.05999999999999961,6.399999999999977,-2.0,9.91,20.5,0.716,5.668,8.32,10.59,-20.6,-1.9099999999999908,4.7,56.9,36.3,September,7.16
Adelaide,9.5,16.8,6.2,2.6,10.5,SW,35.0,20.0,15.0,57.0,51.0,1024.7,1026.1,4.45,4.51,13.9,16.7,1,0,7.300000000000001,-6.0,0.05999999999999961,1.3999999999998636,-5.0,10.16,19.87,0.716,6.428,7.640000000000001,9.709999999999999,-17.8,-1.1199999999999932,3.6,55.8,38.0,September,7.16
Adelaide,6.4,19.4,0.0,3.4,9.4,NNE,28.0,9.0,13.0,58.0,38.0,1032.1,1027.5,4.45,4.51,13.7,19.0,0,0,12.999999999999998,-20.0,0.05999999999999961,-4.599999999999909,4.0,9.93,18.71,1.3359999999999999,6.141,7.6,8.780000000000001,-16.0,-0.2900000000000091,1.1,57.7,41.7,September,13.36
Adelaide,7.5,23.9,0.0,3.0,11.0,NNW,41.0,22.0,22.0,30.0,22.0,1025.2,1019.7,4.45,4.51,18.1,23.2,0,0,16.4,-8.0,0.05999999999999961,-5.5,0.0,9.49,18.9,1.1,5.934,7.720000000000001,9.41,-15.6,-0.5100000000000022,1.3,56.7,41.1,September,11.0
Adelaide,14.0,28.0,0.0,5.6,11.5,NNW,39.0,15.0,17.0,18.0,11.0,1020.1,1016.2,4.45,4.51,21.3,27.3,0,0,14.0,-7.0,0.05999999999999961,-3.8999999999999773,2.0,9.41,19.82,0.82,4.794,8.32,10.41,-12.6,-1.5,0.6,51.6,39.0,September,8.2
Adelaide,14.3,33.7,0.0,5.47,10.0,W,65.0,19.0,31.0,11.0,9.0,1012.2,1005.8,4.45,4.51,25.3,33.2,0,0,19.400000000000002,-2.0,0.05999999999999961,-6.400000000000091,12.0,10.040000000000001,21.09,0.78,4.994000000000001,8.830000000000002,11.05,-10.9,-1.8600000000000023,0.8,46.6,35.7,September,7.8
Adelaide,12.4,19.1,0.0,5.47,6.0,SW,39.0,9.0,17.0,73.0,60.0,1020.3,1019.0,4.45,4.51,13.9,16.9,0,1,6.700000000000001,-13.0,0.05999999999999961,-1.2999999999999545,8.0,10.83,22.360000000000003,0.78,5.281000000000001,8.84,11.530000000000001,-10.0,-1.9300000000000181,2.0,44.0,34.0,September,7.8
Adelaide,9.1,16.7,1.2,16.4,11.4,WSW,31.0,9.0,19.0,47.0,40.0,1024.2,1022.2,4.45,4.51,14.8,15.7,1,0,7.6,-7.0,0.05999999999999961,-2.0,10.0,10.580000000000002,21.79,0.78,5.288,8.760000000000002,11.21,-10.7,-1.7500000000000113,2.1,49.2,38.5,September,7.8
Adelaide,6.2,22.8,0.0,3.6,9.7,NE,39.0,13.0,11.0,41.0,25.0,1021.4,1015.6,4.45,4.51,15.1,22.1,0,0,16.6,-16.0,0.05999999999999961,-5.7999999999999545,-2.0,10.440000000000001,21.240000000000002,0.9,6.4879999999999995,8.870000000000001,10.8,-11.7,-2.0500000000000114,2.9,48.8,37.1,September,9.0
Adelaide,15.0,27.2,0.0,6.8,7.7,NNW,65.0,22.0,24.0,14.0,48.0,1006.9,1007.1,4.45,4.51,21.1,23.7,0,0,12.2,34.0,0.05999999999999961,0.20000000000004547,2.0,9.99,21.79,0.74,6.301,9.139999999999999,11.8,-10.8,-2.7700000000000045,2.9,45.7,34.9,October,7.4
Adelaide,15.0,24.8,0.0,4.0,8.6,W,28.0,7.0,13.0,67.0,38.0,1016.0,1012.1,4.45,4.51,16.8,23.9,0,0,9.8,-29.0,0.05999999999999961,-3.8999999999999773,6.0,10.75,22.259999999999998,0.74,6.434,8.98,11.51,-4.9,-2.15,2.9,41.6,36.7,October,7.4
Adelaide,12.2,20.4,0.4,4.2,0.7,SW,31.0,2.0,19.0,76.0,79.0,1015.0,1013.8,4.45,4.51,16.3,16.2,0,0,8.2,3.0,0.05999999999999961,-1.2000000000000455,17.0,10.940000000000001,23.240000000000002,0.74,5.6339999999999995,9.58,12.3,-7.4,-3.1799999999999953,3.7,41.6,34.2,October,7.4
Adelaide,8.1,17.3,2.36,5.47,11.7,WSW,31.0,9.0,17.0,46.0,42.0,1019.4,1017.7,4.45,4.51,14.0,16.4,0,0,9.200000000000001,-4.0,0.05999999999999961,-1.6999999999999318,8.0,11.21,23.6,0.15999999999999992,5.794,8.6,12.389999999999999,-6.5,-3.439999999999986,5.9,43.5,37.0,October,1.5999999999999992
Adelaide,6.6,22.8,2.36,5.47,11.8,WNW,33.0,7.0,13.0,42.0,24.0,1017.0,1012.7,4.45,4.51,15.7,22.4,0,0,16.200000000000003,-18.0,0.05999999999999961,-4.2999999999999545,6.0,11.379999999999999,23.39,0.3959999999999999,6.0009999999999994,8.83,12.010000000000002,-4.9,-3.149999999999989,6.3,42.3,37.4,October,3.959999999999999
Adelaide,11.2,23.22,2.36,5.47,8.7,W,40.04,22.0,20.0,66.0,34.0,1021.3,1023.2,4.45,4.51,12.1,15.3,0,1,12.02,-32.0,0.05999999999999961,1.900000000000091,-2.0,11.290000000000001,23.28,0.6319999999999999,6.247999999999999,8.91,11.99,-5.9,-3.0299999999999843,6.9,43.5,37.6,October,6.3199999999999985
Adelaide,12.19,16.4,2.8,14.0,3.9,W,40.04,14.04,19.0,68.88,47.0,1017.65,1023.5,4.45,4.51,16.99,15.1,1,0,4.209999999999999,-21.879999999999995,0.05999999999999961,5.850000000000023,4.960000000000001,11.01,22.802,0.868,6.234999999999999,8.629999999999999,11.792,-8.4,-2.449999999999977,6.5,48.3,39.9,October,8.68
Adelaide,7.6,18.1,0.2,2.6,8.5,WSW,30.0,6.0,19.0,91.0,48.0,1025.8,1024.9,4.45,4.51,11.1,16.7,0,1,10.500000000000002,-43.0,0.05999999999999961,-0.8999999999998636,13.0,10.799,21.071999999999996,1.148,7.087999999999999,8.02,10.273,-10.388,-1.224999999999966,5.796,54.088,43.7,October,11.479999999999999
Adelaide,8.5,21.1,1.2,2.6,12.0,W,28.0,4.0,15.0,60.0,41.0,1027.8,1024.6,4.45,4.51,14.3,20.5,1,0,12.600000000000001,-19.0,0.05999999999999961,-3.2000000000000455,11.0,10.318999999999999,20.972,1.1679999999999997,6.801,8.27,10.653,-13.388,-1.1849999999999568,6.296,55.888,42.5,October,11.679999999999998
Adelaide,9.2,26.6,0.0,4.6,12.1,N,28.0,15.0,11.0,36.0,19.0,1026.1,1023.6,4.45,4.51,19.2,25.8,0,0,17.400000000000002,-17.0,0.05999999999999961,-2.4999999999998863,-4.0,10.259,21.412,1.168,5.421,8.33,11.153,-14.588,-1.3049999999999613,6.396,57.188,42.6,October,11.68
Adelaide,10.7,29.1,0.0,5.47,12.0,NNW,35.0,7.0,19.0,46.0,15.0,1023.7,1020.5,4.45,4.51,17.6,27.7,0,0,18.400000000000002,-31.0,0.05999999999999961,-3.2000000000000455,12.0,10.559000000000001,21.791999999999998,1.168,5.521,8.57,11.233,-14.687999999999999,-0.9749999999999546,6.196000000000001,56.688,42.0,October,11.68
Adelaide,13.4,31.9,0.6,5.47,8.8,NNW,54.0,19.0,28.0,12.0,8.0,1015.7,1011.0,4.45,4.51,24.1,30.4,0,0,18.5,-4.0,0.05999999999999961,-4.7000000000000455,9.0,10.129,21.982,1.168,5.388,9.0,11.853000000000002,-21.188,-1.3149999999999635,7.196000000000001,59.888,38.7,October,11.68
Adelaide,13.0,19.0,0.0,19.0,11.1,SSW,39.0,17.0,19.0,54.0,40.0,1020.8,1021.2,4.45,4.51,14.6,18.5,0,0,6.0,-14.0,0.05999999999999961,0.40000000000009095,2.0,9.969,22.692,1.228,5.535,9.02,12.723000000000003,-18.688,-1.3949999999999705,7.496,54.388,35.7,October,12.28
Adelaide,9.0,18.4,0.0,5.0,6.2,SW,37.0,15.0,19.0,44.0,38.0,1027.2,1026.2,4.45,4.51,13.3,17.6,0,0,9.399999999999999,-6.0,0.05999999999999961,-1.0,4.0,10.049,22.552,1.188,7.015000000000001,10.059999999999999,12.503000000000002,-20.387999999999998,-1.2349999999999568,5.996,52.188,31.8,October,11.879999999999999
Adelaide,8.3,19.8,0.0,4.0,10.7,WSW,35.0,9.0,19.0,59.0,49.0,1029.2,1025.9,4.45,4.51,13.8,18.8,0,0,11.5,-10.0,0.05999999999999961,-3.2999999999999545,10.0,10.139,22.662,0.952,6.968000000000001,9.51,12.523,-20.588,-1.1649999999999636,5.596,51.988,31.4,October,9.52
Adelaide,9.5,25.5,0.0,4.4,12.1,SW,26.0,2.0,15.0,61.0,28.0,1025.1,1020.5,4.45,4.51,15.5,24.8,0,0,16.0,-33.0,0.05999999999999961,-4.599999999999909,13.0,10.309,22.362000000000002,0.7159999999999999,6.821000000000001,9.4,12.053,-19.788,-1.0649999999999635,5.996,53.688,33.9,October,7.159999999999998
Adelaide,12.8,31.0,0.0,5.2,12.0,N,30.0,6.0,13.0,33.0,13.0,1020.3,1017.3,4.45,4.51,22.0,30.5,0,0,18.2,-20.0,0.05999999999999961,-3.0,7.0,10.139,22.59,0.47999999999999987,6.714,9.739999999999998,12.451,-19.887999999999998,-1.7149999999999637,7.496,53.188,33.3,October,4.799999999999999
Adelaide,16.0,34.6,0.0,5.47,9.5,WNW,30.0,11.0,19.0,17.0,5.0,1017.6,1016.1,4.45,4.51,25.6,33.8,0,0,18.6,-12.0,0.05999999999999961,-1.5,8.0,10.2,24.05,0.1999999999999999,5.8340000000000005,10.55,13.85,-19.7,-2.599999999999966,7.7,49.6,29.9,October,1.9999999999999991
Adelaide,13.6,22.2,0.0,5.47,12.4,SSE,35.0,15.0,13.0,62.0,46.0,1023.1,1023.3,4.45,4.51,17.5,21.7,0,0,8.6,-16.0,0.05999999999999961,0.1999999999999318,-2.0,11.040000000000001,25.7,0.17999999999999988,6.121,10.65,14.66,-16.6,-2.6599999999999797,7.2,42.2,25.6,October,1.799999999999999
Adelaide,10.4,20.7,0.0,18.8,7.61,SSE,33.0,17.0,17.0,51.0,30.0,1029.3,1027.5,4.45,4.51,14.3,20.2,0,0,10.299999999999999,-21.0,0.05999999999999961,-1.7999999999999545,0.0,11.55,25.810000000000002,0.05999999999999991,6.4079999999999995,10.690000000000001,14.26,-16.3,-2.3199999999999816,5.9,42.4,26.1,October,0.5999999999999991
Adelaide,9.4,20.3,0.0,5.4,12.6,SSE,35.0,7.0,15.0,47.0,31.0,1030.9,1029.9,4.45,4.51,13.9,19.7,0,0,10.9,-16.0,0.05999999999999961,-1.0,8.0,11.670000000000002,25.220000000000002,0.05999999999999991,7.828,10.241,13.55,-16.7,-2.2499999999999885,6.3,43.9,27.2,October,0.5999999999999991
Adelaide,9.5,20.7,0.0,5.6,10.6,SE,31.0,9.0,20.0,47.0,34.0,1032.5,1028.8,4.45,4.51,12.9,18.6,0,0,11.2,-13.0,0.05999999999999961,-3.7000000000000455,11.0,11.540000000000001,24.34,0.05999999999999991,7.821,10.300999999999998,12.8,-15.2,-2.0299999999999843,5.9,44.0,28.8,October,0.5999999999999991
Adelaide,11.2,26.6,0.0,4.4,5.1,ENE,26.0,0.0,6.0,54.0,14.0,1027.2,1023.1,4.45,4.51,15.7,24.5,0,0,15.400000000000002,-40.0,0.05999999999999961,-4.100000000000023,6.0,11.15,23.220000000000002,0.0,7.8340000000000005,10.481,12.069999999999999,-16.1,-1.9299999999999842,6.1,47.5,31.4,October,0.0
Adelaide,15.7,30.9,0.0,4.4,11.7,W,35.0,11.0,17.0,9.0,5.0,1019.8,1015.9,4.45,4.51,24.1,30.3,0,0,15.2,-4.0,0.05999999999999961,-3.8999999999999773,6.0,10.97,23.98,0.0,6.3740000000000006,9.881,13.01,-18.7,-2.3799999999999955,6.5,47.5,28.8,October,0.0
Adelaide,17.6,34.7,0.0,5.47,3.5,NNW,41.0,17.0,17.0,5.0,6.0,1010.8,1006.5,4.45,4.51,26.4,33.7,0,0,17.1,1.0,0.05999999999999961,-4.2999999999999545,0.0,11.64,25.23,0.0,6.314,10.431000000000001,13.59,-18.5,-2.6699999999999933,6.7,44.0,25.5,October,0.0
Adelaide,17.1,23.7,0.0,5.47,6.9,WNW,50.0,15.0,20.0,64.0,44.0,1006.2,1008.1,4.45,4.51,18.1,22.3,0,1,6.599999999999998,-20.0,0.05999999999999961,1.8999999999999773,5.0,12.57,26.72,0.0,6.461,9.711,14.15,-17.4,-2.7699999999999934,5.7,38.6,21.2,October,0.0
Adelaide,13.6,20.1,2.8,20.0,5.5,W,35.0,13.0,13.0,83.0,46.0,1016.7,1017.9,4.45,4.51,14.6,18.5,1,0,6.500000000000002,-37.0,0.05999999999999961,1.1999999999999318,0.0,13.330000000000002,26.54,0.0,6.5680000000000005,9.191,13.209999999999999,-16.1,-2.1200000000000045,4.9,38.9,22.8,October,0.0
Adelaide,9.1,24.1,0.0,3.2,12.8,ESE,43.0,7.0,13.0,53.0,34.0,1024.4,1020.8,4.45,4.51,15.4,22.3,0,0,15.000000000000002,-19.0,0.05999999999999961,-3.6000000000001364,6.0,13.41,25.45,0.2799999999999999,8.047999999999998,8.541,12.040000000000001,-17.8,-1.7000000000000113,4.2,43.9,26.1,October,2.799999999999999
Adelaide,14.5,26.8,0.0,6.6,7.61,ESE,46.0,19.0,17.0,44.0,25.0,1018.5,1014.6,4.45,4.51,19.1,25.9,0,0,12.3,-19.0,0.05999999999999961,-3.8999999999999773,-2.0,12.72,24.4,0.2799999999999999,7.821,8.871,11.680000000000001,-18.5,-1.910000000000025,4.0,47.5,29.0,October,2.799999999999999
Adelaide,18.7,29.8,0.0,5.47,12.2,SW,46.0,15.0,24.0,24.0,28.0,1009.1,1009.3,4.45,4.51,25.1,28.7,0,0,11.100000000000001,4.0,0.05999999999999961,0.1999999999999318,9.0,12.809999999999999,24.860000000000003,0.2799999999999999,7.934,8.392,12.05,-18.8,-2.320000000000016,4.0,45.7,26.9,October,2.799999999999999
Adelaide,14.3,18.1,0.0,7.6,12.1,W,46.0,20.0,17.0,73.0,60.0,1018.1,1020.0,4.45,4.51,15.4,17.5,0,0,3.8000000000000007,-13.0,0.05999999999999961,1.8999999999999773,-3.0,13.639999999999997,25.77,0.2799999999999999,6.601000000000001,8.851,12.13,-16.3,-2.120000000000027,4.9,43.0,26.7,October,2.799999999999999
Adelaide,12.8,26.2,2.36,5.47,7.61,E,39.0,19.0,11.0,56.0,34.0,1022.3,1018.1,4.45,4.51,15.7,23.8,0,1,13.399999999999999,-22.0,0.05999999999999961,-4.199999999999932,-8.0,14.13,25.550000000000004,0.2799999999999999,6.821,8.800999999999998,11.42,-16.0,-1.8300000000000296,3.8,45.6,29.6,November,2.799999999999999
Adelaide,15.4,26.3,1.4,5.47,6.2,SW,44.0,11.0,24.0,82.0,55.0,1014.0,1012.9,4.45,4.51,18.8,23.7,1,0,10.9,-27.0,0.05999999999999961,-1.1000000000000227,13.0,14.459999999999999,26.1,0.5159999999999998,6.808,8.501999999999999,11.64,-16.9,-1.880000000000018,1.9,46.5,29.6,November,5.159999999999998
Adelaide,13.3,21.2,0.0,15.2,10.0,SSE,39.0,15.0,20.0,50.0,39.0,1021.9,1020.1,4.45,4.51,14.8,19.9,0,0,7.899999999999999,-11.0,0.05999999999999961,-1.7999999999999545,5.0,14.88,26.07,0.6559999999999999,6.914999999999999,8.612,11.190000000000001,-15.6,-1.5800000000000183,2.6,49.3,33.7,November,6.559999999999999
Adelaide,11.6,25.9,0.0,5.8,9.0,E,44.0,13.0,9.0,54.0,26.0,1019.5,1012.9,4.45,4.51,15.1,25.0,0,0,14.299999999999999,-28.0,0.05999999999999961,-6.600000000000023,-4.0,14.64,25.1,0.6559999999999999,7.995,8.442,10.46,-16.3,-1.3700000000000159,2.5,53.4,37.1,November,6.559999999999999
Adelaide,14.6,23.9,0.8,4.8,9.7,W,44.0,17.0,20.0,85.0,45.0,1009.7,1010.8,4.45,4.51,17.6,21.0,0,0,9.299999999999999,-40.0,0.05999999999999961,1.099999999999909,3.0,14.040000000000001,24.220000000000002,0.6559999999999999,8.027999999999999,8.992,10.18,-19.2,-1.6000000000000227,2.1,58.3,39.1,November,6.559999999999999
Adelaide,12.2,29.5,0.0,6.0,8.6,NNE,50.0,6.0,7.0,51.0,17.0,1011.6,1007.3,4.45,4.51,18.7,28.8,0,0,17.3,-34.0,0.05999999999999961,-4.300000000000068,1.0,13.790000000000001,24.24,0.7359999999999999,7.9609999999999985,9.272,10.45,-21.2,-1.6800000000000295,1.9,60.4,39.2,November,7.3599999999999985
Adelaide,18.3,22.5,0.2,8.0,1.4,WNW,56.0,17.0,28.0,58.0,51.0,1001.0,1004.7,4.45,4.51,22.4,18.4,0,1,4.199999999999999,-7.0,0.05999999999999961,3.7000000000000455,11.0,13.65,25.18,0.45599999999999985,6.561,9.581999999999999,11.53,-20.9,-2.2300000000000297,2.0,57.2,36.3,November,4.559999999999999
Adelaide,12.5,19.0,1.6,5.47,4.7,WSW,48.0,20.0,24.0,60.0,42.0,1013.1,1015.6,4.45,4.51,14.9,17.7,1,0,6.5,-18.0,0.05999999999999961,2.5,4.0,14.569999999999999,25.02,0.47599999999999987,7.0409999999999995,8.442,10.45,-19.7,-1.5000000000000113,2.5,57.7,38.0,November,4.759999999999999
Adelaide,12.7,22.7,0.2,5.47,9.2,NW,30.0,15.0,17.0,58.0,43.0,1021.5,1020.7,4.45,4.51,17.0,22.3,0,0,10.0,-15.0,0.05999999999999961,-0.7999999999999545,2.0,14.37,24.24,0.6359999999999999,6.928,8.151,9.870000000000001,-19.6,-0.8600000000000136,3.1,59.3,39.7,November,6.359999999999999
Adelaide,11.3,28.6,0.0,13.0,12.9,WSW,24.0,6.0,13.0,57.0,25.0,1023.5,1020.4,4.45,4.51,18.8,27.2,0,0,17.3,-32.0,0.05999999999999961,-3.1000000000000227,7.0,13.77,23.53,0.6559999999999999,6.928,7.850999999999999,9.76,-21.5,-0.9600000000000023,2.4,62.7,41.2,November,6.559999999999999
Adelaide,17.5,34.5,0.0,6.6,11.7,N,39.0,13.0,20.0,25.0,8.0,1017.0,1013.2,4.45,4.51,26.8,33.5,0,0,17.0,-17.0,0.05999999999999961,-3.7999999999999545,7.0,13.469999999999999,24.58,0.6559999999999999,7.468000000000001,7.931,11.11,-23.4,-1.4600000000000022,3.4,61.1,37.7,November,6.559999999999999
Adelaide,24.1,36.6,0.0,11.4,9.9,E,44.0,15.0,17.0,12.0,7.0,1011.2,1006.5,4.45,4.51,31.3,36.2,0,0,12.5,-5.0,0.05999999999999961,-4.7000000000000455,2.0,13.939999999999998,25.41,0.41999999999999993,7.581,8.34,11.469999999999999,-22.9,-1.4200000000000046,4.9,58.0,35.1,November,4.199999999999999
Adelaide,22.5,26.2,0.0,10.2,11.3,W,44.0,11.0,17.0,49.0,56.0,1006.6,1008.6,4.45,4.51,24.8,22.0,0,0,3.6999999999999993,7.0,0.05999999999999961,2.0,6.0,14.809999999999999,26.439999999999998,0.2799999999999999,8.174000000000001,8.709999999999999,11.629999999999999,-20.7,-1.780000000000007,3.8,51.0,30.3,November,2.7999999999999994
Adelaide,14.0,20.7,0.0,5.6,11.1,SW,41.0,15.0,22.0,60.0,42.0,1016.1,1015.7,4.45,4.51,16.4,19.8,0,0,6.699999999999999,-18.0,0.05999999999999961,-0.39999999999997726,7.0,15.729999999999999,26.939999999999998,0.2799999999999999,7.6739999999999995,8.84,11.209999999999999,-18.9,-1.4000000000000115,3.9,50.9,32.0,November,2.7999999999999994
Adelaide,11.4,20.2,0.0,5.47,12.3,SW,43.0,9.0,22.0,49.0,37.0,1020.6,1020.1,4.45,4.51,16.1,20.2,0,0,8.799999999999999,-12.0,0.05999999999999961,-0.5,13.0,15.969999999999999,26.419999999999998,0.2799999999999999,7.654000000000001,9.05,10.45,-17.9,-0.7800000000000068,5.0,51.5,33.6,November,2.7999999999999994
Adelaide,11.8,23.0,0.0,5.47,9.2,ESE,39.0,11.0,15.0,56.0,32.0,1023.3,1019.4,4.45,4.51,15.0,21.3,0,0,11.2,-24.0,0.05999999999999961,-3.8999999999999773,4.0,15.65,26.05,0.1999999999999999,7.721000000000001,9.309999999999999,10.4,-15.1,-0.9399999999999977,6.0,47.9,32.8,November,1.9999999999999991
Adelaide,12.6,27.8,0.0,16.4,10.8,ESE,41.0,9.0,9.0,30.0,15.0,1017.2,1012.5,4.45,4.51,19.1,26.3,0,1,15.200000000000001,-15.0,0.05999999999999961,-4.7000000000000455,0.0,15.610000000000003,25.4,0.1999999999999999,7.668000000000001,9.370000000000001,9.79,-14.1,-0.8999999999999886,6.3,48.4,34.3,November,1.9999999999999991
Adelaide,15.7,22.2,1.4,7.2,0.8,ESE,41.0,11.0,13.0,59.0,40.0,1012.7,1009.5,4.45,4.51,17.2,21.8,1,0,6.5,-19.0,0.05999999999999961,-3.2000000000000455,2.0,15.040000000000001,25.93,0.1799999999999999,8.508,10.309999999999999,10.889999999999999,-14.9,-1.7399999999999978,5.2,45.6,30.7,November,1.7999999999999992
Adelaide,16.8,25.1,0.0,5.2,1.1,W,40.04,2.0,15.0,47.0,49.0,1007.6,1006.1,4.45,4.51,18.8,21.0,0,0,8.3,2.0,0.05999999999999961,-1.5,13.0,15.36,26.25,0.1599999999999999,8.681000000000001,9.92,10.889999999999999,-15.0,-2.3100000000000023,5.0,45.5,30.5,November,1.599999999999999
Adelaide,13.8,20.5,0.6,3.4,8.8,WSW,35.0,15.0,19.0,62.0,41.0,1010.4,1008.4,4.45,4.51,15.6,19.9,0,0,6.699999999999999,-21.0,0.05999999999999961,-2.0,4.0,15.770000000000001,26.49,0.1399999999999999,8.654,9.110000000000001,10.719999999999999,-13.3,-2.380000000000007,6.1,44.4,31.1,November,1.399999999999999
Adelaide,12.7,19.9,0.0,6.2,4.3,SW,54.0,13.0,31.0,50.0,60.0,1005.2,1003.5,4.45,4.51,16.6,16.9,0,1,7.199999999999999,10.0,0.05999999999999961,-1.7000000000000455,18.0,16.02,25.68,0.1999999999999999,7.693999999999998,8.7,9.66,-12.2,-2.2700000000000045,5.8,44.9,32.7,November,1.9999999999999991
Adelaide,8.1,17.1,5.0,5.47,10.7,SW,54.0,20.0,28.0,50.0,46.0,1009.4,1009.3,4.45,4.51,12.5,15.0,1,0,9.000000000000002,-4.0,0.05999999999999961,-0.10000000000002274,8.0,15.540000000000001,24.22,0.1999999999999999,7.653999999999999,7.959999999999999,8.68,-9.5,-2.060000000000014,6.9,47.4,37.9,November,1.9999999999999991
Adelaide,8.7,22.3,0.0,5.47,12.1,WSW,39.0,9.0,20.0,49.0,38.0,1013.1,1007.8,4.45,4.51,14.8,20.9,0,0,13.600000000000001,-11.0,0.05999999999999961,-5.300000000000068,11.0,13.940000000000001,22.270000000000003,0.7,7.060999999999998,8.040000000000001,8.33,-9.4,-1.6000000000000114,7.5,51.2,41.8,November,6.999999999999999
Adelaide,14.1,28.3,0.0,15.4,11.5,ESE,44.0,11.0,13.0,48.0,26.0,1009.8,1006.1,4.45,4.51,18.4,26.7,0,0,14.200000000000001,-22.0,0.05999999999999961,-3.699999999999932,2.0,12.56,21.88,0.7,6.587999999999999,8.12,9.32,-11.2,-2.3300000000000183,8.0,51.2,40.0,November,6.999999999999999
Adelaide,18.3,31.5,0.0,9.8,8.1,ESE,50.0,19.0,17.0,26.0,12.0,1007.8,1005.5,4.45,4.51,21.7,30.1,0,0,13.2,-14.0,0.05999999999999961,-2.2999999999999545,-2.0,12.569999999999999,22.64,0.7,7.5680000000000005,8.16,10.069999999999999,-11.6,-2.6600000000000135,7.5,50.0,38.4,November,6.999999999999999
Adelaide,17.3,27.9,0.0,7.2,12.5,WNW,33.0,7.0,17.0,45.0,31.0,1005.7,1005.0,4.45,4.51,23.7,26.7,0,0,10.599999999999998,-14.0,0.05999999999999961,-0.7000000000000455,10.0,13.26,23.770000000000003,0.7,8.001000000000001,7.74,10.51,-11.8,-2.840000000000009,6.0,47.7,35.9,November,6.999999999999999
Adelaide,16.2,25.2,0.0,7.6,7.7,WSW,37.0,9.0,20.0,63.0,47.0,1005.1,1004.7,4.45,4.51,19.2,22.5,0,1,9.0,-16.0,0.05999999999999961,-0.39999999999997726,11.0,13.809999999999999,24.26,0.7,8.174000000000001,8.07,10.45,-10.8,-2.520000000000016,6.6,46.6,35.8,November,6.999999999999999
Adelaide,14.2,20.3,2.6,3.6,4.9,WSW,41.0,6.0,15.0,70.0,51.0,1005.3,1007.2,4.45,4.51,17.3,18.6,1,0,6.100000000000001,-19.0,0.05999999999999961,1.900000000000091,9.0,14.169999999999998,24.0,0.7,7.294,7.760000000000001,9.830000000000002,-10.9,-2.090000000000009,7.7,49.9,39.0,November,6.999999999999999
Adelaide,11.6,21.0,0.0,5.47,13.3,WSW,41.0,17.0,24.0,57.0,33.0,1014.3,1014.7,4.45,4.51,16.3,20.5,0,0,9.4,-24.0,0.05999999999999961,0.40000000000009095,7.0,14.020000000000001,23.810000000000002,0.82,6.933999999999999,8.17,9.790000000000001,-10.9,-1.5799999999999954,8.4,51.0,40.1,November,8.2
Adelaide,11.4,25.2,0.0,9.6,11.1,SW,41.0,13.0,22.0,60.0,27.0,1013.7,1010.6,4.45,4.51,16.9,24.2,0,0,13.799999999999999,-33.0,0.05999999999999961,-3.1000000000000227,9.0,13.5,23.4,0.82,6.961,9.39,9.9,-13.5,-1.3899999999999864,7.8,52.0,38.5,November,8.2
Adelaide,12.6,21.3,0.0,6.8,9.6,WSW,33.0,20.0,17.0,46.0,44.0,1012.8,1012.1,4.45,4.51,17.1,20.2,0,0,8.700000000000001,-2.0,0.05999999999999961,-0.6999999999999318,-3.0,13.26,23.869999999999997,0.76,7.581,9.620000000000001,10.610000000000001,-14.7,-1.4999999999999887,8.3,51.8,37.1,December,7.6
Adelaide,13.0,23.2,0.0,5.4,11.3,SW,35.0,13.0,17.0,62.0,33.0,1013.1,1010.8,4.45,4.51,17.3,22.7,0,0,10.2,-29.0,0.05999999999999961,-2.300000000000068,4.0,13.25,24.01,0.76,7.641,10.15,10.760000000000002,-15.9,-1.3999999999999773,6.2,51.4,35.5,December,7.6
Adelaide,13.8,23.8,0.0,6.0,11.0,WNW,30.0,11.0,15.0,57.0,39.0,1013.7,1013.7,4.45,4.51,17.5,22.3,0,0,10.0,-18.0,0.05999999999999961,0.0,4.0,13.74,24.619999999999997,0.2599999999999999,7.634,10.209999999999999,10.879999999999999,-18.4,-1.619999999999982,5.8,52.6,34.2,December,2.599999999999999
Adelaide,16.7,25.0,0.0,6.0,0.1,N,48.0,22.0,19.0,31.0,56.0,1010.4,1008.4,4.45,4.51,21.9,22.7,0,0,8.3,25.0,0.05999999999999961,-2.0,-3.0,14.25,24.770000000000003,0.2599999999999999,7.687,10.1,10.52,-19.1,-1.089999999999975,5.1,53.4,34.3,December,2.599999999999999
Adelaide,18.0,23.2,1.0,2.2,3.5,WNW,37.0,22.0,22.0,65.0,52.0,1010.8,1011.0,4.45,4.51,19.1,22.5,0,0,5.199999999999999,-13.0,0.05999999999999961,0.20000000000004547,0.0,14.51,24.44,0.2599999999999999,6.747,8.96,9.930000000000001,-14.4,-0.9199999999999818,4.6,51.7,37.3,December,2.599999999999999
Adelaide,13.2,23.1,0.0,5.47,6.0,SW,33.0,4.0,13.0,75.0,60.0,1011.9,1011.3,4.45,4.51,17.7,19.7,0,0,9.900000000000002,-15.0,0.05999999999999961,-0.6000000000000227,9.0,14.48,23.61,0.35999999999999993,5.987,8.5,9.129999999999999,-14.3,-0.6699999999999818,4.8,55.6,41.3,December,3.599999999999999
Adelaide,12.5,20.8,0.0,5.47,10.2,SW,43.0,13.0,20.0,49.0,40.0,1016.7,1014.9,4.45,4.51,14.7,19.5,0,0,8.3,-9.0,0.05999999999999961,-1.8000000000000682,7.0,14.069999999999999,23.13,0.35999999999999993,5.814,7.85,9.059999999999999,-14.4,-0.6599999999999795,4.7,58.6,44.2,December,3.599999999999999
Adelaide,9.4,29.3,0.0,14.4,11.6,NW,31.0,11.0,9.0,43.0,16.0,1014.9,1009.1,4.45,4.51,17.0,27.1,0,1,19.9,-27.0,0.05999999999999961,-5.7999999999999545,-2.0,13.7,22.69,0.35999999999999993,5.601,8.1,8.989999999999998,-13.7,-0.7999999999999886,4.3,57.2,43.5,December,3.599999999999999
Adelaide,16.7,26.2,1.4,6.6,7.4,ESE,39.0,11.0,22.0,55.0,37.0,1001.9,1003.6,4.45,4.51,22.6,25.1,1,0,9.5,-18.0,0.05999999999999961,1.7000000000000455,11.0,13.219999999999999,23.589999999999996,0.09999999999999991,6.681,8.77,10.370000000000001,-14.5,-1.5699999999999932,3.2,54.5,40.0,December,0.9999999999999991
Adelaide,14.2,28.0,0.0,6.4,12.5,SE,48.0,13.0,13.0,56.0,35.0,1010.8,1008.9,4.45,4.51,19.3,25.6,0,0,13.8,-21.0,0.05999999999999961,-1.8999999999999773,0.0,13.729999999999999,24.11,0.2399999999999999,6.794,8.180000000000001,10.379999999999999,-13.9,-1.4399999999999977,3.6,54.3,40.4,December,2.399999999999999
Adelaide,18.3,29.3,0.0,8.2,5.3,ESE,41.0,11.0,17.0,31.0,22.0,1010.0,1007.4,4.45,4.51,22.8,27.6,0,1,11.0,-9.0,0.05999999999999961,-2.6000000000000227,6.0,14.01,24.39,0.2399999999999999,6.474000000000001,8.32,10.379999999999999,-12.7,-1.3199999999999932,2.7,53.9,41.2,December,2.399999999999999
Adelaide,17.3,20.7,9.8,4.0,7.61,WSW,43.0,14.04,19.0,95.0,97.0,1001.5,994.7,4.45,4.51,18.7,18.3,1,1,3.3999999999999986,2.0,0.05999999999999961,-6.7999999999999545,4.960000000000001,14.579999999999998,25.189999999999998,0.2399999999999999,6.614,7.890000000000001,10.61,-13.4,-1.5100000000000022,3.6,52.4,39.0,December,2.399999999999999
Adelaide,14.7,19.8,23.6,5.47,3.1,SW,41.0,17.0,13.0,78.0,60.0,1006.9,1008.6,4.45,4.51,16.7,18.4,1,0,5.100000000000001,-18.0,0.05999999999999961,1.7000000000000455,-4.0,15.01,24.94,1.22,6.473999999999999,7.520999999999999,9.930000000000001,-10.3,-1.9599999999999909,3.696,55.7,45.4,December,12.2
Adelaide,12.1,20.4,0.6,5.47,7.0,WSW,41.0,15.0,13.0,60.0,63.0,1014.2,1014.7,4.45,4.51,14.9,16.5,0,0,8.299999999999999,3.0,0.05999999999999961,0.5,-2.0,15.1,24.54,3.5799999999999996,6.420999999999999,6.731,9.440000000000001,-10.3,-1.7899999999999863,2.896,57.8,47.5,December,35.8
Adelaide,9.8,24.3,0.0,13.2,12.3,WSW,28.0,11.0,15.0,57.0,38.0,1016.3,1014.4,4.45,4.51,16.0,21.8,0,0,14.5,-19.0,0.05999999999999961,-1.8999999999999773,4.0,14.639999999999997,24.08,3.6399999999999997,6.368,7.420999999999999,9.44,-12.5,-1.5399999999999863,2.996,60.7,48.2,December,36.4
Adelaide,15.5,25.9,0.0,6.4,7.5,SW,26.0,7.0,9.0,65.0,43.0,1015.5,1012.0,4.45,4.51,18.4,25.1,0,0,10.399999999999999,-22.0,0.05999999999999961,-3.5,2.0,13.819999999999999,24.19,3.54,7.467999999999999,8.300999999999998,10.370000000000001,-13.1,-1.7499999999999887,3.396,59.9,46.8,December,35.4
Adelaide,18.0,29.3,0.0,5.6,8.7,WSW,24.0,9.0,9.0,51.0,36.0,1009.7,1005.6,4.45,4.51,22.3,27.9,0,0,11.3,-15.0,0.05999999999999961,-4.100000000000023,0.0,14.05,24.470000000000002,3.54,7.561,8.450999999999999,10.42,-13.8,-2.0399999999999863,2.696,58.9,45.1,December,35.4
Adelaide,16.0,22.6,0.0,6.0,10.7,SW,46.0,20.0,26.0,71.0,49.0,1010.2,1011.1,4.45,4.51,17.3,21.4,0,0,6.600000000000001,-22.0,0.05999999999999961,0.8999999999999773,6.0,14.6,25.32,3.54,7.574,8.300999999999998,10.72,-14.4,-2.269999999999982,1.996,59.1,44.7,December,35.4
Adelaide,11.1,24.1,0.0,7.0,12.2,ESE,39.0,15.0,17.0,46.0,29.0,1018.2,1016.5,4.45,4.51,16.7,23.3,0,0,13.000000000000002,-17.0,0.05999999999999961,-1.7000000000000455,2.0,15.26,24.65,3.54,6.734,8.211,9.39,-13.9,-1.5999999999999885,2.7960000000000003,61.9,48.0,December,35.4
Adelaide,15.7,30.5,0.0,5.47,12.6,ESE,43.0,17.0,11.0,33.0,21.0,1018.9,1015.0,4.45,4.51,21.1,28.3,0,0,14.8,-12.0,0.05999999999999961,-3.8999999999999773,-6.0,14.7,24.44,3.4,6.773999999999999,8.690999999999999,9.74,-13.8,-1.9399999999999977,1.8960000000000001,61.0,47.2,December,34.0
Adelaide,21.1,34.5,0.0,5.47,8.2,N,43.0,15.0,19.0,20.0,9.0,1011.4,1007.5,4.45,4.51,24.9,33.7,0,0,13.399999999999999,-11.0,0.05999999999999961,-3.8999999999999773,4.0,14.85,24.69,3.4,6.681,8.700999999999999,9.84,-12.9,-2.139999999999998,1.296,58.7,45.8,December,34.0
Adelaide,19.1,24.8,0.0,27.2,5.0,NW,39.0,17.0,13.0,64.0,56.0,1009.5,1010.5,4.45,4.51,21.0,23.8,0,0,5.699999999999999,-8.0,0.05999999999999961,1.0,-4.0,15.13,25.21,3.4,6.4079999999999995,8.991,10.080000000000002,-13.1,-2.2699999999999934,1.096,57.6,44.5,December,34.0
Adelaide,16.2,27.0,0.0,4.6,8.3,SW,35.0,11.0,9.0,59.0,35.0,1016.3,1013.2,4.45,4.51,17.4,25.4,0,0,10.8,-24.0,0.05999999999999961,-3.099999999999909,-2.0,15.309999999999999,25.619999999999997,2.42,8.728,8.73,10.309999999999999,-14.1,-1.4899999999999978,0.2,54.5,40.4,December,24.2
Adelaide,14.3,30.1,0.0,6.4,13.8,WNW,28.0,9.0,13.0,42.0,20.0,1012.9,1012.5,4.45,4.51,21.4,29.8,0,0,15.8,-22.0,0.05999999999999961,-0.39999999999997726,4.0,15.459999999999999,26.339999999999996,0.059999999999999644,8.641,9.25,10.88,-14.7,-1.969999999999993,0.4,52.6,37.9,December,0.5999999999999964
Adelaide,15.6,30.8,0.0,5.47,4.6,WSW,28.0,4.0,7.0,52.0,26.0,1013.4,1010.9,4.45,4.51,21.9,30.2,0,0,15.200000000000001,-26.0,0.05999999999999961,-2.5,3.0,15.680000000000001,27.310000000000002,0.0,8.734,9.93,11.63,-17.2,-2.0599999999999907,1.0,50.8,33.6,December,0.0
Adelaide,18.0,33.6,0.0,5.47,13.4,W,22.0,7.0,11.0,40.0,21.0,1009.7,1006.2,4.45,4.51,25.3,32.5,0,1,15.600000000000001,-19.0,0.05999999999999961,-3.5,4.0,16.259999999999998,27.96,0.0,7.961,9.16,11.700000000000001,-17.9,-2.119999999999993,0.9,50.3,32.4,December,0.0
Adelaide,18.5,25.3,2.6,20.8,12.0,W,31.0,11.0,15.0,69.0,45.0,1009.2,1007.9,4.45,4.51,20.7,24.0,1,0,6.800000000000001,-24.0,0.05999999999999961,-1.3000000000000682,4.0,16.509999999999998,28.73,0.0,7.868,9.749999999999998,12.22,-17.6,-2.119999999999993,1.1,47.8,30.2,December,0.0
Adelaide,18.0,24.3,0.0,5.47,3.3,SW,39.0,19.0,17.0,63.0,61.0,1008.7,1007.6,4.45,4.51,19.8,23.1,0,0,6.300000000000001,-2.0,0.05999999999999961,-1.1000000000000227,-2.0,16.56,28.330000000000002,0.2599999999999997,9.388,10.08,11.77,-18.5,-1.8399999999999976,1.5,49.6,31.1,December,2.5999999999999965
Adelaide,15.4,22.8,0.0,12.8,9.3,WSW,37.0,15.0,15.0,46.0,39.0,1013.2,1012.5,4.45,4.51,17.2,21.0,0,0,7.4,-7.0,0.05999999999999961,-0.7000000000000455,0.0,16.759999999999998,28.5,0.2599999999999997,9.334999999999999,9.34,11.74,-16.5,-2.039999999999998,0.7,48.8,32.3,December,2.5999999999999965
Adelaide,16.9,23.1,0.2,5.47,7.0,SW,54.0,22.0,26.0,88.0,52.0,1011.2,1010.5,4.45,4.51,17.4,22.4,0,1,6.200000000000003,-36.0,0.05999999999999961,-0.7000000000000455,4.0,17.19,28.369999999999997,0.2599999999999997,9.915,9.05,11.18,-15.5,-1.9399999999999977,0.5,48.8,33.3,December,2.5999999999999965
Adelaide,15.8,23.3,1.2,11.8,9.0,WSW,30.0,15.0,9.0,61.0,41.0,1010.6,1009.0,4.45,4.51,17.8,22.4,1,0,7.5,-20.0,0.05999999999999961,-1.6000000000000227,-6.0,17.31,27.630000000000003,0.2799999999999997,9.915,8.49,10.32,-17.9,-1.6200000000000045,1.5,54.3,36.4,December,2.7999999999999967
Adelaide,16.9,22.9,0.0,5.47,10.9,SW,50.0,17.0,20.0,58.0,40.0,1011.3,1012.4,4.45,4.51,18.1,22.5,0,0,6.0,-18.0,0.05999999999999961,1.1000000000000227,3.0,16.779999999999998,26.51,0.39999999999999963,10.547999999999998,8.57,9.73,-18.8,-1.390000000000009,0.5,58.4,39.6,January,3.9999999999999964
Adelaide,13.9,24.1,0.0,14.2,12.6,SE,37.0,17.0,13.0,39.0,25.0,1020.9,1018.5,4.45,4.51,16.1,22.7,0,0,10.200000000000001,-14.0,0.05999999999999961,-2.3999999999999773,-4.0,16.56,26.320000000000004,0.39999999999999963,8.375000000000002,9.16,9.760000000000002,-19.8,-1.3800000000000068,1.2,57.8,38.0,January,3.9999999999999964
Adelaide,13.8,29.1,0.0,5.47,12.7,SW,30.0,9.0,13.0,26.0,15.0,1017.6,1014.7,4.45,4.51,21.9,28.2,0,0,15.3,-11.0,0.05999999999999961,-2.8999999999999773,4.0,16.330000000000002,26.03,0.39999999999999963,9.334999999999999,9.59,9.700000000000001,-18.8,-1.3100000000000136,1.0,55.8,37.0,January,3.9999999999999964
Adelaide,15.1,33.3,0.0,5.47,12.0,W,31.0,2.0,13.0,25.0,7.0,1013.8,1012.2,4.45,4.51,24.2,32.2,0,0,18.199999999999996,-18.0,0.05999999999999961,-1.599999999999909,11.0,16.28,25.93,0.39999999999999963,9.241999999999999,9.48,9.65,-17.7,-1.5600000000000136,1.0,54.2,36.5,January,3.9999999999999964
Adelaide,14.6,30.5,0.0,24.6,13.3,SW,26.0,4.0,15.0,28.0,22.0,1015.0,1013.2,4.45,4.51,22.3,29.2,0,0,15.9,-6.0,0.05999999999999961,-1.7999999999999545,11.0,16.23,26.18,0.39999999999999963,9.241999999999999,10.219999999999999,9.95,-16.9,-1.4700000000000046,1.8,51.5,34.6,January,3.9999999999999964
Adelaide,15.2,31.0,0.0,8.2,13.3,WSW,31.0,6.0,18.66,25.0,51.54,1012.0,1015.26,4.45,4.51,23.1,21.68,0,0,15.8,26.54,0.05999999999999961,3.259999999999991,12.66,15.89,25.869999999999997,0.39999999999999963,11.155,10.21,9.98,-15.6,-1.3,2.5,50.3,34.7,January,3.9999999999999964
Adelaide,16.0,25.1,0.2,8.2,9.1,SW,48.0,11.0,22.0,75.0,43.0,1013.3,1013.5,4.45,4.51,18.5,24.3,0,0,9.100000000000001,-32.0,0.05999999999999961,0.20000000000004547,11.0,15.559999999999999,26.439999999999998,0.13999999999999962,9.895,10.34,10.88,-10.546000000000001,-0.8439999999999941,3.3659999999999997,45.9,35.354,January,1.3999999999999964
Adelaide,14.3,23.8,0.0,7.4,12.7,SE,37.0,17.0,22.0,45.0,30.0,1019.9,1019.2,4.45,4.51,17.6,23.2,0,0,9.5,-15.0,0.05999999999999961,-0.6999999999999318,5.0,15.36,26.52,0.15999999999999964,10.168000000000001,10.919999999999998,11.16,-13.546000000000001,-0.7139999999999873,4.6659999999999995,47.1,33.554,January,1.5999999999999963
Adelaide,13.8,26.0,0.0,8.0,9.5,ESE,54.0,6.0,13.0,36.0,27.0,1018.6,1014.8,4.45,4.51,18.7,25.0,0,0,12.2,-9.0,0.05999999999999961,-3.800000000000068,7.0,15.25,26.619999999999997,0.15999999999999964,9.628,11.26,11.370000000000001,-14.346,-0.7139999999999759,5.1659999999999995,47.0,32.654,January,1.5999999999999963
Adelaide,13.3,28.7,0.0,5.47,12.6,SW,35.0,2.0,22.0,46.0,29.0,1012.4,1009.6,4.45,4.51,19.5,27.7,0,0,15.399999999999999,-17.0,0.05999999999999961,-2.7999999999999545,20.0,14.939999999999998,26.909999999999997,0.13999999999999962,9.881,11.51,11.97,-11.646,-1.0239999999999783,5.465999999999999,41.8,30.154000000000003,January,1.3999999999999964
Adelaide,14.4,28.4,0.0,5.47,12.5,SW,41.0,6.0,20.0,52.0,32.0,1012.8,1010.7,4.45,4.51,18.8,27.1,0,0,13.999999999999998,-20.0,0.05999999999999961,-2.099999999999909,14.0,14.690000000000001,27.45,0.019999999999999647,9.248,11.87,12.760000000000002,-11.346,-1.1439999999999713,8.065999999999999,40.3,28.954,January,0.19999999999999646
Adelaide,14.5,35.2,0.0,22.6,12.4,N,28.0,6.0,11.0,44.0,20.0,1016.8,1013.2,4.45,4.51,21.2,33.1,0,0,20.700000000000003,-24.0,0.05999999999999961,-3.599999999999909,5.0,14.440000000000001,28.0,0.019999999999999647,9.248,12.030000000000001,13.559999999999999,-11.546000000000001,-1.4639999999999644,9.166,39.7,28.154000000000003,January,0.19999999999999646
Adelaide,21.1,41.3,0.0,10.2,10.7,NW,54.0,19.0,30.0,11.0,4.0,1010.0,1007.1,4.45,4.51,32.7,40.0,0,0,20.199999999999996,-7.0,0.05999999999999961,-2.8999999999999773,11.0,14.5,29.110000000000003,0.019999999999999647,10.088000000000001,12.01,14.61,-12.546000000000001,-1.5839999999999577,10.065999999999999,40.2,27.654000000000003,January,0.19999999999999646
Adelaide,20.0,32.3,0.0,12.6,12.8,W,35.0,7.0,20.0,57.0,35.0,1011.7,1009.8,4.45,4.51,23.8,30.8,0,0,12.299999999999997,-22.0,0.05999999999999961,-1.900000000000091,13.0,15.229999999999999,30.329999999999995,0.019999999999999647,10.561000000000002,11.81,15.1,-12.146,-1.5839999999999577,10.766,38.7,26.554000000000002,January,0.19999999999999646
Adelaide,15.1,25.2,0.0,10.0,11.3,SW,48.0,11.0,28.0,55.0,41.0,1018.8,1018.3,4.45,4.51,19.0,24.6,0,0,10.1,-14.0,0.05999999999999961,-0.5,17.0,15.719999999999999,30.23,0.019999999999999647,11.274000000000001,11.889999999999999,14.51,-12.546000000000001,-1.613999999999976,10.966,41.9,29.354000000000003,January,0.19999999999999646
Adelaide,14.4,27.6,0.0,7.4,12.6,SSE,35.0,13.0,17.0,52.0,28.0,1022.7,1021.1,4.45,4.51,19.2,26.3,0,0,13.200000000000001,-24.0,0.05999999999999961,-1.6000000000000227,4.0,15.77,29.699999999999996,0.019999999999999647,9.814,11.69,13.929999999999998,-13.346,-1.4839999999999804,11.565999999999999,44.6,31.254,January,0.19999999999999646
Adelaide,13.3,27.2,0.0,5.47,12.9,W,31.0,11.0,20.0,41.0,35.0,1023.8,1020.6,4.45,4.51,16.8,23.7,0,0,13.899999999999999,-6.0,0.05999999999999961,-3.199999999999932,9.0,15.690000000000001,29.360000000000003,0.019999999999999647,9.734,11.620000000000001,13.669999999999998,-18.4,-1.9699999999999818,10.7,47.3,28.9,January,0.19999999999999646
Adelaide,16.5,32.9,0.0,5.47,13.0,SE,33.0,6.0,13.0,22.0,15.0,1018.8,1014.9,4.45,4.51,25.6,32.3,0,0,16.4,-7.0,0.05999999999999961,-3.8999999999999773,7.0,15.420000000000002,29.57,0.0,9.461000000000002,12.0,14.15,-15.8,-2.3099999999999796,10.5,43.9,28.1,January,0.0
Adelaide,19.0,38.5,0.0,24.8,13.1,W,35.0,7.0,19.0,19.0,7.0,1011.7,1008.8,4.45,4.51,28.2,36.7,0,0,19.5,-12.0,0.05999999999999961,-2.900000000000091,12.0,15.64,30.48,0.0,9.268,12.03,14.84,-15.0,-2.629999999999984,10.7,41.6,26.6,January,0.0
Adelaide,19.4,36.9,0.0,11.4,11.9,SW,39.0,6.0,19.0,19.0,51.54,1007.3,1007.6,4.45,4.51,28.5,35.7,0,0,17.5,32.54,0.05999999999999961,0.3000000000000682,13.0,16.160000000000004,31.73,0.0,10.948,12.39,15.569999999999999,-15.3,-2.5399999999999863,11.2,39.9,24.6,January,0.0
Adelaide,17.4,29.0,0.0,9.2,11.8,SW,30.0,6.0,17.0,49.0,25.0,1011.3,1008.2,4.45,4.51,21.7,27.4,0,0,11.600000000000001,-24.0,0.05999999999999961,-3.099999999999909,11.0,16.770000000000003,32.55,0.0,11.541,12.32,15.780000000000001,-10.346,-2.229999999999984,10.5,37.2,26.854000000000003,January,0.0
Adelaide,18.4,27.6,0.0,7.4,11.0,WNW,52.0,19.0,20.0,55.0,55.0,1002.8,1004.7,4.45,4.51,22.4,24.8,0,0,9.200000000000003,0.0,0.05999999999999961,1.900000000000091,1.0,17.07,32.61,0.0,11.914,12.25,15.540000000000001,-10.746,-2.329999999999984,10.2,36.9,26.154000000000003,January,0.0
Adelaide,14.3,27.6,0.0,7.6,11.7,WNW,46.0,17.0,22.0,47.0,32.0,1008.1,1005.5,4.45,4.51,19.2,26.6,0,0,13.3,-15.0,0.05999999999999961,-2.6000000000000227,5.0,17.46,31.85,0.0,10.394,12.110000000000001,14.389999999999997,-8.346,-1.779999999999984,9.8,38.0,29.654000000000003,January,0.0
Adelaide,17.7,24.4,1.0,5.47,12.4,WSW,59.0,19.0,17.0,48.0,41.0,1013.1,1013.6,4.45,4.51,18.8,22.9,0,0,6.699999999999999,-7.0,0.05999999999999961,0.5,-2.0,16.78,30.48,0.0,10.134,12.209999999999999,13.7,-9.146,-1.7499999999999887,9.2,41.6,32.454,January,0.0
Adelaide,13.9,30.4,0.0,5.47,12.9,WSW,28.0,7.0,13.0,53.0,21.0,1018.0,1016.5,4.45,4.51,19.8,29.7,0,0,16.5,-32.0,0.05999999999999961,-1.5,6.0,16.55,29.690000000000005,0.09999999999999964,9.421,12.17,13.14,-7.646000000000001,-1.5099999999999796,7.7,40.7,33.054,January,0.9999999999999964
Adelaide,16.9,36.6,0.0,5.47,13.2,SE,24.0,7.0,7.0,42.0,15.0,1019.9,1015.9,4.45,4.51,22.0,35.1,0,0,19.700000000000003,-27.0,0.05999999999999961,-4.0,0.0,16.43,30.21,0.09999999999999964,8.968,12.330000000000002,13.780000000000001,-9.446000000000002,-1.6099999999999794,6.6,40.5,31.054000000000002,January,0.9999999999999964
Adelaide,21.2,43.2,0.0,32.2,12.0,N,30.0,7.0,15.0,16.0,5.0,1013.4,1009.9,4.45,4.51,32.4,42.0,0,0,22.000000000000004,-11.0,0.05999999999999961,-3.5,8.0,16.68,31.110000000000003,0.09999999999999964,8.775,12.389999999999999,14.430000000000001,-9.746,-1.8499999999999772,6.2,39.5,29.754,January,0.9999999999999964
Adelaide,30.7,45.7,0.0,13.0,12.5,NE,35.0,11.0,22.0,10.0,7.0,1007.5,1005.3,4.45,4.51,38.3,43.9,0,0,15.000000000000004,-3.0,0.05999999999999961,-2.2000000000000455,11.0,17.47,32.71,0.09999999999999964,11.447999999999999,12.3,15.24,-10.246,-1.8799999999999841,6.1,37.0,26.754,January,0.9999999999999964
Adelaide,33.9,43.4,0.0,14.6,12.9,NNW,50.0,19.0,24.0,16.0,11.0,1009.0,1007.5,4.45,4.51,37.3,42.4,0,0,9.5,-5.0,0.05999999999999961,-1.5,5.0,18.889999999999997,33.989999999999995,0.09999999999999964,12.200999999999999,12.25,15.1,-9.846,-1.7099999999999909,6.5,35.8,25.954,January,0.9999999999999964
Adelaide,29.4,43.1,0.0,13.8,13.1,ESE,48.0,11.0,15.0,17.0,12.0,1010.5,1007.2,4.45,4.51,36.3,42.2,0,0,13.700000000000003,-5.0,0.05999999999999961,-3.2999999999999545,4.0,20.38,34.48,0.09999999999999964,11.181000000000001,12.23,14.1,-9.146,-1.5699999999999819,5.8,35.5,26.354000000000003,January,0.9999999999999964
Adelaide,27.5,41.1,0.0,14.4,7.61,SE,69.0,9.0,17.0,38.0,12.0,1012.0,1010.5,4.45,4.51,31.4,40.2,0,0,13.600000000000001,-26.0,0.05999999999999961,-1.5,8.0,21.38,35.1,0.09999999999999964,11.421,12.35,13.720000000000002,-12.9,-1.9299999999999842,4.9,35.3,22.4,January,0.9999999999999964
Adelaide,25.9,40.6,0.0,5.47,10.0,SE,65.0,7.0,17.0,41.0,24.0,1012.8,1010.2,4.45,4.51,29.9,37.4,0,0,14.700000000000003,-17.0,0.05999999999999961,-2.599999999999909,10.0,22.39,36.31,0.09999999999999964,11.941,11.931,13.920000000000002,-13.1,-1.7699999999999931,4.6,34.2,21.1,February,0.9999999999999964
Adelaide,28.3,38.8,0.0,24.0,11.0,SE,56.0,2.0,24.0,32.0,22.0,1011.3,1009.2,4.45,4.51,31.4,36.4,0,0,10.499999999999996,-10.0,0.05999999999999961,-2.099999999999909,22.0,23.14,37.61,0.09999999999999964,11.748000000000001,11.831,14.470000000000002,-14.8,-2.219999999999993,5.5,32.8,18.0,February,0.9999999999999964
Adelaide,21.5,36.3,0.0,11.4,13.0,W,35.0,4.0,17.0,49.0,29.0,1010.8,1007.7,4.45,4.51,25.7,34.5,0,0,14.799999999999997,-20.0,0.05999999999999961,-3.099999999999909,13.0,24.54,38.730000000000004,0.09999999999999964,13.388,11.761000000000001,14.190000000000001,-14.3,-2.1699999999999817,7.2,31.3,17.0,February,0.9999999999999964
Adelaide,19.3,33.0,0.0,8.6,13.1,SW,24.0,2.0,13.0,49.0,34.0,1008.1,1006.0,4.45,4.51,24.5,31.9,0,0,13.7,-15.0,0.05999999999999961,-2.1000000000000227,11.0,24.919999999999998,39.92,0.0,13.981,11.821000000000002,15.000000000000004,-15.6,-2.5299999999999727,8.7,31.4,15.8,February,0.0
Adelaide,19.1,35.6,0.0,8.6,12.8,SW,39.0,2.0,24.0,67.0,27.0,1008.0,1007.6,4.45,4.51,23.9,33.5,0,0,16.5,-40.0,0.05999999999999961,-0.39999999999997726,22.0,25.46,40.18,0.0,14.294,11.841,14.720000000000002,-13.9,-2.589999999999975,9.2,31.0,17.1,February,0.0
Adelaide,21.0,43.9,0.0,8.8,12.1,NW,31.0,2.0,13.0,38.0,15.0,1006.8,1003.5,4.45,4.51,28.8,41.4,0,0,22.9,-23.0,0.05999999999999961,-3.2999999999999545,11.0,25.68,40.08,0.0,14.607000000000003,11.801,14.4,-15.2,-2.229999999999973,11.4,33.5,18.3,February,0.0
Adelaide,25.8,41.5,0.0,5.47,11.6,NNW,70.0,19.0,22.0,12.0,29.0,1000.8,1004.4,4.45,4.51,37.4,33.8,0,0,15.7,17.0,0.05999999999999961,3.6000000000000227,3.0,25.660000000000004,40.15,0.0,12.267,11.811000000000002,14.49,-16.4,-2.209999999999968,11.7,35.7,19.3,February,0.0
Adelaide,18.6,24.8,0.8,5.47,4.3,SSE,35.0,15.0,20.0,65.0,37.0,1013.7,1015.7,4.45,4.51,20.2,23.3,0,0,6.199999999999999,-28.0,0.05999999999999961,2.0,5.0,25.17,39.730000000000004,0.0,11.514,11.721,14.559999999999999,-14.4,-1.6299999999999613,10.9,35.9,21.5,February,0.0
Adelaide,14.7,23.3,0.0,27.6,12.2,SSE,43.0,11.0,24.0,47.0,33.0,1020.0,1018.1,4.45,4.51,17.1,22.8,0,0,8.600000000000001,-14.0,0.05999999999999961,-1.8999999999999773,13.0,23.64,37.87,0.07999999999999965,10.600999999999999,10.861,14.23,-16.7,-1.2799999999999614,10.9,40.8,24.1,February,0.7999999999999965
Adelaide,13.7,21.1,0.0,9.4,6.4,SSE,43.0,13.0,17.0,54.0,33.0,1021.5,1020.3,4.45,4.51,16.0,19.2,0,0,7.400000000000002,-21.0,0.05999999999999961,-1.2000000000000455,4.0,22.169999999999998,35.89,0.07999999999999965,11.981,10.771,13.719999999999999,-17.6,-1.1399999999999637,11.8,43.8,26.2,February,0.7999999999999965
Adelaide,13.2,21.3,0.0,5.0,7.3,SSE,46.0,11.0,20.0,49.0,35.0,1023.7,1021.5,4.45,4.51,14.7,20.0,0,0,8.100000000000001,-14.0,0.05999999999999961,-2.2000000000000455,9.0,20.79,33.89,0.07999999999999965,11.481,10.65,13.1,-17.1,-1.1099999999999681,11.4,45.4,28.3,February,0.7999999999999965
Adelaide,12.5,23.8,0.0,4.8,12.7,SSE,43.0,13.0,19.0,56.0,24.0,1023.1,1020.3,4.45,4.51,15.7,22.8,0,0,11.3,-32.0,0.05999999999999961,-2.800000000000068,6.0,19.52,31.96,0.07999999999999965,11.434000000000001,10.38,12.44,-16.8,-1.0699999999999819,11.3,46.2,29.4,February,0.7999999999999965
Adelaide,15.2,28.8,0.0,7.0,12.7,W,40.04,19.0,22.0,43.0,21.0,1021.9,1019.4,4.45,4.51,18.9,27.2,0,0,13.600000000000001,-22.0,0.05999999999999961,-2.5,3.0,17.94,30.46,0.07999999999999965,9.514,10.55,12.52,-19.0,-1.1399999999999977,9.7,48.6,29.6,February,0.7999999999999965
Adelaide,18.3,31.3,0.0,5.47,12.3,SSE,48.0,11.0,20.0,36.0,31.0,1020.6,1018.0,4.45,4.51,24.2,27.7,0,0,13.0,-5.0,0.05999999999999961,-2.6000000000000227,9.0,17.310000000000002,29.71,0.07999999999999965,9.074000000000002,10.52,12.400000000000002,-19.2,-1.0800000000000067,8.7,48.0,28.8,February,0.7999999999999965
Adelaide,17.2,30.0,0.0,5.47,11.7,W,35.0,7.0,20.0,58.0,36.0,1017.8,1014.8,4.45,4.51,19.7,27.6,0,0,12.8,-22.0,0.05999999999999961,-3.0,13.0,17.21,29.54,0.07999999999999965,8.761,10.44,12.330000000000002,-18.2,-1.1300000000000068,8.5,46.7,28.5,February,0.7999999999999965
Adelaide,18.8,31.7,0.0,24.8,12.5,WSW,37.0,4.0,20.0,47.0,34.0,1016.1,1012.8,4.45,4.51,23.1,29.9,0,0,12.899999999999999,-13.0,0.05999999999999961,-3.300000000000068,16.0,17.020000000000003,28.979999999999997,0.07999999999999965,8.448,10.33,11.96,-16.4,-1.390000000000009,7.6,45.8,29.4,February,0.7999999999999965
Adelaide,20.9,34.2,0.0,9.4,11.8,ESE,39.0,11.0,20.0,30.0,23.0,1012.8,1010.2,4.45,4.51,27.4,32.3,0,0,13.300000000000004,-7.0,0.05999999999999961,-2.599999999999909,9.0,16.8,27.76,0.07999999999999965,10.048,10.37,10.959999999999999,-15.4,-1.3900000000000206,8.1,46.7,31.3,February,0.7999999999999965
Adelaide,22.2,35.4,0.0,9.4,12.5,ESE,31.0,9.0,17.0,25.0,17.0,1010.6,1007.6,4.45,4.51,28.0,34.3,0,0,13.2,-8.0,0.05999999999999961,-3.0,8.0,16.31,27.03,0.07999999999999965,10.441,10.389999999999999,10.720000000000002,-17.8,-2.0100000000000136,8.7,48.5,30.7,February,0.7999999999999965
Adelaide,20.6,33.0,0.0,8.4,7.8,WSW,39.0,9.0,19.0,24.0,54.0,1008.6,1009.3,4.45,4.51,27.5,25.4,0,0,12.399999999999999,30.0,0.05999999999999961,0.6999999999999318,10.0,16.669999999999998,28.090000000000003,0.0,10.834,11.209999999999999,11.420000000000002,-15.8,-2.5100000000000136,9.0,44.5,28.7,February,0.0
Adelaide,16.3,24.9,0.0,7.8,9.0,SW,39.0,11.0,19.0,50.0,49.0,1017.0,1017.0,4.45,4.51,19.9,22.8,0,0,8.599999999999998,-1.0,0.05999999999999961,0.0,8.0,17.26,29.060000000000002,0.0,8.914,10.77,11.8,-11.4,-2.2500000000000226,8.7,42.2,30.8,February,0.0
Adelaide,16.8,26.4,0.0,5.47,12.0,SSE,41.0,13.0,19.0,55.0,37.0,1020.6,1017.6,4.45,4.51,19.1,25.3,0,0,9.599999999999998,-18.0,0.05999999999999961,-3.0,6.0,17.52,29.439999999999998,0.0,8.754,11.030000000000001,11.919999999999998,-9.4,-2.130000000000018,9.1,41.8,32.4,February,0.0
Adelaide,14.5,31.4,0.0,5.47,12.5,WSW,31.0,2.0,17.0,59.0,23.0,1016.3,1012.7,4.45,4.51,19.6,29.3,0,0,16.9,-36.0,0.05999999999999961,-3.599999999999909,15.0,17.880000000000003,29.95,0.0,8.800999999999998,11.5,12.07,-9.8,-2.2100000000000137,8.8,42.4,32.6,February,0.0
Adelaide,17.3,27.6,0.0,18.8,11.3,SW,46.0,2.0,24.0,42.0,45.0,1012.3,1013.6,4.45,4.51,22.0,26.7,0,0,10.3,3.0,0.05999999999999961,1.3000000000000682,22.0,18.080000000000002,30.71,0.0,8.867999999999999,11.48,12.629999999999999,-10.2,-2.289999999999998,9.7,42.7,32.5,February,0.0
Adelaide,13.0,27.4,0.0,7.6,11.3,E,37.0,6.0,13.0,47.0,20.0,1020.2,1017.1,4.45,4.51,16.7,25.1,0,0,14.399999999999999,-27.0,0.05999999999999961,-3.1000000000000227,7.0,18.29,30.589999999999996,0.0,10.048,11.34,12.3,-7.7,-1.9099999999999908,11.6,42.6,34.9,February,0.0
Adelaide,16.4,32.4,0.0,7.2,12.3,ESE,35.0,13.0,9.0,23.0,14.0,1017.1,1015.3,4.45,4.51,22.6,31.7,0,0,16.0,-9.0,0.05999999999999961,-1.8000000000000682,-4.0,17.76,30.2,0.0,10.261,11.24,12.44,-9.9,-1.9599999999999909,11.4,43.7,33.8,February,0.0
Adelaide,22.5,38.7,0.0,9.8,12.1,NE,33.0,15.0,9.0,15.0,8.0,1014.7,1011.0,4.45,4.51,26.4,36.8,0,0,16.200000000000003,-7.0,0.05999999999999961,-3.7000000000000455,-6.0,17.68,30.439999999999998,0.0,10.434000000000001,11.3,12.76,-8.6,-1.8399999999999976,9.7,40.2,31.6,February,0.0
Adelaide,26.3,32.2,0.0,9.6,11.0,SW,41.0,9.0,20.0,10.0,38.0,1011.3,1011.6,4.45,4.51,29.2,29.3,0,0,5.900000000000002,28.0,0.05999999999999961,0.3000000000000682,11.0,18.05,31.139999999999997,0.0,8.934000000000001,11.260000000000002,13.089999999999998,-8.0,-1.8799999999999955,7.5,37.0,29.0,February,0.0
Adelaide,14.4,29.5,0.0,7.6,11.9,SSE,31.0,6.0,15.0,64.0,23.0,1016.0,1013.1,4.45,4.51,18.2,29.0,0,0,15.1,-41.0,0.05999999999999961,-2.8999999999999773,9.0,18.59,30.940000000000005,0.0,8.954,11.180000000000001,12.35,-4.499999999999999,-1.5899999999999976,7.7,35.0,30.5,February,0.0
Adelaide,15.2,24.0,0.0,5.47,5.2,W,28.0,4.0,17.0,62.0,46.0,1015.7,1014.4,4.45,4.51,17.1,21.7,0,0,8.8,-16.0,0.05999999999999961,-1.3000000000000682,13.0,17.810000000000002,30.35,0.0,8.774000000000001,11.120000000000001,12.54,-7.8,-1.5799999999999954,7.8,38.9,31.1,March,0.0
Adelaide,17.1,28.7,0.0,11.8,1.0,NE,46.0,9.0,7.0,51.0,44.0,1011.5,1008.6,4.45,4.51,20.7,26.8,0,1,11.599999999999998,-7.0,0.05999999999999961,-2.8999999999999773,-2.0,17.27,29.45,0.0,8.481,10.860000000000001,12.18,-12.4,-1.7799999999999954,8.1,42.7,30.3,March,0.0
Adelaide,20.7,23.8,1.6,3.4,0.6,WSW,54.0,6.0,24.0,76.0,76.0,1003.0,1009.7,4.45,4.51,23.7,17.9,1,1,3.1000000000000014,0.0,0.05999999999999961,6.7000000000000455,18.0,17.35,29.830000000000002,0.0,8.881,10.059999999999999,12.48,-13.0,-2.069999999999993,7.1,42.8,29.8,March,0.0
Adelaide,14.1,21.1,10.2,3.4,6.4,WSW,59.0,24.0,31.0,55.0,52.0,1020.1,1021.2,4.45,4.51,17.0,19.6,1,0,7.000000000000002,-3.0,0.05999999999999961,1.1000000000000227,7.0,17.740000000000002,29.570000000000004,0.15999999999999964,8.674000000000001,8.919999999999998,11.83,-11.2,-1.0999999999999885,8.3,44.9,33.7,March,1.5999999999999965
Adelaide,13.9,21.3,0.4,4.4,5.8,SW,37.0,11.0,19.0,73.0,65.0,1023.4,1022.0,4.45,4.51,16.7,20.1,0,0,7.4,-8.0,0.05999999999999961,-1.3999999999999773,8.0,17.7,28.54,1.1799999999999995,8.467,8.309999999999999,10.84,-7.9,-0.6299999999999955,7.5,44.5,36.6,March,11.799999999999995
Adelaide,14.6,22.1,0.0,3.6,5.5,WSW,26.0,2.0,6.0,73.0,61.0,1019.7,1016.9,4.45,4.51,17.0,20.1,0,0,7.500000000000002,-12.0,0.05999999999999961,-2.800000000000068,4.0,17.36,27.910000000000004,1.2199999999999995,7.026999999999999,7.76,10.55,-9.0,-0.9,6.1,47.6,38.6,March,12.199999999999996
Adelaide,13.4,24.4,0.0,5.47,8.2,SSE,35.0,4.0,7.0,69.0,44.0,1017.8,1015.8,4.45,4.51,17.5,22.9,0,0,10.999999999999998,-25.0,0.05999999999999961,-2.0,3.0,17.520000000000003,27.380000000000003,1.2199999999999995,6.627,7.18,9.860000000000001,-7.5,-0.8700000000000045,5.8,50.2,42.7,March,12.199999999999996
Adelaide,15.0,26.9,0.0,5.47,11.8,ESE,39.0,6.0,13.0,51.0,31.0,1019.3,1017.1,4.45,4.51,17.7,25.4,0,0,11.899999999999999,-20.0,0.05999999999999961,-2.199999999999932,7.0,17.220000000000002,26.580000000000002,1.2199999999999995,6.453999999999999,6.7700000000000005,9.360000000000001,-9.1,-0.8899999999999977,6.5,54.8,45.7,March,12.199999999999996
Adelaide,15.1,29.6,0.0,5.47,11.9,SSE,30.0,6.0,13.0,42.0,26.0,1018.8,1016.4,4.45,4.51,20.6,28.3,0,0,14.500000000000002,-16.0,0.05999999999999961,-2.3999999999999773,7.0,16.470000000000002,25.4,1.2199999999999995,6.021,6.74,8.93,-10.4,-0.7399999999999863,7.8,58.4,48.0,March,12.199999999999996
Adelaide,15.9,29.4,0.0,16.6,11.3,W,40.04,6.0,15.0,59.0,42.0,1017.6,1015.4,4.45,4.51,19.2,27.2,0,0,13.499999999999998,-17.0,0.05999999999999961,-2.2000000000000455,9.0,15.35,25.14,1.2199999999999995,5.608,6.83,9.790000000000001,-14.8,-1.009999999999991,7.4,61.6,46.8,March,12.199999999999996
Adelaide,17.4,28.0,0.0,5.0,10.6,W,40.04,7.0,17.0,64.0,41.0,1017.0,1014.3,4.45,4.51,19.9,27.1,0,0,10.600000000000001,-23.0,0.05999999999999961,-2.7000000000000455,10.0,15.5,25.130000000000003,1.2199999999999995,6.508,6.7700000000000005,9.629999999999999,-12.4,-0.9399999999999977,7.4,61.1,48.7,March,12.199999999999996
Adelaide,16.9,30.1,0.0,5.4,10.7,WSW,33.0,0.0,13.0,53.0,34.0,1015.9,1013.6,4.45,4.51,21.4,29.3,0,0,13.200000000000003,-19.0,0.05999999999999961,-2.2999999999999545,13.0,15.719999999999999,25.53,1.2199999999999995,6.461,7.31,9.81,-13.1,-1.0799999999999954,7.1,61.3,48.2,March,12.199999999999996
Adelaide,16.9,32.7,0.0,7.0,11.3,W,28.0,0.0,15.0,47.0,20.0,1015.8,1013.4,4.45,4.51,22.4,32.2,0,0,15.800000000000004,-27.0,0.05999999999999961,-2.3999999999999773,15.0,15.7,25.669999999999998,1.2199999999999995,5.821,8.28,9.97,-14.3,-1.0199999999999931,8.6,61.5,47.2,March,12.199999999999996
Adelaide,17.9,22.0,0.4,5.47,9.7,WSW,56.0,15.0,30.0,71.0,49.0,1014.0,1015.1,4.45,4.51,18.9,20.2,0,0,4.100000000000001,-22.0,0.05999999999999961,1.1000000000000227,15.0,15.319999999999999,26.560000000000002,1.0599999999999996,6.180999999999999,9.35,11.24,-17.0,-1.9299999999999955,8.3,58.6,41.6,March,10.599999999999996
Adelaide,15.1,19.8,0.2,5.47,3.3,WSW,39.0,15.0,20.0,67.0,72.0,1018.3,1017.7,4.45,4.51,15.9,17.5,0,1,4.700000000000001,5.0,0.05999999999999961,-0.599999999999909,5.0,15.7,26.65,0.07999999999999965,6.388,9.68,10.950000000000001,-18.9,-1.9299999999999955,9.1,60.2,41.3,March,0.7999999999999965
Adelaide,14.3,20.0,6.0,14.8,3.2,WSW,41.0,4.0,22.0,90.0,54.0,1018.6,1018.4,4.45,4.51,15.2,19.2,1,0,5.699999999999999,-36.0,0.05999999999999961,-0.20000000000004547,18.0,15.819999999999999,26.5,0.05999999999999965,6.495,9.43,10.680000000000001,-17.6,-1.8499999999999885,8.8,59.6,42.0,March,0.5999999999999965
Adelaide,14.5,22.6,0.4,3.0,9.8,SW,30.0,6.0,13.0,60.0,49.0,1021.2,1017.8,4.45,4.51,15.7,21.6,0,0,8.100000000000001,-11.0,0.05999999999999961,-3.400000000000091,7.0,15.789999999999997,26.290000000000003,0.6599999999999996,7.615,9.2,10.5,-20.0,-1.5899999999999863,10.2,61.3,41.3,March,6.599999999999996
Adelaide,12.2,28.4,0.0,4.4,8.7,NW,35.0,13.0,20.0,41.0,23.0,1015.1,1012.2,4.45,4.51,19.8,27.7,0,0,16.2,-18.0,0.05999999999999961,-2.8999999999999773,7.0,15.899999999999997,26.110000000000003,0.6999999999999996,7.368,9.36,10.21,-18.6,-1.7299999999999955,10.6,60.4,41.8,March,6.9999999999999964
Adelaide,16.7,26.1,0.0,4.8,11.4,WSW,30.0,7.0,15.0,36.0,52.0,1013.1,1013.7,4.45,4.51,21.6,24.4,0,0,9.400000000000002,16.0,0.05999999999999961,0.6000000000000227,8.0,15.62,26.26,0.6999999999999996,7.261,9.05,10.640000000000002,-18.4,-1.8,10.6,59.4,41.0,March,6.9999999999999964
Adelaide,12.5,29.8,0.0,4.6,10.9,WSW,24.0,0.0,13.0,69.0,33.0,1015.8,1011.6,4.45,4.51,16.4,27.7,0,0,17.3,-36.0,0.05999999999999961,-4.199999999999932,13.0,15.779999999999998,25.910000000000004,0.6999999999999996,7.194,9.0,10.13,-15.2,-1.5,10.7,58.8,43.6,March,6.9999999999999964
Adelaide,16.4,35.0,0.0,5.47,6.4,NNW,57.0,9.0,17.0,30.0,19.0,1009.4,1007.5,4.45,4.51,26.9,33.7,0,0,18.6,-11.0,0.05999999999999961,-1.8999999999999773,8.0,15.439999999999998,25.95,0.6999999999999996,5.994,8.959999999999999,10.510000000000002,-17.1,-1.6999999999999886,11.1,59.8,42.7,March,6.9999999999999964
Adelaide,15.0,22.1,0.0,5.47,11.2,WSW,41.0,13.0,22.0,60.0,34.0,1017.0,1015.6,4.45,4.51,17.0,21.1,0,0,7.100000000000001,-26.0,0.05999999999999961,-1.3999999999999773,9.0,15.34,26.65,0.6999999999999996,6.0409999999999995,8.540000000000001,11.31,-15.9,-1.619999999999982,10.9,56.4,40.5,March,6.9999999999999964
Adelaide,11.6,24.1,0.0,17.8,11.1,W,28.0,0.0,19.0,60.0,39.0,1017.8,1014.2,4.45,4.51,14.8,22.6,0,0,12.500000000000002,-21.0,0.05999999999999961,-3.599999999999909,19.0,15.15,25.85,0.6999999999999996,6.048,8.59,10.700000000000001,-16.6,-1.529999999999984,10.5,57.1,40.5,March,6.9999999999999964
Adelaide,14.8,22.8,0.6,3.4,0.2,E,30.0,7.0,7.0,81.0,49.0,1015.9,1014.5,4.45,4.51,16.7,21.8,0,1,8.0,-32.0,0.05999999999999961,-1.3999999999999773,0.0,14.62,24.990000000000002,0.6999999999999996,7.128,8.569999999999999,10.370000000000001,-16.0,-1.6499999999999773,10.9,58.4,42.4,March,6.9999999999999964
Adelaide,16.3,25.6,1.6,1.0,11.2,WSW,26.0,6.0,15.0,67.0,56.0,1015.8,1016.2,4.45,4.51,19.2,24.1,1,0,9.3,-11.0,0.05999999999999961,0.40000000000009095,9.0,14.309999999999999,25.07,0.7199999999999995,6.921000000000001,7.62,10.760000000000002,-17.0,-1.8999999999999773,9.4,59.4,42.4,March,7.199999999999996
Adelaide,16.2,24.6,0.0,4.0,10.5,WSW,43.0,11.0,26.0,70.0,48.0,1023.4,1023.3,4.45,4.51,19.0,23.8,0,0,8.400000000000002,-22.0,0.05999999999999961,-0.10000000000002274,15.0,14.430000000000001,25.65,0.8599999999999997,6.474000000000001,8.41,11.22,-18.6,-1.7999999999999772,9.8,59.4,40.8,March,8.599999999999996
Adelaide,10.8,23.6,0.0,6.0,11.2,SW,24.0,7.0,13.0,62.0,43.0,1027.7,1025.1,4.45,4.51,14.7,23.0,0,0,12.8,-19.0,0.05999999999999961,-2.6000000000001364,6.0,14.620000000000001,26.110000000000003,0.2599999999999997,5.394,9.14,11.49,-17.2,-1.789999999999975,9.5,57.4,40.2,March,2.5999999999999965
Adelaide,10.2,29.3,0.0,5.47,11.4,WSW,22.0,2.0,13.0,59.0,16.0,1023.4,1020.3,4.45,4.51,15.0,27.5,0,0,19.1,-43.0,0.05999999999999961,-3.1000000000000227,11.0,14.25,26.21,0.21999999999999967,5.694,9.279999999999998,11.96,-18.0,-1.7099999999999795,9.4,57.6,39.6,March,2.1999999999999966
Adelaide,11.4,31.6,0.0,5.47,11.3,SE,41.0,0.0,17.0,49.0,15.0,1021.2,1019.1,4.45,4.51,15.4,29.6,0,0,20.200000000000003,-34.0,0.05999999999999961,-2.1000000000000227,17.0,14.05,26.3,0.21999999999999967,5.801,9.55,12.25,-20.5,-1.729999999999984,9.8,59.4,38.9,March,2.1999999999999966
Adelaide,15.4,32.0,0.0,16.0,11.1,SE,37.0,6.0,15.0,50.0,18.0,1021.8,1019.4,4.45,4.51,20.4,31.0,0,0,16.6,-32.0,0.05999999999999961,-2.3999999999999773,9.0,13.520000000000001,26.85,0.21999999999999967,5.867999999999999,9.54,13.330000000000002,-25.5,-1.9999999999999887,10.7,60.7,35.2,March,2.1999999999999966
Adelaide,20.4,33.1,0.0,7.0,11.1,ESE,41.0,13.0,17.0,24.0,16.0,1019.4,1016.7,4.45,4.51,25.2,32.4,0,0,12.700000000000003,-8.0,0.05999999999999961,-2.699999999999932,4.0,13.810000000000002,27.07,0.21999999999999967,7.008,9.56,13.260000000000002,-25.1,-1.8199999999999932,10.3,58.8,33.7,March,2.1999999999999966
Adelaide,19.3,34.1,0.0,7.0,11.0,N,31.0,11.0,15.0,37.0,18.0,1017.8,1015.6,4.45,4.51,25.3,33.0,0,0,14.8,-19.0,0.05999999999999961,-2.199999999999932,4.0,14.209999999999999,26.880000000000003,0.21999999999999967,7.161,10.03,12.670000000000002,-24.8,-1.8999999999999886,9.9,58.2,33.4,April,2.1999999999999966
Adelaide,21.0,33.9,0.0,7.0,9.4,NNW,35.0,6.0,19.0,48.0,21.0,1017.6,1015.7,4.45,4.51,23.3,33.4,0,0,12.899999999999999,-27.0,0.05999999999999961,-1.8999999999999773,13.0,14.64,28.080000000000002,0.21999999999999967,7.314,10.01,13.440000000000001,-24.1,-1.979999999999984,9.4,55.9,31.8,April,2.1999999999999966
Adelaide,16.4,21.7,0.0,6.2,8.3,SW,46.0,7.0,26.0,62.0,58.0,1022.0,1021.2,4.45,4.51,16.5,19.8,0,0,5.300000000000001,-4.0,0.05999999999999961,-0.7999999999999545,19.0,15.580000000000002,29.060000000000002,0.21999999999999967,6.234,9.84,13.48,-24.7,-1.809999999999991,8.8,54.7,30.0,April,2.1999999999999966
Adelaide,11.8,20.3,0.0,5.47,7.3,SW,35.0,9.0,17.0,59.0,46.0,1026.9,1025.1,4.45,4.51,15.5,18.8,0,1,8.5,-13.0,0.05999999999999961,-1.800000000000182,8.0,15.74,28.95,0.15999999999999964,6.514,10.65,13.210000000000003,-21.9,-1.7499999999999887,10.7,52.8,30.9,April,1.5999999999999965
Adelaide,14.8,21.0,4.6,5.47,7.5,SW,37.0,9.0,20.0,80.0,62.0,1024.6,1022.8,4.45,4.51,16.6,19.2,1,0,6.199999999999999,-18.0,0.05999999999999961,-1.7999999999999545,11.0,15.290000000000001,28.420000000000005,0.0,6.961,10.26,13.13,-22.1,-1.970000000000016,10.6,52.0,29.9,April,0.0
Adelaide,13.8,17.8,0.0,12.0,1.1,SSE,33.0,11.0,11.0,47.0,47.0,1029.5,1027.9,4.45,4.51,15.9,16.8,0,0,4.0,0.0,0.05999999999999961,-1.599999999999909,0.0,15.15,28.060000000000002,0.45999999999999963,7.108,9.959999999999999,12.91,-21.7,-2.140000000000009,10.2,53.0,31.3,April,4.599999999999996
Adelaide,12.5,21.2,0.0,3.0,9.4,SE,35.0,13.0,15.0,57.0,40.0,1031.9,1028.3,4.45,4.51,15.4,20.6,0,0,8.7,-17.0,0.05999999999999961,-3.6000000000001364,2.0,15.45,27.48,0.45999999999999963,7.708,8.950000000000001,12.030000000000001,-19.8,-2.0399999999999863,9.6,51.5,31.7,April,4.599999999999996
Adelaide,11.6,22.6,0.0,3.4,10.9,SSE,30.0,6.0,15.0,63.0,49.0,1029.1,1025.1,4.45,4.51,16.0,20.7,0,0,11.000000000000002,-14.0,0.05999999999999961,-4.0,9.0,15.680000000000001,26.670000000000005,0.45999999999999963,7.461,8.75,10.99,-17.2,-2.0899999999999976,8.7,51.3,34.1,April,4.599999999999996
Adelaide,10.2,22.3,0.0,5.8,10.7,SW,26.0,4.0,15.0,64.0,44.0,1023.0,1019.2,4.45,4.51,16.4,21.6,0,0,12.100000000000001,-20.0,0.05999999999999961,-3.7999999999999545,11.0,15.7,25.77,0.45999999999999963,7.2540000000000004,8.71,10.07,-15.2,-2.2799999999999954,7.9,52.7,37.5,April,4.599999999999996
Adelaide,9.4,22.0,0.0,5.47,10.7,SW,28.0,0.0,15.0,69.0,49.0,1021.6,1019.7,4.45,4.51,16.6,21.9,0,0,12.6,-20.0,0.05999999999999961,-1.8999999999999773,15.0,15.180000000000001,24.8,0.45999999999999963,6.234,8.67,9.620000000000001,-14.0,-2.4199999999999933,8.1,54.1,40.1,April,4.599999999999996
Adelaide,9.8,25.3,0.0,5.47,10.8,SW,22.0,0.0,13.0,56.0,29.0,1023.3,1020.7,4.45,4.51,17.8,24.6,0,0,15.5,-27.0,0.05999999999999961,-2.599999999999909,13.0,14.080000000000002,23.69,0.45999999999999963,6.081,8.629999999999999,9.61,-15.2,-2.3399999999999976,9.2,58.6,43.4,April,4.599999999999996
Adelaide,10.5,28.7,0.0,5.47,10.9,NW,24.0,4.0,9.0,41.0,14.0,1022.1,1019.3,4.45,4.51,20.1,28.2,0,0,18.2,-27.0,0.05999999999999961,-2.800000000000068,5.0,13.13,22.810000000000002,0.45999999999999963,5.928,8.610000000000001,9.680000000000001,-16.0,-2.3799999999999955,10.1,60.5,44.5,April,4.599999999999996
Adelaide,11.3,28.5,0.0,5.47,10.5,NNW,26.0,7.0,13.0,25.0,16.0,1019.8,1016.2,4.45,4.51,21.0,26.9,0,0,17.2,-9.0,0.05999999999999961,-3.599999999999909,6.0,12.08,22.29,0.45999999999999963,5.775,8.76,10.209999999999999,-16.0,-2.4700000000000046,9.3,59.8,43.8,April,4.599999999999996
Adelaide,14.1,24.9,0.0,17.2,9.9,SW,26.0,7.0,9.0,73.0,40.0,1016.3,1012.4,4.45,4.51,17.5,24.0,0,0,10.799999999999999,-33.0,0.05999999999999961,-3.8999999999999773,2.0,11.57,22.970000000000002,0.45999999999999963,5.702,8.98,11.4,-16.5,-2.75,8.0,56.1,39.6,April,4.599999999999996
Adelaide,14.7,18.9,0.0,3.4,8.0,SW,56.0,22.0,17.0,50.0,40.0,1015.7,1015.0,4.45,4.51,16.1,18.2,0,0,4.199999999999999,-10.0,0.05999999999999961,-0.7000000000000455,-5.0,11.8,23.43,0.45999999999999963,6.875,9.24,11.629999999999999,-18.5,-2.9599999999999795,7.4,57.5,39.0,April,4.599999999999996
Adelaide,11.5,20.8,0.0,3.8,3.1,W,37.0,9.0,20.0,62.0,58.0,1015.2,1013.8,4.45,4.51,15.0,19.5,0,0,9.3,-4.0,0.05999999999999961,-1.400000000000091,11.0,11.79,23.22,0.0,6.668000000000001,9.290000000000001,11.43,-17.7,-2.8499999999999885,5.8,54.5,36.8,April,0.0
Adelaide,15.0,21.7,0.4,2.0,3.0,SW,24.0,13.0,7.0,70.0,48.0,1019.4,1019.3,4.45,4.51,18.4,21.0,0,0,6.699999999999999,-22.0,0.05999999999999961,-0.10000000000002274,-6.0,11.559999999999999,23.52,0.0,5.848000000000001,9.489999999999998,11.959999999999999,-18.1,-2.8300000000000067,6.9,56.0,37.9,April,0.0
Adelaide,11.8,22.3,0.0,5.47,8.9,WSW,33.0,2.0,20.0,60.0,56.0,1025.0,1023.0,4.45,4.51,18.1,20.9,0,0,10.5,-4.0,0.05999999999999961,-2.0,18.0,11.809999999999999,23.57,0.03999999999999965,5.748,8.85,11.760000000000002,-18.6,-2.4799999999999955,6.1,57.3,38.7,April,0.39999999999999647
Adelaide,12.1,22.9,0.0,5.47,10.7,SE,28.0,4.0,15.0,58.0,42.0,1025.0,1020.4,4.45,4.51,18.5,22.4,0,0,10.799999999999999,-16.0,0.05999999999999961,-4.600000000000023,11.0,11.830000000000002,23.54,0.03999999999999965,5.955,8.65,11.709999999999999,-17.6,-2.2799999999999954,7.0,57.0,39.4,April,0.39999999999999647
Adelaide,11.4,26.1,0.0,9.0,8.8,SW,22.0,2.0,13.0,62.0,41.0,1020.7,1017.0,4.45,4.51,18.1,24.7,0,0,14.700000000000001,-21.0,0.05999999999999961,-3.7000000000000455,11.0,12.02,23.6,0.03999999999999965,5.922,8.65,11.58,-17.2,-2.360000000000002,7.0,56.4,39.2,April,0.39999999999999647
Adelaide,14.8,27.4,0.0,3.0,2.6,NNE,28.0,15.0,13.0,33.0,23.0,1020.3,1017.7,4.45,4.51,21.5,25.4,0,0,12.599999999999998,-10.0,0.05999999999999961,-2.599999999999909,-2.0,12.22,24.009999999999998,0.03999999999999965,6.275,8.46,11.79,-17.3,-2.540000000000009,6.6,55.7,38.4,April,0.39999999999999647
Adelaide,14.5,28.5,0.0,3.8,10.4,NE,35.0,13.0,15.0,31.0,22.0,1019.7,1015.8,4.45,4.51,21.7,26.6,0,0,14.0,-9.0,0.05999999999999961,-3.900000000000091,2.0,12.72,24.220000000000002,0.03999999999999965,6.0280000000000005,7.639999999999999,11.5,-15.6,-2.540000000000009,5.1,53.4,37.8,April,0.39999999999999647
Adelaide,21.3,22.2,0.0,6.2,0.0,N,48.0,17.0,22.0,32.0,69.0,1010.6,1004.9,4.45,4.51,22.2,18.0,0,1,0.8999999999999986,37.0,0.05999999999999961,-5.7000000000000455,5.0,13.12,24.2,0.03999999999999965,5.861,7.590000000000001,11.08,-13.8,-2.6500000000000115,4.8,52.4,38.6,April,0.39999999999999647
Adelaide,13.1,17.8,28.8,0.6,2.4,W,54.0,7.0,17.0,94.0,71.0,1002.3,1004.0,4.45,4.51,14.4,16.9,1,1,4.700000000000001,-23.0,0.05999999999999961,1.7000000000000455,10.0,14.12,23.57,0.03999999999999965,5.934,6.540000000000001,9.45,-9.2,-2.860000000000025,4.7,53.1,43.9,April,0.39999999999999647
Adelaide,14.4,18.4,8.4,5.47,1.8,W,78.0,13.0,30.0,94.0,73.0,1003.6,1000.8,4.45,4.51,15.3,14.7,1,1,3.9999999999999982,-21.0,0.05999999999999961,-2.800000000000068,17.0,14.02,22.86,2.9199999999999995,4.274,5.79,8.84,-8.2,-2.300000000000023,5.5,55.2,47.0,April,29.199999999999996
Adelaide,9.9,16.7,18.6,5.47,7.0,W,57.0,26.0,24.0,43.0,60.0,1010.3,1011.6,4.45,4.51,13.7,14.5,1,1,6.799999999999999,17.0,0.05999999999999961,1.3000000000000682,-2.0,13.99,22.810000000000002,3.7599999999999993,4.481,5.17,8.819999999999999,-9.3,-2.510000000000025,7.7,59.6,50.3,April,37.599999999999994
Adelaide,11.1,19.6,10.8,6.6,7.1,WSW,50.0,19.0,26.0,75.0,70.0,1013.2,1013.7,4.45,4.51,16.7,17.8,1,1,8.500000000000002,-5.0,0.05999999999999961,0.5,7.0,13.830000000000002,22.4,5.619999999999999,4.648,5.56,8.569999999999999,-7.2,-2.240000000000009,6.4,57.7,50.5,April,56.199999999999996
Adelaide,8.7,17.8,2.0,2.2,6.1,NNW,20.0,7.0,11.0,72.0,50.0,1023.0,1021.4,4.45,4.51,13.6,16.7,1,0,9.100000000000001,-22.0,0.05999999999999961,-1.6000000000000227,4.0,13.440000000000001,22.19,6.659999999999999,5.108,5.97,8.75,-5.5,-2.180000000000007,7.7,58.2,52.7,April,66.6
Adelaide,9.6,20.2,0.0,1.6,10.3,WSW,22.0,9.0,13.0,58.0,50.0,1022.4,1020.4,4.45,4.51,15.3,19.1,0,0,10.6,-8.0,0.05999999999999961,-2.0,4.0,13.129999999999999,21.740000000000002,6.859999999999999,4.781,5.6899999999999995,8.61,-7.3,-2.140000000000009,6.3,59.4,52.1,April,68.6
Adelaide,8.6,19.9,0.0,2.2,7.6,WNW,28.0,9.0,15.0,69.0,56.0,1022.4,1020.3,4.45,4.51,15.0,18.7,0,0,11.299999999999999,-13.0,0.05999999999999961,-2.1000000000000227,6.0,12.88,21.47,6.859999999999999,4.394,5.65,8.59,-6.5,-1.8800000000000068,5.6,59.4,52.9,April,68.6
Adelaide,9.8,17.4,0.0,1.4,0.7,SSE,24.0,9.0,2.0,82.0,91.0,1024.0,1022.5,4.45,4.51,14.2,15.2,0,1,7.599999999999998,9.0,0.05999999999999961,-1.5,-7.0,12.6,20.85,6.859999999999999,3.714,5.529999999999999,8.25,-5.7,-1.7200000000000046,5.1,60.1,54.4,May,68.6
Adelaide,7.9,18.7,8.6,5.47,9.6,SE,20.0,4.0,6.0,83.0,42.0,1028.6,1026.4,4.45,4.51,13.2,18.1,1,0,10.799999999999999,-41.0,0.05999999999999961,-2.199999999999818,2.0,12.1,19.85,6.859999999999999,3.554,5.34,7.75,-3.8,-1.6100000000000136,4.6,65.0,61.2,May,68.6
Adelaide,6.4,18.7,0.0,5.47,10.1,WSW,22.0,4.0,13.0,69.0,52.0,1030.3,1028.3,4.45,4.51,12.9,17.8,0,0,12.299999999999999,-17.0,0.05999999999999961,-2.0,9.0,11.44,18.869999999999997,7.720000000000001,3.721,5.26,7.43,-7.0,-1.4399999999999864,4.6,70.2,63.2,May,77.2
Adelaide,8.2,18.1,0.0,5.0,3.4,ESE,20.0,2.0,11.0,78.0,54.0,1032.3,1030.4,4.45,4.51,13.3,17.6,0,0,9.900000000000002,-24.0,0.05999999999999961,-1.8999999999998636,9.0,9.95,18.52,7.720000000000001,3.6479999999999997,6.27,8.569999999999999,-12.4,-1.0699999999999819,5.0,73.9,61.5,May,77.2
Adelaide,8.1,18.9,0.0,0.4,6.2,WSW,22.0,0.0,9.0,79.0,51.0,1032.1,1029.2,4.45,4.51,12.5,17.8,0,0,10.799999999999999,-28.0,0.05999999999999961,-2.8999999999998636,9.0,9.46,18.55,4.84,4.087999999999999,6.369999999999999,9.09,-12.5,-1.4299999999999726,4.9,72.3,59.8,May,48.4
Adelaide,10.7,18.1,0.0,1.4,2.0,SSW,28.0,2.0,13.0,69.0,58.0,1030.5,1027.9,4.45,4.51,14.8,16.8,0,0,7.400000000000002,-11.0,0.05999999999999961,-2.599999999999909,11.0,8.83,18.6,3.999999999999999,3.5809999999999995,6.81,9.77,-13.2,-1.4399999999999522,4.1,70.8,57.6,May,39.99999999999999
Adelaide,12.7,18.3,0.0,1.4,4.4,SSE,24.0,7.0,13.0,72.0,60.0,1030.8,1029.2,4.45,4.51,15.0,17.2,0,0,5.600000000000001,-12.0,0.05999999999999961,-1.599999999999909,6.0,8.91,18.740000000000002,2.1399999999999992,3.174,6.3100000000000005,9.830000000000002,-16.0,-1.8299999999999499,5.4,73.4,57.4,May,21.39999999999999
Adelaide,10.5,17.7,0.0,1.2,5.9,ESE,26.0,9.0,9.0,71.0,57.0,1032.7,1029.8,4.45,4.51,14.7,17.2,0,0,7.199999999999999,-14.0,0.05999999999999961,-2.900000000000091,0.0,9.07,18.61,1.0599999999999992,2.6540000000000004,6.04,9.54,-16.7,-2.039999999999941,5.3,73.1,56.4,May,10.599999999999993
Adelaide,13.1,17.1,0.0,5.47,0.3,S,28.0,7.0,11.0,73.0,58.0,1029.8,1026.2,4.45,4.51,14.3,17.0,0,0,4.000000000000002,-15.0,0.05999999999999961,-3.599999999999909,4.0,9.25,18.6,0.8599999999999992,2.554,6.0200000000000005,9.35,-15.9,-2.1699999999999475,4.9,73.0,57.1,May,8.599999999999993
Adelaide,12.5,16.8,0.0,5.47,5.2,ENE,22.0,9.0,9.0,72.0,60.0,1026.4,1023.6,4.45,4.51,13.8,16.2,0,0,4.300000000000001,-12.0,0.05999999999999961,-2.800000000000068,0.0,9.6,18.29,0.8599999999999992,2.941,5.0200000000000005,8.690000000000001,-16.6,-2.329999999999939,4.9,74.5,57.9,May,8.599999999999993
Adelaide,7.2,19.8,0.0,5.4,9.8,SSE,24.0,0.0,11.0,68.0,45.0,1025.1,1022.8,4.45,4.51,13.8,19.1,0,0,12.600000000000001,-23.0,0.05999999999999961,-2.2999999999999545,11.0,9.99,17.98,0.8599999999999992,3.268,4.779999999999999,7.989999999999999,-16.5,-2.399999999999943,4.3,74.8,58.3,May,8.599999999999993
Adelaide,8.2,18.8,0.0,2.2,9.1,WSW,28.0,4.0,17.0,70.0,57.0,1024.7,1021.8,4.45,4.51,13.9,17.9,0,1,10.600000000000001,-13.0,0.05999999999999961,-2.900000000000091,13.0,9.73,18.22,0.8599999999999992,3.668,5.6899999999999995,8.49,-19.7,-2.4799999999999387,6.1,73.4,53.7,May,8.599999999999993
Adelaide,9.8,16.2,2.0,1.4,0.7,SSW,26.0,7.0,15.0,89.0,68.0,1021.7,1018.8,4.45,4.51,12.6,15.9,1,1,6.399999999999999,-21.0,0.05999999999999961,-2.900000000000091,8.0,9.76,18.23,0.0,3.3409999999999997,5.64,8.47,-16.9,-2.549999999999966,7.2,72.1,55.2,May,0.0
Adelaide,11.7,18.5,4.8,1.0,4.6,W,41.0,20.0,19.0,89.0,71.0,1019.0,1017.0,4.45,4.51,14.3,16.2,1,0,6.800000000000001,-18.0,0.05999999999999961,-2.0,-1.0,10.1,17.98,0.1999999999999993,2.934,4.7,7.880000000000001,-17.3,-2.639999999999975,7.1,74.1,56.8,May,1.999999999999993
Adelaide,13.5,17.5,1.0,1.2,0.5,W,46.0,19.0,17.0,80.0,94.0,1017.8,1015.7,4.45,4.51,16.1,15.9,0,0,4.0,14.0,0.05999999999999961,-2.099999999999909,-2.0,10.45,18.02,0.6799999999999993,2.534,4.82,7.57,-16.7,-2.649999999999989,6.1,75.2,58.5,May,6.799999999999993
Adelaide,14.6,18.3,0.0,5.47,7.8,W,33.0,11.0,17.0,88.0,67.0,1019.3,1019.6,4.45,4.51,15.7,17.8,0,1,3.700000000000001,-21.0,0.05999999999999961,0.3000000000000682,6.0,10.99,17.880000000000003,0.7799999999999992,2.614,4.25,6.890000000000001,-12.5,-2.569999999999993,5.0,75.3,62.8,May,7.799999999999993
Adelaide,13.7,16.1,13.8,5.47,0.3,NNW,13.0,0.0,4.0,92.0,90.0,1023.7,1021.4,4.45,4.51,14.7,15.6,1,1,2.400000000000002,-2.0,0.05999999999999961,-2.300000000000068,4.0,11.379999999999999,17.9,0.7799999999999992,3.021,4.83,6.5200000000000005,-13.5,-2.2799999999999954,4.5,77.2,63.7,May,7.799999999999993
Adelaide,13.0,18.6,1.6,4.2,3.1,ESE,30.0,9.0,9.0,61.0,55.0,1022.5,1018.8,4.45,4.51,15.3,17.4,1,0,5.600000000000001,-6.0,0.05999999999999961,-3.7000000000000455,0.0,11.48,17.68,2.1599999999999993,3.428,4.42,6.200000000000001,-12.5,-2.350000000000011,4.3,79.2,66.7,May,21.599999999999994
Adelaide,9.2,18.6,0.0,1.8,7.6,ENE,24.0,0.0,13.0,64.0,53.0,1018.5,1016.1,4.45,4.51,14.2,17.3,0,0,9.400000000000002,-11.0,0.05999999999999961,-2.3999999999999773,13.0,11.73,17.77,2.3199999999999994,3.728,4.14,6.040000000000001,-11.7,-2.430000000000007,4.3,78.2,66.5,May,23.199999999999996
Adelaide,7.9,19.4,0.0,1.2,7.4,ESE,24.0,0.0,4.0,78.0,69.0,1020.0,1018.9,4.45,4.51,12.6,18.0,0,0,11.499999999999998,-9.0,0.05999999999999961,-1.1000000000000227,4.0,11.34,17.919999999999998,2.3199999999999994,3.3609999999999998,4.87,6.580000000000001,-11.3,-2.310000000000014,5.2,77.3,66.0,May,23.199999999999996
Adelaide,12.1,22.8,0.0,1.4,9.7,ENE,31.0,6.0,13.0,60.0,38.0,1023.3,1019.9,4.45,4.51,17.6,22.4,0,0,10.700000000000001,-22.0,0.05999999999999961,-3.3999999999999773,7.0,10.879999999999999,18.18,2.3199999999999994,2.934,5.09,7.3,-11.0,-2.140000000000009,5.6,77.9,66.9,May,23.199999999999996
Adelaide,13.8,22.5,0.0,2.6,8.6,NE,43.0,11.0,19.0,48.0,34.0,1019.9,1015.0,4.45,4.51,17.7,22.2,0,0,8.7,-14.0,0.05999999999999961,-4.899999999999977,8.0,11.37,18.48,2.3199999999999994,2.534,5.08,7.110000000000001,-10.9,-2.2500000000000115,5.2,77.1,66.2,May,23.199999999999996
Adelaide,17.4,21.5,0.0,5.47,3.4,NNE,48.0,22.0,17.0,53.0,47.0,1012.5,1009.9,4.45,4.51,18.2,20.9,0,1,4.100000000000001,-6.0,0.05999999999999961,-2.6000000000000227,-5.0,11.930000000000001,18.85,2.3199999999999994,2.574,5.029999999999999,6.92,-11.0,-2.45,4.7,74.9,63.9,May,23.199999999999996
Adelaide,14.8,16.4,7.8,5.47,0.0,N,37.0,9.0,2.0,91.0,93.0,1015.4,1013.8,4.45,4.51,15.0,16.0,1,1,1.5999999999999979,2.0,0.05999999999999961,-1.6000000000000227,-7.0,12.69,19.380000000000003,2.1199999999999997,2.9810000000000003,5.3,6.69,-9.5,-2.4199999999999933,3.4,71.3,61.8,May,21.199999999999996
Adelaide,13.8,17.9,21.4,8.0,4.2,SW,31.0,9.0,15.0,96.0,71.0,1016.1,1016.9,4.45,4.51,14.5,17.0,1,1,4.099999999999998,-25.0,0.05999999999999961,0.7999999999999545,6.0,13.0,19.17,2.4199999999999995,3.428,4.84,6.17,-7.5,-2.3799999999999955,2.8,71.5,64.0,May,24.199999999999996
Adelaide,8.7,17.5,1.8,0.6,7.4,WSW,22.0,0.0,9.0,83.0,55.0,1023.8,1022.6,4.45,4.51,13.0,16.9,1,0,8.8,-28.0,0.05999999999999961,-1.1999999999999318,9.0,13.029999999999998,19.21,4.459999999999999,4.108,5.21,6.180000000000001,-11.4,-2.090000000000009,3.6,73.1,61.7,May,44.599999999999994
Adelaide,7.3,17.1,0.0,1.2,5.2,W,26.0,2.0,4.0,87.0,84.0,1025.5,1024.0,4.45,4.51,9.8,13.9,0,0,9.8,-3.0,0.05999999999999961,-1.5,2.0,12.44,19.13,4.639999999999999,3.621,5.17,6.69,-12.1,-2.240000000000009,3.9,72.6,60.5,May,46.39999999999999
Adelaide,8.5,15.2,0.2,0.8,4.2,SE,26.0,0.0,9.0,73.0,54.0,1028.5,1026.8,4.45,4.51,11.1,14.6,0,0,6.699999999999999,-19.0,0.05999999999999961,-1.7000000000000455,9.0,11.799999999999999,19.23,3.2599999999999993,3.194,5.66,7.43,-12.2,-2.1600000000000024,3.7,72.1,59.9,May,32.599999999999994
Adelaide,6.0,13.9,0.0,1.0,1.9,SSE,30.0,2.0,11.0,75.0,53.0,1029.0,1027.0,4.45,4.51,11.0,13.6,0,0,7.9,-22.0,0.05999999999999961,-2.0,9.0,11.35,18.89,3.119999999999999,2.854,5.77,7.540000000000001,-13.5,-1.9600000000000022,4.6,73.3,59.8,May,31.199999999999992
Adelaide,5.2,16.9,0.0,5.47,9.5,SE,30.0,6.0,11.0,66.0,42.0,1029.5,1027.5,4.45,4.51,11.5,16.5,0,0,11.7,-24.0,0.05999999999999961,-2.0,5.0,11.030000000000001,18.42,3.119999999999999,2.774,5.199999999999999,7.389999999999999,-14.6,-1.9200000000000046,4.2,74.4,59.8,May,31.199999999999992
Adelaide,10.2,18.3,0.0,2.2,4.2,E,33.0,13.0,9.0,52.0,54.0,1028.2,1025.4,4.45,4.51,13.9,16.1,0,0,8.100000000000001,2.0,0.05999999999999961,-2.7999999999999545,-4.0,10.76,18.169999999999998,3.119999999999999,3.2009999999999996,5.409999999999999,7.409999999999999,-16.1,-2.0100000000000025,4.3,73.2,57.1,May,31.199999999999992
Adelaide,9.2,16.6,0.0,1.6,2.4,ENE,31.0,7.0,7.0,73.0,60.0,1026.6,1024.2,4.45,4.51,12.8,15.3,0,0,7.400000000000002,-13.0,0.05999999999999961,-2.3999999999998636,0.0,10.57,17.72,3.119999999999999,3.2809999999999997,4.86,7.15,-13.7,-1.95,3.2,72.4,58.7,June,31.199999999999992
Adelaide,10.2,16.8,0.0,0.8,1.0,W,19.0,2.0,9.0,86.0,89.0,1024.2,1021.9,4.45,4.51,12.7,14.7,0,1,6.600000000000001,3.0,0.05999999999999961,-2.300000000000068,7.0,10.11,17.13,3.119999999999999,3.181,4.24,7.0200000000000005,-13.6,-1.6999999999999886,2.4,74.9,61.3,June,31.199999999999992
Adelaide,6.9,17.3,3.2,0.6,9.0,NNW,19.0,4.0,9.0,86.0,58.0,1021.1,1017.8,4.45,4.51,11.1,16.9,1,0,10.4,-28.0,0.05999999999999961,-3.300000000000068,5.0,9.39,16.66,3.119999999999999,2.7139999999999995,4.0,7.269999999999999,-12.7,-1.6699999999999933,3.6,78.2,65.5,June,31.199999999999992
Adelaide,7.2,17.1,0.0,1.2,3.0,N,19.0,7.0,11.0,85.0,67.0,1019.7,1016.8,4.45,4.51,11.9,16.3,0,0,9.900000000000002,-18.0,0.05999999999999961,-2.900000000000091,4.0,8.6,16.75,2.6599999999999993,2.227,4.9,8.15,-15.7,-1.8399999999999976,4.8,77.7,62.0,June,26.59999999999999
Adelaide,6.9,17.8,0.0,0.8,4.1,NNE,35.0,6.0,11.0,85.0,51.0,1015.9,1012.1,4.45,4.51,11.0,15.7,0,1,10.9,-34.0,0.05999999999999961,-3.7999999999999545,5.0,7.9399999999999995,16.67,0.5199999999999994,1.547,4.779999999999999,8.73,-15.0,-2.210000000000002,4.6,76.6,61.6,June,5.199999999999993
Adelaide,10.5,15.8,3.6,5.47,2.4,N,33.0,6.0,15.0,82.0,71.0,1008.3,1006.0,4.45,4.51,11.3,13.2,1,1,5.300000000000001,-11.0,0.05999999999999961,-2.2999999999999545,9.0,7.760000000000001,16.7,0.3399999999999993,1.567,4.45,8.940000000000001,-15.6,-2.4700000000000046,4.2,76.8,61.2,June,3.3999999999999932
Adelaide,9.5,15.9,6.2,5.47,3.9,W,33.0,6.0,19.0,96.0,75.0,1009.0,1009.1,4.45,4.51,11.5,14.7,1,1,6.4,-21.0,0.05999999999999961,0.10000000000002274,13.0,8.080000000000002,16.57,0.6999999999999993,1.9939999999999998,4.17,8.49,-16.4,-2.55,4.9,76.3,59.9,June,6.999999999999993
Adelaide,10.5,14.9,3.2,5.47,6.4,W,48.0,15.0,15.0,62.0,49.0,1013.0,1013.2,4.45,4.51,12.8,13.6,1,1,4.4,-13.0,0.05999999999999961,0.20000000000004547,0.0,8.180000000000001,16.64,1.2999999999999994,2.461,4.14,8.46,-16.6,-2.369999999999993,5.3,78.6,62.0,June,12.999999999999993
Adelaide,9.1,15.3,18.0,7.2,7.8,W,48.0,19.0,20.0,63.0,57.0,1015.1,1016.4,4.45,4.51,13.8,15.1,1,0,6.200000000000001,-6.0,0.05999999999999961,1.2999999999999545,1.0,8.63,16.740000000000002,1.6199999999999997,2.908,4.590000000000001,8.110000000000001,-15.7,-2.149999999999989,4.4,77.3,61.6,June,16.199999999999996
Adelaide,4.7,15.0,0.8,1.4,6.5,SSW,20.0,6.0,6.0,72.0,45.0,1025.1,1024.4,4.45,4.51,9.2,13.8,0,0,10.3,-27.0,0.05999999999999961,-0.6999999999998181,0.0,9.02,16.58,3.4199999999999995,3.081,4.42,7.5600000000000005,-13.9,-1.8199999999999932,4.0,77.0,63.1,June,34.199999999999996
Adelaide,3.5,15.6,0.0,1.2,8.4,NNW,30.0,11.0,17.0,62.0,49.0,1025.4,1021.6,4.45,4.51,9.4,14.9,0,0,12.1,-13.0,0.05999999999999961,-3.800000000000068,6.0,8.47,16.25,3.499999999999999,3.0010000000000003,4.65,7.780000000000001,-16.8,-1.6099999999999794,4.4,79.0,62.2,June,34.99999999999999
Adelaide,9.1,13.8,0.0,1.6,7.61,NE,43.0,13.0,13.0,56.0,50.0,1017.9,1012.3,4.45,4.51,10.6,13.6,0,1,4.700000000000001,-6.0,0.05999999999999961,-5.600000000000023,0.0,7.9,16.150000000000002,3.499999999999999,2.961,5.25,8.25,-16.8,-1.75,5.0,77.9,61.1,June,34.99999999999999
Adelaide,8.9,16.3,3.0,5.47,7.61,NNW,54.0,15.0,26.0,74.0,65.0,1006.1,1003.8,4.45,4.51,11.3,15.7,1,0,7.4,-9.0,0.05999999999999961,-2.300000000000068,11.0,7.790000000000001,15.85,3.499999999999999,3.0409999999999995,5.911,8.06,-17.7,-2.0799999999999956,4.3,74.9,57.2,June,34.99999999999999
Adelaide,10.2,11.9,0.6,5.47,0.0,N,43.0,19.0,13.0,79.0,96.0,1003.7,1002.7,4.45,4.51,11.0,10.9,0,1,1.700000000000001,17.0,0.05999999999999961,-1.0,-6.0,7.99,15.75,3.4799999999999995,3.528,5.772,7.760000000000001,-15.8,-1.9799999999999955,4.9,73.7,57.9,June,34.8
Adelaide,7.0,17.1,7.4,3.8,9.1,WSW,24.0,11.0,17.0,87.0,64.0,1014.0,1016.3,4.45,4.51,10.6,16.2,1,0,10.100000000000001,-23.0,0.05999999999999961,2.2999999999999545,6.0,8.29,15.23,3.54,3.9549999999999996,5.4719999999999995,6.94,-12.3,-1.7899999999999863,3.9,73.1,60.8,June,35.4
Adelaide,7.8,17.4,0.2,0.8,7.0,N,20.0,6.0,9.0,85.0,60.0,1024.3,1023.7,4.45,4.51,11.7,16.0,0,0,9.599999999999998,-25.0,0.05999999999999961,-0.599999999999909,3.0,8.299999999999999,15.16,4.279999999999999,4.255,5.9719999999999995,6.860000000000001,-11.2,-1.1799999999999955,4.0,73.3,62.1,June,42.8
Adelaide,6.8,18.2,0.0,1.0,6.1,N,20.0,0.0,11.0,96.0,57.0,1028.6,1026.0,4.45,4.51,9.9,17.9,0,0,11.399999999999999,-39.0,0.05999999999999961,-2.599999999999909,11.0,8.030000000000001,15.319999999999999,3.939999999999999,3.7880000000000003,6.432,7.290000000000001,-12.6,-1.009999999999991,3.4,73.6,61.0,June,39.39999999999999
Adelaide,4.5,17.3,0.0,0.8,8.6,NW,20.0,2.0,7.0,72.0,51.0,1028.5,1025.6,4.45,4.51,10.8,16.1,0,0,12.8,-21.0,0.05999999999999961,-2.900000000000091,5.0,7.760000000000001,15.55,3.319999999999999,3.341,6.652000000000001,7.790000000000001,-14.4,-1.279999999999984,3.2,73.6,59.2,June,33.19999999999999
Adelaide,6.6,18.7,0.0,5.47,7.1,N,43.0,9.0,15.0,61.0,39.0,1025.0,1019.6,4.45,4.51,12.8,17.2,0,0,12.1,-22.0,0.05999999999999961,-5.399999999999977,6.0,7.159999999999999,15.789999999999997,2.9999999999999996,2.8739999999999997,6.872,8.63,-15.2,-1.5899999999999976,3.7,74.6,59.4,June,29.999999999999996
Adelaide,12.7,15.6,0.0,5.47,3.1,N,50.0,22.0,24.0,43.0,53.0,1013.6,1011.8,4.45,4.51,14.3,15.2,0,0,2.9000000000000004,10.0,0.05999999999999961,-1.8000000000000682,2.0,6.909999999999999,16.130000000000003,1.1999999999999997,2.7009999999999996,6.802,9.22,-16.8,-2.259999999999991,4.2,74.4,57.6,June,11.999999999999996
Adelaide,5.0,19.0,0.8,5.47,8.9,NNW,31.0,6.0,13.0,82.0,38.0,1016.3,1012.9,4.45,4.51,9.5,17.8,0,0,14.0,-44.0,0.05999999999999961,-3.3999999999999773,7.0,7.709999999999999,16.19,1.1199999999999997,3.1079999999999997,6.462000000000001,8.48,-13.1,-2.370000000000016,4.4,71.5,58.4,June,11.199999999999996
Adelaide,9.5,18.0,0.2,7.6,9.4,NNW,41.0,17.0,22.0,56.0,41.0,1013.4,1011.2,4.45,4.51,13.0,17.3,0,0,8.5,-15.0,0.05999999999999961,-2.199999999999932,5.0,7.859999999999999,16.529999999999998,1.1999999999999997,3.5349999999999993,6.5120000000000005,8.67,-16.2,-2.3300000000000067,4.5,73.5,57.3,June,11.999999999999996
Adelaide,9.2,14.4,0.0,2.8,0.4,NW,54.0,20.0,20.0,57.0,61.0,1011.2,1008.6,4.45,4.51,10.6,14.1,0,1,5.200000000000001,4.0,0.05999999999999961,-2.6000000000000227,0.0,7.9,16.95,1.2199999999999995,4.135,6.691,9.05,-17.1,-1.9899999999999978,5.0,73.5,56.4,June,12.199999999999996
Adelaide,8.7,16.2,1.2,0.6,5.6,WNW,24.0,9.0,11.0,95.0,63.0,1014.3,1013.6,4.45,4.51,11.3,15.0,1,0,7.5,-32.0,0.05999999999999961,-0.6999999999999318,2.0,7.93,16.759999999999998,0.9199999999999996,3.868,5.970000000000001,8.830000000000002,-15.8,-2.0199999999999934,3.9,71.8,56.0,June,9.199999999999996
Adelaide,10.2,16.1,0.0,1.0,3.2,NE,30.0,9.0,11.0,83.0,62.0,1013.2,1009.5,4.45,4.51,12.1,15.5,0,1,5.900000000000002,-21.0,0.05999999999999961,-3.7000000000000455,2.0,7.779999999999999,17.189999999999998,0.9799999999999995,3.3809999999999993,6.529999999999999,9.41,-20.7,-1.9899999999999864,4.7,73.4,52.7,June,9.799999999999995
Adelaide,11.6,14.0,3.4,0.8,7.61,NE,26.0,11.0,0.0,78.0,81.0,1003.0,1002.3,4.45,4.51,13.1,13.8,1,0,2.4000000000000004,3.0,0.05999999999999961,-0.7000000000000455,-11.0,8.1,17.089999999999996,0.23999999999999963,3.101,5.9399999999999995,8.989999999999998,-20.5,-2.5899999999999865,4.3,73.0,52.5,June,2.3999999999999964
Adelaide,10.1,16.5,0.0,5.47,3.5,NW,20.0,0.0,13.0,89.0,66.0,1008.0,1006.5,4.45,4.51,11.5,16.0,0,0,6.4,-23.0,0.05999999999999961,-1.5,13.0,8.479999999999999,16.75,0.5599999999999996,3.101,6.001,8.27,-17.7,-2.6,2.9,72.3,54.6,June,5.599999999999996
Adelaide,10.0,17.6,0.2,5.47,5.7,NNW,41.0,9.0,20.0,82.0,66.0,1005.3,1003.5,4.45,4.51,12.7,17.3,0,0,7.600000000000001,-16.0,0.05999999999999961,-1.7999999999999545,11.0,8.809999999999999,16.580000000000002,0.5599999999999996,3.5479999999999996,5.741,7.770000000000001,-16.1,-2.490000000000009,3.1,71.6,55.5,June,5.599999999999996
Adelaide,9.7,19.3,0.0,2.8,4.2,N,35.0,7.0,20.0,84.0,53.0,1007.1,1002.5,4.45,4.51,12.4,18.5,0,0,9.600000000000001,-31.0,0.05999999999999961,-4.600000000000023,13.0,9.36,16.61,0.5799999999999996,4.015,5.451,7.25,-15.6,-2.3799999999999955,3.7,72.6,57.0,June,5.799999999999996
Adelaide,12.3,18.8,0.0,3.2,2.3,WNW,76.0,33.0,28.0,44.0,67.0,992.4,997.6,4.45,4.51,18.7,14.9,0,1,6.5,23.0,0.05999999999999961,5.2000000000000455,-5.0,9.67,16.669999999999998,0.5799999999999996,3.748,5.161,7.000000000000002,-16.5,-2.3,4.4,74.9,58.4,June,5.799999999999996
Adelaide,10.7,15.1,16.6,2.4,1.2,NW,56.0,19.0,17.0,89.0,78.0,1006.5,1007.9,4.45,4.51,11.3,14.3,1,1,4.4,-11.0,0.05999999999999961,1.3999999999999773,-2.0,9.629999999999999,16.990000000000002,0.5799999999999996,3.521,5.081,7.360000000000001,-15.2,-1.5999999999999885,3.7,75.0,59.8,July,5.799999999999996
Adelaide,10.1,14.5,6.6,0.4,1.6,W,50.0,20.0,22.0,58.0,79.0,1012.5,1011.8,4.45,4.51,14.0,13.1,1,1,4.4,21.0,0.05999999999999961,-0.7000000000000455,2.0,10.2,16.6,2.1599999999999997,3.214,4.311,6.4,-11.9,-1.1199999999999932,2.8,75.7,63.8,July,21.599999999999998
Adelaide,12.1,16.0,2.0,0.6,3.5,SW,52.0,17.0,20.0,84.0,74.0,1020.4,1020.8,4.45,4.51,13.3,15.2,1,1,3.9000000000000004,-10.0,0.05999999999999961,0.39999999999997726,3.0,10.26,16.25,2.8,2.4939999999999998,3.531,5.99,-8.3,-0.9700000000000045,2.5,75.9,67.6,July,28.0
Adelaide,11.7,16.0,1.4,5.47,5.1,WSW,30.0,2.0,15.0,92.0,69.0,1025.3,1023.7,4.45,4.51,12.6,14.9,1,0,4.300000000000001,-23.0,0.05999999999999961,-1.599999999999909,13.0,10.549999999999999,16.41,3.0,2.274,3.8409999999999997,5.860000000000001,-9.7,-0.6700000000000046,2.8,78.6,68.9,July,30.0
Adelaide,7.9,15.1,0.0,5.47,1.7,ENE,20.0,0.0,9.0,95.0,66.0,1024.6,1022.8,4.45,4.51,9.3,12.7,0,0,7.199999999999999,-29.0,0.05999999999999961,-1.7999999999999545,9.0,10.85,16.39,3.02,2.761,3.7909999999999995,5.540000000000001,-8.8,-0.7600000000000022,3.9,78.3,69.5,July,30.2
Adelaide,3.6,13.2,0.0,3.6,6.3,E,30.0,7.0,13.0,72.0,47.0,1025.8,1024.1,4.45,4.51,7.3,11.8,0,0,9.6,-25.0,0.05999999999999961,-1.7000000000000455,6.0,10.620000000000001,16.29,3.02,3.2079999999999997,3.6410000000000005,5.67,-9.6,-0.5699999999999932,4.6,79.5,69.9,July,30.2
Adelaide,2.9,13.7,0.0,1.0,6.4,NNE,31.0,9.0,13.0,77.0,48.0,1024.4,1021.8,4.45,4.51,7.3,12.3,0,0,10.799999999999999,-29.0,0.05999999999999961,-2.6000000000001364,4.0,9.819999999999999,16.21,2.6799999999999997,3.4879999999999995,3.5100000000000002,6.390000000000001,-12.4,-0.6699999999999932,6.3,78.9,66.5,July,26.799999999999997
Adelaide,7.1,16.1,0.0,1.4,9.3,NNE,26.0,11.0,13.0,57.0,35.0,1024.5,1022.6,4.45,4.51,11.1,15.9,0,0,9.000000000000002,-22.0,0.05999999999999961,-1.8999999999999773,2.0,9.1,15.930000000000001,2.6799999999999997,3.041,3.8,6.830000000000001,-13.0,-0.7800000000000068,5.4,77.7,64.7,July,26.799999999999997
Adelaide,5.7,17.8,0.0,1.8,8.4,NNE,39.0,13.0,19.0,53.0,39.0,1024.1,1019.8,4.45,4.51,13.0,17.5,0,1,12.100000000000001,-14.0,0.05999999999999961,-4.2999999999999545,6.0,8.809999999999999,15.780000000000001,2.6599999999999997,2.634,4.159999999999999,6.970000000000001,-13.6,-0.7900000000000091,4.5,75.2,61.6,July,26.599999999999998
Adelaide,12.7,15.7,2.0,3.0,0.0,NNE,43.0,20.0,20.0,79.0,75.0,1015.7,1010.5,4.45,4.51,13.1,13.5,1,1,3.0,-4.0,0.05999999999999961,-5.2000000000000455,0.0,8.41,15.63,2.6599999999999997,2.534,4.58,7.220000000000001,-11.9,-0.7600000000000022,3.8,72.1,60.2,July,26.599999999999998
Adelaide,12.1,17.4,13.0,5.47,2.7,NNW,50.0,24.0,26.0,68.0,69.0,1005.5,1004.3,4.45,4.51,14.9,17.2,1,1,5.299999999999999,1.0,0.05999999999999961,-1.2000000000000455,2.0,8.45,15.319999999999999,2.86,2.5140000000000002,4.35,6.87,-14.6,-1.8000000000000114,4.3,75.6,61.0,July,28.599999999999998
Adelaide,10.8,16.0,1.2,5.47,3.8,NW,46.0,22.0,22.0,80.0,63.0,1008.0,1007.0,4.45,4.51,11.7,15.9,1,1,5.199999999999999,-17.0,0.05999999999999961,-1.0,0.0,8.59,15.55,2.4999999999999996,2.8209999999999997,4.5,6.959999999999999,-13.4,-2.060000000000014,4.7,73.5,60.1,July,24.999999999999996
Adelaide,10.1,14.2,4.6,4.8,5.7,W,46.0,26.0,20.0,89.0,61.0,1008.4,1007.2,4.45,4.51,10.1,13.6,1,1,4.1,-28.0,0.05999999999999961,-1.1999999999999318,-6.0,8.66,15.7,1.9599999999999997,3.3280000000000003,4.720000000000001,7.040000000000001,-17.2,-2.090000000000009,4.5,75.7,58.5,July,19.599999999999998
Adelaide,7.1,11.9,10.2,1.8,2.3,NW,37.0,17.0,13.0,95.0,80.0,1003.6,1003.1,4.45,4.51,8.9,11.8,1,1,4.800000000000001,-15.0,0.05999999999999961,-0.5,-4.0,8.46,15.520000000000001,2.2199999999999998,3.7479999999999998,4.9399999999999995,7.06,-19.0,-2.25,3.6,76.2,57.2,July,22.199999999999996
Adelaide,5.1,13.7,11.4,0.8,7.0,SSE,33.0,0.0,7.0,96.0,91.0,1013.3,1013.3,4.45,4.51,7.9,11.2,1,1,8.6,-5.0,0.05999999999999961,0.0,7.0,8.0,15.11,3.0999999999999996,3.3810000000000002,4.66,7.110000000000001,-18.2,-2.140000000000009,1.9,76.5,58.3,July,30.999999999999996
Adelaide,7.9,15.3,10.4,1.2,8.6,SW,28.0,6.0,9.0,90.0,48.0,1018.2,1019.0,4.45,4.51,11.1,14.9,1,0,7.4,-42.0,0.05999999999999961,0.7999999999999545,3.0,7.719999999999999,14.970000000000002,4.24,2.914,5.19,7.25,-15.8,-1.9600000000000137,1.7,76.6,60.8,July,42.4
Adelaide,7.0,16.0,0.0,1.4,4.6,N,35.0,13.0,19.0,66.0,52.0,1021.1,1017.5,4.45,4.51,10.9,15.8,0,0,9.0,-14.0,0.05999999999999961,-3.6000000000000227,6.0,8.15,15.179999999999998,5.279999999999999,2.674,5.42,7.029999999999999,-17.5,-1.7100000000000137,1.4,78.4,60.9,July,52.8
Adelaide,9.8,16.2,0.0,5.47,4.1,NNW,39.0,15.0,19.0,59.0,58.0,1015.1,1013.4,4.45,4.51,11.4,15.4,0,0,6.399999999999999,-1.0,0.05999999999999961,-1.7000000000000455,4.0,8.559999999999999,15.410000000000002,5.279999999999999,2.7139999999999995,5.24,6.85,-16.0,-1.8100000000000023,1.6,77.3,61.3,July,52.8
Adelaide,10.5,18.6,0.0,5.47,8.6,NNW,44.0,15.0,22.0,75.0,41.0,1017.0,1013.3,4.45,4.51,12.1,18.2,0,0,8.100000000000001,-34.0,0.05999999999999961,-3.7000000000000455,7.0,8.83,15.419999999999998,5.279999999999999,3.121,4.72,6.590000000000001,-13.9,-1.7900000000000091,1.8,77.5,63.6,July,52.8
Adelaide,12.0,21.7,0.0,6.8,8.4,NNW,54.0,22.0,24.0,38.0,21.0,1013.1,1010.6,4.45,4.51,14.5,20.9,0,0,9.7,-17.0,0.05999999999999961,-2.5,2.0,9.309999999999999,15.5,5.279999999999999,3.4879999999999995,4.74,6.1899999999999995,-15.9,-1.7300000000000182,1.9,79.7,63.8,July,52.8
Adelaide,14.5,19.8,0.0,4.4,6.0,NW,43.0,9.0,19.0,36.0,41.0,1009.1,1006.6,4.45,4.51,15.1,18.6,0,1,5.300000000000001,5.0,0.05999999999999961,-2.5,10.0,9.239999999999998,16.1,5.08,3.868,5.58,6.859999999999999,-17.2,-1.4600000000000137,2.1,75.6,58.4,July,50.8
Adelaide,9.3,14.6,3.2,2.6,2.9,NW,48.0,15.0,20.0,86.0,75.0,1008.2,1008.9,4.45,4.51,10.1,13.4,1,1,5.299999999999999,-11.0,0.05999999999999961,0.6999999999999318,5.0,9.48,16.34,3.78,3.761,5.91,6.860000000000001,-16.8,-1.5900000000000092,2.9,72.4,55.6,July,37.8
Adelaide,3.6,15.2,2.2,1.0,8.9,WNW,24.0,4.0,13.0,84.0,48.0,1023.4,1023.0,4.45,4.51,7.5,13.9,1,0,11.6,-36.0,0.05999999999999961,-0.39999999999997726,9.0,9.330000000000002,16.2,3.9799999999999995,3.474,5.819999999999999,6.87,-16.2,-1.420000000000016,3.4,73.0,56.8,July,39.8
Adelaide,6.1,16.2,0.0,1.4,7.8,NW,44.0,11.0,20.0,51.0,45.0,1023.6,1021.8,4.45,4.51,10.1,15.9,0,0,10.1,-6.0,0.05999999999999961,-1.8000000000000682,9.0,8.68,16.3,3.7399999999999998,3.0940000000000003,6.140000000000001,7.62,-17.0,-1.3400000000000205,4.9,72.5,55.5,July,37.4
Adelaide,8.1,16.9,0.0,5.47,9.7,N,31.0,13.0,15.0,39.0,35.0,1021.1,1016.3,4.45,4.51,12.7,16.4,0,0,8.799999999999999,-4.0,0.05999999999999961,-4.800000000000068,2.0,8.58,16.73,2.7199999999999998,3.054,6.6899999999999995,8.15,-16.1,-1.4700000000000273,6.2,68.1,52.0,July,27.199999999999996
Adelaide,10.3,14.9,0.0,5.47,2.8,WSW,30.0,9.0,11.0,68.0,73.0,1015.1,1016.7,4.45,4.51,11.5,13.4,0,1,4.6,5.0,0.05999999999999961,1.6000000000000227,2.0,8.879999999999999,17.05,1.5799999999999996,3.521,6.959999999999999,8.17,-16.0,-1.9500000000000342,5.7,62.4,46.4,July,15.799999999999997
Adelaide,10.1,14.7,1.2,5.4,1.6,WNW,35.0,11.0,19.0,94.0,78.0,1022.8,1022.6,4.45,4.51,10.3,14.5,1,1,4.6,-16.0,0.05999999999999961,-0.1999999999999318,8.0,9.120000000000001,17.01,0.5399999999999997,3.9479999999999995,6.380000000000001,7.889999999999999,-11.3,-1.8700000000000272,5.6,60.2,48.9,July,5.399999999999997
Adelaide,10.0,15.6,12.6,0.2,2.8,WNW,39.0,13.0,20.0,96.0,72.0,1026.2,1025.0,4.45,4.51,10.6,15.0,1,1,5.6,-24.0,0.05999999999999961,-1.2000000000000455,7.0,9.43,16.880000000000003,0.6599999999999997,4.348,6.08,7.449999999999998,-11.5,-1.5300000000000182,5.8,63.0,51.5,July,6.599999999999997
Adelaide,10.5,15.6,3.6,0.6,2.5,W,30.0,7.0,9.0,96.0,71.0,1028.0,1027.2,4.45,4.51,12.3,15.1,1,1,5.1,-25.0,0.05999999999999961,-0.7999999999999545,2.0,9.45,16.82,1.9199999999999995,3.821,5.95,7.37,-13.8,-1.4800000000000182,6.1,66.7,52.9,July,19.199999999999996
Adelaide,10.4,15.9,3.4,2.0,1.9,WNW,39.0,7.0,19.0,97.0,64.0,1027.8,1024.8,4.45,4.51,11.6,14.9,1,1,5.5,-33.0,0.05999999999999961,-3.0,12.0,9.45,16.52,2.28,3.3340000000000005,5.34,7.0699999999999985,-12.9,-1.190000000000009,5.6,68.8,55.9,July,22.799999999999997
Adelaide,9.0,15.7,3.4,1.2,6.1,SW,31.0,7.0,13.0,97.0,61.0,1026.6,1025.6,4.45,4.51,11.3,15.3,1,1,6.699999999999999,-36.0,0.05999999999999961,-1.0,6.0,9.290000000000001,15.940000000000001,2.6199999999999997,2.854,4.6899999999999995,6.65,-14.5,-1.240000000000009,6.6,74.7,60.2,July,26.199999999999996
Adelaide,10.4,16.2,1.8,5.47,4.8,NW,35.0,9.0,19.0,83.0,59.0,1028.6,1026.8,4.45,4.51,12.3,15.3,1,0,5.799999999999999,-24.0,0.05999999999999961,-1.7999999999999545,10.0,8.74,15.530000000000001,2.96,2.534,4.7,6.789999999999999,-18.6,-1.0900000000000092,6.2,80.8,62.2,August,29.599999999999998
Adelaide,7.7,17.6,2.36,5.47,9.2,NNW,43.0,13.0,19.0,64.0,46.0,1026.7,1022.8,4.45,4.51,10.9,17.3,0,0,9.900000000000002,-18.0,0.05999999999999961,-3.900000000000091,6.0,8.85,15.690000000000001,2.82,2.821,4.89,6.840000000000001,-19.9,-1.3399999999999976,6.7,80.5,60.6,August,28.2
Adelaide,5.8,16.5,1.0,3.8,8.3,SW,46.0,0.0,19.0,74.0,45.0,1026.8,1022.5,4.45,4.51,10.1,16.2,0,0,10.7,-29.0,0.05999999999999961,-4.2999999999999545,19.0,9.26,15.929999999999998,2.836,3.268,4.92,6.67,-18.1,-1.690000000000009,6.4,78.5,60.4,August,28.36
Adelaide,10.0,15.8,0.0,1.8,0.7,NW,33.0,13.0,15.0,91.0,80.0,1021.4,1019.7,4.45,4.51,10.8,15.1,0,0,5.800000000000001,-11.0,0.05999999999999961,-1.6999999999999318,2.0,9.23,15.959999999999999,2.936,3.508,4.970000000000001,6.7299999999999995,-20.4,-1.9399999999999977,7.4,80.8,60.4,August,29.36
Adelaide,8.6,20.2,0.2,0.6,7.4,NNW,33.0,9.0,20.0,73.0,42.0,1020.1,1015.6,4.45,4.51,14.0,19.8,0,0,11.6,-31.0,0.05999999999999961,-4.5,11.0,9.42,15.85,2.936,3.141,4.069999999999999,6.43,-21.1,-1.6299999999999841,7.4,86.0,64.9,August,29.36
Adelaide,9.0,23.0,0.0,2.4,8.7,NNW,67.0,24.0,37.0,40.0,24.0,1012.4,1008.1,4.45,4.51,15.9,22.6,0,1,14.0,-16.0,0.05999999999999961,-4.2999999999999545,13.0,9.25,16.38,2.956,2.654,4.529999999999999,7.13,-24.7,-2.2399999999999864,8.3,86.5,61.8,August,29.56
Adelaide,10.9,15.4,1.6,4.0,10.2,WSW,54.0,17.0,15.0,54.0,48.0,1022.2,1023.1,4.45,4.51,12.6,14.7,1,0,4.5,-6.0,0.05999999999999961,0.8999999999999773,-2.0,9.14,17.21,2.8359999999999994,2.354,5.24,8.07,-24.7,-2.649999999999989,8.8,81.1,56.4,August,28.359999999999996
Adelaide,3.3,18.1,0.0,5.47,9.7,N,33.0,9.0,17.0,48.0,35.0,1024.3,1019.6,4.45,4.51,11.5,17.5,0,0,14.8,-13.0,0.05999999999999961,-4.699999999999932,8.0,9.23,17.19,1.736,2.734,5.9799999999999995,7.959999999999999,-22.9,-2.439999999999986,7.9,76.9,54.0,August,17.36
Adelaide,7.4,16.8,0.0,5.47,0.0,NE,24.0,11.0,11.0,44.0,35.0,1016.1,1012.1,4.45,4.51,12.9,16.5,0,0,9.4,-9.0,0.05999999999999961,-4.0,0.0,8.510000000000002,17.44,1.376,3.221,6.7,8.93,-21.7,-2.829999999999984,8.5,72.1,50.4,August,13.759999999999998
Adelaide,12.1,18.4,0.4,6.0,4.4,W,31.0,6.0,20.0,41.0,59.0,1006.6,1005.1,4.45,4.51,15.2,15.8,0,0,6.299999999999999,18.0,0.05999999999999961,-1.5,14.0,8.209999999999999,17.53,1.0359999999999998,3.568,6.51,9.32,-19.3,-2.929999999999984,7.3,66.8,47.5,August,10.359999999999998
Adelaide,11.3,17.1,0.6,1.4,5.8,W,30.0,7.0,15.0,86.0,56.0,1009.6,1010.3,4.45,4.51,11.7,16.1,0,0,5.800000000000001,-30.0,0.05999999999999961,0.6999999999999318,8.0,8.52,17.800000000000004,0.7359999999999998,4.048,6.34,9.28,-13.9,-2.979999999999984,8.1,61.2,47.3,August,7.359999999999998
Adelaide,10.8,17.6,1.0,1.6,6.7,WSW,26.0,7.0,11.0,91.0,59.0,1015.5,1013.6,4.45,4.51,11.9,16.0,0,0,6.800000000000001,-32.0,0.05999999999999961,-1.8999999999999773,4.0,8.61,17.89,0.6159999999999998,3.6409999999999996,6.44,9.28,-14.5,-2.7299999999999955,7.9,61.5,47.0,August,6.1599999999999975
Adelaide,6.6,18.2,0.0,1.4,7.5,NNW,22.0,6.0,13.0,77.0,54.0,1016.0,1016.0,4.45,4.51,12.3,18.0,0,0,11.6,-23.0,0.05999999999999961,0.0,7.0,8.92,17.89,0.4799999999999998,3.254,6.1899999999999995,8.97,-15.9,-2.5299999999999843,7.7,64.2,48.3,August,4.799999999999998
Adelaide,6.3,22.0,0.0,1.4,10.4,NNE,35.0,11.0,15.0,64.0,35.0,1019.6,1014.8,4.45,4.51,14.2,21.4,0,0,15.7,-29.0,0.05999999999999961,-4.800000000000068,4.0,9.0,18.060000000000002,0.3799999999999998,3.0140000000000002,6.109999999999999,9.059999999999999,-15.3,-2.0999999999999885,6.5,64.5,49.2,August,3.799999999999998
Adelaide,14.1,26.7,0.0,5.47,8.6,NNW,48.0,17.0,20.0,37.0,30.0,1009.8,1004.4,4.45,4.51,19.2,26.2,0,1,12.6,-7.0,0.05999999999999961,-5.399999999999977,3.0,8.629999999999999,18.68,0.3799999999999998,2.974,7.08,10.05,-17.1,-2.4100000000000024,6.7,61.8,44.7,August,3.799999999999998
Adelaide,11.3,16.5,3.8,5.47,5.8,NW,74.0,22.0,26.0,65.0,52.0,1005.8,1007.9,4.45,4.51,14.2,15.9,1,1,5.199999999999999,-13.0,0.05999999999999961,2.1000000000000227,4.0,9.18,19.330000000000002,0.35999999999999976,3.461,7.2,10.15,-14.7,-2.5,5.9,58.2,43.5,August,3.599999999999998
Adelaide,11.1,17.2,2.0,13.0,8.3,WNW,39.0,13.0,17.0,58.0,53.0,1020.9,1022.2,4.45,4.51,14.3,16.0,1,0,6.1,-5.0,0.05999999999999961,1.3000000000000682,4.0,9.41,18.68,0.7399999999999998,3.768,6.909999999999999,9.27,-14.4,-1.8600000000000023,5.0,60.7,46.3,August,7.399999999999998
Adelaide,6.8,21.2,0.0,1.6,10.4,NNW,31.0,11.0,17.0,71.0,39.0,1026.2,1021.6,4.45,4.51,14.0,20.7,0,0,14.399999999999999,-32.0,0.05999999999999961,-4.600000000000023,6.0,9.43,18.86,0.7799999999999998,4.668,6.719999999999999,9.43,-14.3,-1.8199999999999932,5.6,61.1,46.8,August,7.799999999999998
Adelaide,13.8,20.9,0.0,4.0,7.3,W,40.04,17.0,17.0,37.0,37.0,1019.9,1016.2,4.45,4.51,16.3,20.1,0,0,7.099999999999998,0.0,0.05999999999999961,-3.699999999999932,0.0,9.78,19.17,0.7799999999999998,4.281000000000001,6.790000000000001,9.39,-16.2,-1.8100000000000023,5.4,63.4,47.2,August,7.799999999999998
Adelaide,9.8,22.4,0.0,2.0,9.9,N,43.0,13.0,17.0,76.0,46.0,1016.4,1009.9,4.45,4.51,13.7,21.8,0,0,12.599999999999998,-30.0,0.05999999999999961,-6.5,4.0,10.42,19.58,0.7799999999999998,4.134,7.5200000000000005,9.16,-15.3,-1.7799999999999954,5.4,62.7,47.4,August,7.799999999999998
Adelaide,13.6,15.7,0.4,3.8,7.61,W,59.0,20.0,20.0,65.0,51.0,1005.8,1007.0,4.45,4.51,14.3,14.8,0,0,2.0999999999999996,-14.0,0.05999999999999961,1.2000000000000455,0.0,10.190000000000001,19.979999999999997,0.7399999999999998,3.7340000000000004,8.069999999999999,9.79,-20.1,-2.2799999999999954,4.4,66.2,46.1,August,7.399999999999998
Adelaide,7.9,17.4,0.0,5.47,7.61,NNW,50.0,13.0,19.0,76.0,56.0,1007.3,1006.2,4.45,4.51,12.4,16.1,0,0,9.499999999999998,-20.0,0.05999999999999961,-1.099999999999909,6.0,10.42,19.839999999999996,0.7199999999999999,3.9739999999999993,8.251000000000001,9.42,-18.5,-2.229999999999984,3.6,64.1,45.6,August,7.199999999999998
Adelaide,8.8,19.0,0.0,5.47,7.7,NW,57.0,15.0,22.0,72.0,40.0,1006.4,1003.2,4.45,4.51,12.3,18.7,0,1,10.2,-32.0,0.05999999999999961,-3.199999999999932,7.0,10.13,19.82,0.6199999999999999,4.361,8.342,9.689999999999998,-17.3,-2.1499999999999773,3.8,62.6,45.3,August,6.199999999999998
Adelaide,9.9,14.6,2.0,6.4,0.7,W,81.0,20.0,28.0,79.0,91.0,1004.2,1000.5,4.45,4.51,11.8,12.1,1,1,4.699999999999999,12.0,0.05999999999999961,-3.7000000000000455,8.0,10.35,19.9,0.6199999999999999,4.767999999999999,8.361999999999998,9.549999999999999,-18.2,-2.4699999999999704,3.8,62.1,43.9,August,6.199999999999998
Adelaide,7.7,15.3,12.0,2.6,2.7,W,65.0,20.0,30.0,72.0,60.0,1011.3,1010.6,4.45,4.51,12.5,15.3,1,1,7.6000000000000005,-12.0,0.05999999999999961,-0.6999999999999318,10.0,10.709999999999999,19.16,0.8199999999999997,5.268,7.392,8.45,-14.1,-2.3599999999999683,4.2,63.6,49.5,August,8.199999999999998
Adelaide,10.3,15.6,4.0,1.0,4.4,NW,39.0,19.0,20.0,63.0,62.0,1018.2,1017.1,4.45,4.51,13.2,14.4,1,0,5.299999999999999,-1.0,0.05999999999999961,-1.1000000000000227,1.0,10.07,18.02,2.0199999999999996,4.981,6.802,7.949999999999998,-14.6,-1.8899999999999637,4.9,67.1,52.5,August,20.199999999999996
Adelaide,7.9,17.7,0.0,2.4,8.3,WNW,37.0,11.0,20.0,79.0,54.0,1015.1,1012.8,4.45,4.51,11.7,17.2,0,0,9.799999999999999,-25.0,0.05999999999999961,-2.300000000000068,9.0,9.970000000000002,17.93,2.04,4.534,6.662000000000001,7.959999999999999,-13.4,-2.209999999999968,4.6,66.9,53.5,August,20.4
Adelaide,7.0,22.9,0.0,0.4,5.1,NNW,41.0,9.0,9.0,52.0,39.0,1011.2,1005.4,4.45,4.51,15.9,20.0,0,1,15.899999999999999,-13.0,0.05999999999999961,-5.800000000000068,0.0,9.65,17.98,1.8399999999999999,3.474,6.662000000000001,8.33,-15.4,-2.5699999999999816,5.1,69.0,53.6,August,18.4
Adelaide,12.9,16.4,6.6,5.47,1.1,WSW,61.0,11.0,19.0,89.0,84.0,1004.4,1006.5,4.45,4.51,13.3,12.4,1,1,3.4999999999999982,-5.0,0.05999999999999961,2.1000000000000227,8.0,9.67,18.15,1.8399999999999999,3.354,6.132000000000001,8.479999999999999,-13.5,-2.689999999999986,4.5,67.1,53.6,August,18.4
Adelaide,9.2,15.4,15.8,5.47,4.3,SW,41.0,17.0,20.0,66.0,64.0,1019.4,1019.3,4.45,4.51,12.0,13.4,1,1,6.200000000000001,-2.0,0.05999999999999961,-0.10000000000002274,3.0,9.580000000000002,17.7,2.4999999999999996,3.501,5.5120000000000005,8.12,-14.0,-2.109999999999991,5.3,72.3,58.3,August,24.999999999999996
Adelaide,10.5,17.0,2.6,8.0,4.9,WNW,37.0,15.0,20.0,94.0,62.0,1021.4,1020.3,4.45,4.51,12.6,16.2,1,1,6.5,-32.0,0.05999999999999961,-1.1000000000000227,5.0,9.52,17.0,4.08,3.848,4.952,7.4799999999999995,-11.2,-1.469999999999993,5.2,71.3,60.1,August,40.8
Adelaide,10.9,18.0,1.6,2.2,7.5,N,26.0,7.0,15.0,88.0,49.0,1023.2,1019.5,4.45,4.51,12.9,17.6,1,0,7.1,-39.0,0.05999999999999961,-3.7000000000000455,8.0,9.209999999999999,17.130000000000003,4.3,4.268,4.681,7.919999999999999,-13.0,-1.7,5.7,74.2,61.2,September,43.0
Adelaide,11.1,21.6,0.0,2.6,6.1,N,43.0,17.0,20.0,38.0,46.0,1015.1,1010.7,4.45,4.51,17.4,17.7,0,0,10.500000000000002,8.0,0.05999999999999961,-4.399999999999977,3.0,9.51,17.19,4.46,3.9410000000000003,4.67,7.679999999999998,-14.9,-1.9600000000000137,5.9,75.4,60.5,September,44.6
Adelaide,10.0,17.8,0.4,3.4,8.4,W,50.0,20.0,26.0,65.0,55.0,1012.8,1012.1,4.45,4.51,14.2,15.8,0,1,7.800000000000001,-10.0,0.05999999999999961,-0.6999999999999318,6.0,9.74,17.45,4.46,3.654,4.51,7.709999999999999,-10.9,-2.0800000000000183,5.5,72.0,61.1,September,44.6
Adelaide,9.4,15.7,3.4,2.6,7.3,WSW,39.0,22.0,20.0,67.0,54.0,1015.7,1015.8,4.45,4.51,12.9,14.5,1,0,6.299999999999999,-13.0,0.05999999999999961,0.09999999999990905,-2.0,9.75,17.770000000000003,4.3,3.354,5.28,8.02,-13.1,-1.780000000000007,5.3,70.6,57.5,September,43.0
Adelaide,11.0,16.4,0.0,5.47,6.4,NNW,33.0,13.0,11.0,62.0,42.0,1018.9,1015.6,4.45,4.51,13.2,15.9,0,0,5.399999999999999,-20.0,0.05999999999999961,-3.2999999999999545,-2.0,9.92,17.81,3.44,3.354,5.74,7.890000000000001,-13.2,-1.7000000000000228,4.1,70.1,56.9,September,34.4
Adelaide,11.3,19.3,0.2,5.47,6.4,NNW,56.0,17.0,20.0,30.0,41.0,1005.1,1005.6,4.45,4.51,16.2,17.8,0,1,8.0,11.0,0.05999999999999961,0.5,3.0,9.99,17.89,3.04,3.8009999999999997,5.94,7.899999999999999,-15.1,-1.920000000000016,3.8,70.0,54.9,September,30.4
Adelaide,11.8,17.5,2.2,9.6,7.3,WNW,37.0,6.0,19.0,91.0,48.0,1009.6,1010.8,4.45,4.51,12.8,16.9,1,0,5.699999999999999,-43.0,0.05999999999999961,1.1999999999999318,13.0,10.33,18.05,3.0599999999999996,4.108,5.75,7.719999999999999,-11.5,-1.640000000000009,3.2,65.1,53.6,September,30.599999999999998
Adelaide,10.0,14.8,0.2,2.6,1.1,SW,28.0,9.0,9.0,58.0,57.0,1020.0,1018.7,4.45,4.51,13.0,14.2,0,0,4.800000000000001,-1.0,0.05999999999999961,-1.2999999999999545,0.0,10.81,17.51,3.28,5.0280000000000005,5.970000000000001,6.7,-14.5,-0.940000000000009,4.5,69.0,54.5,September,32.8
Adelaide,10.6,15.5,0.0,1.8,1.3,SW,20.0,9.0,6.0,55.0,55.0,1020.1,1017.6,4.45,4.51,12.5,13.9,0,0,4.9,0.0,0.05999999999999961,-2.5,-3.0,10.52,17.35,2.6399999999999997,4.7410000000000005,5.97,6.83,-14.1,-1.280000000000007,3.7,65.9,51.8,September,26.4
Adelaide,4.8,22.6,0.0,0.6,11.1,NNE,41.0,13.0,15.0,47.0,26.0,1018.3,1013.8,4.45,4.51,14.3,21.5,0,0,17.8,-21.0,0.05999999999999961,-4.5,2.0,10.66,17.36,1.0599999999999998,4.374,5.67,6.7,-13.9,-1.5200000000000045,3.1,64.8,50.9,September,10.599999999999998
Adelaide,14.2,29.4,0.0,6.2,6.7,NNW,69.0,26.0,28.0,14.0,12.0,1007.4,1005.9,4.45,4.51,22.5,28.7,0,0,15.2,-2.0,0.05999999999999961,-1.5,2.0,10.09,17.919999999999998,0.7999999999999999,3.6339999999999995,6.290000000000001,7.83,-12.8,-1.8600000000000023,2.8,60.1,47.3,September,7.999999999999999
Adelaide,11.9,30.9,0.0,5.47,7.7,N,54.0,24.0,22.0,13.0,13.0,1007.2,1005.1,4.45,4.51,24.0,29.5,0,0,19.0,0.0,0.05999999999999961,-2.1000000000000227,-2.0,10.42,19.06,0.6399999999999999,4.034000000000001,6.21,8.64,-9.1,-1.6399999999999977,2.2,52.7,43.6,September,6.399999999999999
Adelaide,12.9,18.9,0.8,5.47,7.5,WSW,56.0,17.0,31.0,46.0,57.0,1016.9,1018.6,4.45,4.51,16.6,16.0,0,0,5.999999999999998,11.0,0.05999999999999961,1.7000000000000455,14.0,10.5,19.990000000000002,0.6399999999999999,4.321,6.37,9.49,-9.9,-1.4100000000000024,1.7,50.2,40.3,September,6.399999999999999
Adelaide,6.5,16.9,0.6,13.4,10.7,NNW,28.0,9.0,9.0,59.0,38.0,1024.6,1021.2,4.45,4.51,12.9,15.5,0,0,10.399999999999999,-21.0,0.05999999999999961,-3.3999999999998636,0.0,10.79,20.1,0.6799999999999998,4.5280000000000005,6.28,9.309999999999999,-7.8,-1.1700000000000046,2.5,48.3,40.5,September,6.799999999999998
Adelaide,6.0,24.4,0.0,3.4,11.2,NE,35.0,9.0,13.0,33.0,22.0,1019.8,1016.2,4.45,4.51,16.3,23.8,0,0,18.4,-11.0,0.05999999999999961,-3.599999999999909,4.0,10.5,20.22,0.39999999999999986,5.608,6.62,9.719999999999999,-8.6,-1.5199999999999818,2.7,47.5,38.9,September,3.9999999999999987
Adelaide,16.3,26.2,0.2,5.0,1.9,NNE,50.0,7.0,11.0,42.0,62.0,1013.3,1009.8,4.45,4.51,19.8,19.4,0,1,9.899999999999999,20.0,0.05999999999999961,-3.5,4.0,10.0,21.02,0.39999999999999986,5.401,7.1,11.02,-7.7,-1.5499999999999772,3.3,44.6,36.9,September,3.9999999999999987
Adelaide,14.2,17.4,8.8,2.0,7.1,SW,41.0,15.0,20.0,82.0,56.0,1014.9,1018.0,4.45,4.51,16.2,16.7,1,0,3.1999999999999993,-26.0,0.05999999999999961,3.1000000000000227,5.0,10.5,21.71,0.3999999999999998,5.354,6.649999999999999,11.209999999999999,-6.8,-1.9499999999999773,3.4,45.8,39.0,September,3.9999999999999982
Adelaide,6.2,22.0,0.2,3.4,11.2,N,39.0,13.0,20.0,57.0,37.0,1021.9,1016.1,4.45,4.51,14.8,21.2,0,0,15.8,-20.0,0.05999999999999961,-5.7999999999999545,7.0,10.739999999999998,21.699999999999996,1.0599999999999998,4.593999999999999,6.63,10.959999999999999,-5.1,-1.7599999999999683,2.6,44.9,39.8,September,10.599999999999998
Adelaide,13.5,18.5,2.36,5.47,10.4,SW,35.0,15.0,22.0,76.0,35.0,1016.0,1015.8,4.45,4.51,16.2,17.9,0,0,5.0,-41.0,0.05999999999999961,-0.20000000000004547,7.0,10.36,22.419999999999998,1.0599999999999998,4.6739999999999995,7.640000000000001,12.059999999999999,-7.0,-2.209999999999968,3.3,44.8,37.8,September,10.599999999999998
Adelaide,8.4,18.9,2.36,5.47,9.9,WSW,31.0,9.0,13.0,65.0,49.0,1018.0,1015.4,4.45,4.51,15.0,18.2,0,0,10.499999999999998,-16.0,0.05999999999999961,-2.6000000000000227,4.0,10.65,22.72,1.2959999999999998,5.0409999999999995,8.55,12.069999999999999,-11.1,-1.9799999999999727,4.3,46.9,35.8,September,12.959999999999999
Adelaide,8.1,17.8,0.4,10.0,2.8,E,65.0,15.0,19.0,47.0,72.0,1007.2,993.8,4.45,4.51,15.5,15.2,0,1,9.700000000000001,25.0,0.05999999999999961,-13.400000000000091,4.0,11.010000000000002,22.349999999999998,1.5319999999999998,5.5280000000000005,8.43,11.34,-10.6,-1.789999999999975,4.5,48.7,38.1,September,15.319999999999999
Adelaide,9.9,17.1,24.2,2.2,2.5,NNW,37.0,9.0,24.0,71.0,88.0,998.7,995.0,4.45,4.51,14.4,12.7,1,1,7.200000000000001,17.0,0.05999999999999961,-3.7000000000000455,15.0,10.4,21.19,1.5719999999999998,5.9079999999999995,8.04,10.79,-7.9,-2.979999999999984,4.7,52.0,44.1,September,15.719999999999999
Adelaide,11.1,16.9,5.2,1.2,5.5,SW,48.0,24.0,20.0,71.0,57.0,1013.3,1015.0,4.45,4.51,13.8,15.6,1,0,5.799999999999999,-14.0,0.05999999999999961,1.7000000000000455,-4.0,10.2,19.81,3.992,5.5809999999999995,7.5200000000000005,9.61,-6.2,-3.1399999999999864,6.4,57.8,51.6,September,39.92
Adelaide,12.4,20.4,0.2,2.6,10.1,NW,46.0,24.0,20.0,73.0,47.0,1015.3,1011.0,4.45,4.51,15.7,20.0,0,1,7.999999999999998,-26.0,0.05999999999999961,-4.2999999999999545,-4.0,10.02,19.61,4.432,5.154,7.32,9.59,-8.7,-3.1399999999999864,4.6,60.3,51.6,September,44.32
Adelaide,11.8,14.8,2.8,4.2,1.0,W,63.0,13.0,19.0,68.88,73.0,1017.65,1003.1,4.45,4.51,16.99,10.8,1,1,3.0,4.1200000000000045,0.05999999999999961,-14.549999999999955,6.0,10.610000000000001,19.959999999999997,4.392,4.074,7.26,9.35,-9.2,-3.2299999999999955,4.2,61.7,52.5,September,43.92
Adelaide,8.2,15.2,8.2,5.47,8.0,SW,59.0,24.0,26.0,65.0,43.0,1014.0,1017.1,4.45,4.51,11.6,14.4,1,1,7.0,-22.0,0.05999999999999961,3.1000000000000227,2.0,11.190000000000001,19.0,4.672,4.154,6.24,7.81,-7.688,-4.325,4.4,65.288,57.6,September,46.72
Adelaide,9.4,14.8,1.2,5.47,5.3,SW,43.0,24.0,15.0,62.0,66.0,1023.1,1021.6,4.45,4.51,11.4,12.9,1,0,5.4,4.0,0.05999999999999961,-1.5,-9.0,10.379999999999999,17.9,5.4719999999999995,4.201,6.85,7.519999999999999,-11.888,-3.664999999999998,4.2,67.588,55.7,September,54.72
Adelaide,7.2,17.5,0.8,8.6,4.1,N,20.0,9.0,4.0,73.0,60.0,1020.6,1016.1,4.45,4.51,11.7,14.4,0,0,10.3,-13.0,0.05999999999999961,-4.5,-5.0,9.9,17.64,4.712,4.548,6.67,7.74,-8.888,-4.125,2.8,65.588,56.7,September,47.12
Adelaide,8.5,23.1,0.0,0.6,9.0,NNW,43.0,15.0,26.0,45.0,23.0,1012.3,1007.8,4.45,4.51,17.5,22.6,0,0,14.600000000000001,-22.0,0.05999999999999961,-4.5,11.0,10.0,17.19,4.772,5.068,5.96,7.19,-8.187999999999999,-3.9950000000000045,1.6,67.188,59.0,September,47.72
Adelaide,17.4,26.3,0.0,5.8,4.0,NE,43.0,9.0,11.0,23.0,19.0,1008.0,1005.3,4.45,4.51,20.7,25.5,0,0,8.900000000000002,-4.0,0.05999999999999961,-2.7000000000000455,2.0,9.5,17.65,4.536,4.5809999999999995,5.82,8.15,-6.287999999999999,-4.425,2.0,64.088,57.8,September,45.36
Adelaide,11.7,18.7,0.0,3.6,2.1,SSW,33.0,9.0,20.0,64.0,55.0,1013.7,1013.3,4.45,4.51,14.2,16.7,0,0,7.0,-9.0,0.05999999999999961,-0.40000000000009095,11.0,10.4,18.39,4.3,4.613999999999999,5.2299999999999995,7.99,-5.087999999999999,-4.435000000000002,1.8,59.888,54.8,October,43.0
Adelaide,11.5,15.1,0.0,2.8,1.1,SSE,39.0,7.0,20.0,76.0,66.0,1016.7,1015.9,4.45,4.51,11.9,12.9,0,0,3.5999999999999996,-10.0,0.05999999999999961,-0.8000000000000682,13.0,10.76,18.479999999999997,4.26,3.974,5.16,7.720000000000001,-8.488,-3.1350000000000025,2.5,61.588,53.1,October,42.599999999999994
Adelaide,9.6,16.4,0.4,5.47,3.9,WSW,30.0,11.0,13.0,62.0,58.0,1021.8,1020.1,4.45,4.51,12.7,14.3,0,0,6.799999999999999,-4.0,0.05999999999999961,-1.6999999999999318,2.0,10.919999999999998,18.28,1.8399999999999994,4.034,5.0200000000000005,7.359999999999999,-11.187999999999999,-2.8450000000000046,2.3,62.088,50.9,October,18.399999999999995
Adelaide,8.5,17.9,0.0,5.47,6.6,WSW,30.0,4.0,15.0,76.0,42.0,1022.8,1022.1,4.45,4.51,11.0,16.3,0,0,9.399999999999999,-34.0,0.05999999999999961,-0.6999999999999318,11.0,10.77,18.229999999999997,1.3599999999999997,4.461,4.86,7.459999999999999,-10.187999999999999,-3.1850000000000023,2.9,61.188,51.0,October,13.599999999999996
Adelaide,10.8,17.8,0.0,5.47,10.1,SSW,35.0,2.0,19.0,63.0,55.0,1025.9,1025.7,4.45,4.51,14.7,17.2,0,0,7.0,-8.0,0.05999999999999961,-0.20000000000004547,17.0,10.379999999999999,17.979999999999997,1.3399999999999994,4.748,4.51,7.6,-10.988,-2.825,4.4,61.488,50.5,October,13.399999999999995
Adelaide,6.0,18.1,0.0,10.4,10.4,SSE,41.0,6.0,22.0,70.0,44.0,1028.3,1025.4,4.45,4.51,11.0,17.3,0,0,12.100000000000001,-26.0,0.05999999999999961,-2.8999999999998636,16.0,10.28,18.28,1.0599999999999994,4.875,5.42,8.0,-12.2,-1.390000000000009,5.5,60.9,48.7,October,10.599999999999994
Adelaide,6.1,16.9,0.0,3.4,11.6,SE,43.0,11.0,17.0,51.0,35.0,1028.6,1028.0,4.45,4.51,11.7,16.0,0,0,10.799999999999999,-16.0,0.05999999999999961,-0.599999999999909,6.0,10.059999999999999,18.57,0.23999999999999946,5.368,5.659999999999999,8.51,-12.6,-1.9899999999999978,6.9,61.4,48.8,October,2.3999999999999946
Adelaide,8.2,17.1,0.0,4.0,11.3,SSE,35.0,13.0,19.0,59.0,40.0,1030.7,1028.5,4.45,4.51,11.0,16.3,0,0,8.900000000000002,-19.0,0.05999999999999961,-2.2000000000000455,6.0,9.73,18.78,0.11999999999999948,5.161,6.29,9.05,-14.6,-1.8999999999999886,8.4,60.3,45.7,October,1.1999999999999948
Adelaide,7.9,17.1,0.0,3.6,10.1,ESE,33.0,13.0,15.0,58.0,31.0,1029.2,1026.1,4.45,4.51,12.3,16.7,0,0,9.200000000000001,-27.0,0.05999999999999961,-3.1000000000001364,2.0,9.83,18.740000000000002,0.03999999999999947,4.701,7.01,8.91,-15.2,-1.6699999999999933,9.5,58.9,43.7,October,0.3999999999999947
Adelaide,8.3,22.3,0.0,5.47,11.7,NE,39.0,13.0,20.0,40.0,23.0,1025.0,1020.6,4.45,4.51,15.9,21.3,0,0,14.0,-17.0,0.05999999999999961,-4.399999999999977,7.0,9.77,18.14,0.03999999999999947,5.0009999999999994,7.12,8.370000000000001,-15.7,-1.530000000000007,8.6,60.2,44.5,October,0.3999999999999947
Adelaide,15.9,27.6,0.0,5.47,6.3,NW,50.0,13.0,20.0,21.0,14.0,1014.2,1008.1,4.45,4.51,20.6,27.2,0,1,11.700000000000001,-7.0,0.05999999999999961,-6.100000000000023,7.0,8.860000000000001,17.740000000000002,0.03999999999999947,4.968,7.890000000000001,8.879999999999999,-17.0,-1.7,9.1,61.9,44.9,October,0.3999999999999947
Adelaide,12.3,16.4,3.0,15.2,6.8,WNW,61.0,28.0,31.0,63.0,53.0,1005.1,1004.5,4.45,4.51,13.7,15.2,1,1,4.099999999999998,-10.0,0.05999999999999961,-0.6000000000000227,3.0,9.280000000000001,18.630000000000003,0.03999999999999947,5.154999999999999,8.31,9.35,-16.8,-2.2699999999999934,8.7,57.6,40.8,October,0.3999999999999947
Adelaide,10.4,16.0,6.4,4.0,4.6,W,61.0,26.0,22.0,63.0,77.0,1002.0,1002.8,4.45,4.51,13.5,13.6,1,1,5.6,14.0,0.05999999999999961,0.7999999999999545,-4.0,9.360000000000001,18.759999999999998,0.33999999999999947,6.3950000000000005,8.879999999999999,9.4,-16.8,-2.2499999999999885,7.7,56.3,39.5,October,3.3999999999999946
Adelaide,11.6,16.5,6.2,2.6,3.5,WSW,59.0,26.0,20.0,73.0,62.0,1011.7,1013.0,4.45,4.51,13.4,15.0,1,0,4.9,-11.0,0.05999999999999961,1.2999999999999545,-6.0,9.44,18.720000000000002,0.9399999999999995,6.248,8.95,9.280000000000001,-15.0,-2.0,7.1,56.4,41.4,October,9.399999999999995
Adelaide,12.1,16.1,0.8,3.0,9.4,WSW,54.0,22.0,17.0,59.0,60.0,1016.1,1017.8,4.45,4.51,13.4,14.5,0,1,4.000000000000002,1.0,0.05999999999999961,1.6999999999999318,-5.0,9.75,18.580000000000002,1.5599999999999994,5.961,8.639999999999999,8.83,-12.7,-1.8000000000000114,5.4,56.1,43.4,October,15.599999999999994
Adelaide,9.5,16.2,1.4,4.0,5.2,SW,39.0,17.0,15.0,74.0,57.0,1024.7,1024.4,4.45,4.51,11.8,15.4,1,0,6.699999999999999,-17.0,0.05999999999999961,-0.2999999999999545,-2.0,9.879999999999999,18.41,1.6399999999999995,5.714,8.57,8.53,-11.8,-1.6100000000000136,3.2,55.7,43.9,October,16.399999999999995
Adelaide,10.4,17.4,0.2,5.47,8.1,WSW,33.0,9.0,19.0,61.0,42.0,1029.5,1028.2,4.45,4.51,13.1,17.0,0,0,6.999999999999998,-19.0,0.05999999999999961,-1.2999999999999545,10.0,10.23,18.22,1.7799999999999994,5.074,8.05,7.99,-10.9,-1.3500000000000227,1.4,56.1,45.2,October,17.799999999999994
Adelaide,6.1,20.6,0.0,5.47,12.4,SW,28.0,6.0,19.0,58.0,42.0,1029.9,1027.5,4.45,4.51,13.1,18.4,0,0,14.500000000000002,-16.0,0.05999999999999961,-2.400000000000091,13.0,10.66,18.27,1.7999999999999996,5.281000000000001,7.7,7.610000000000001,-11.2,-1.4200000000000272,1.8,57.1,45.9,October,17.999999999999996
Adelaide,8.9,27.7,0.0,10.8,12.4,NW,31.0,15.0,17.0,37.0,17.0,1025.3,1021.2,4.45,4.51,18.6,27.1,0,0,18.799999999999997,-20.0,0.05999999999999961,-4.099999999999909,2.0,10.45,18.619999999999997,1.7999999999999996,5.428,7.8100000000000005,8.17,-10.9,-1.440000000000032,2.5,57.0,46.1,October,17.999999999999996
Adelaide,16.7,30.5,0.0,6.2,9.6,NW,31.0,13.0,17.0,16.0,13.0,1018.7,1016.1,4.45,4.51,23.3,30.3,0,0,13.8,-3.0,0.05999999999999961,-2.6000000000000227,4.0,10.55,19.68,1.7999999999999996,6.148000000000001,8.04,9.129999999999999,-10.2,-1.5400000000000091,2.5,54.9,44.7,October,17.999999999999996
Adelaide,13.1,22.7,0.0,6.6,12.2,SSE,28.0,13.0,9.0,52.0,39.0,1022.3,1020.8,4.45,4.51,16.3,21.6,0,0,9.6,-13.0,0.05999999999999961,-1.5,-4.0,11.39,20.5,1.7999999999999996,6.221,7.83,9.11,-8.8,-1.3600000000000136,2.2,52.5,43.7,October,17.999999999999996
Adelaide,10.8,25.6,0.0,5.2,12.5,SW,30.0,4.0,9.0,53.0,33.0,1021.9,1020.2,4.45,4.51,17.9,24.5,0,0,14.8,-20.0,0.05999999999999961,-1.6999999999999318,5.0,11.11,20.009999999999998,1.7999999999999996,6.3340000000000005,8.419999999999998,8.9,-9.4,-0.9000000000000113,1.1,55.6,46.2,October,17.999999999999996
Adelaide,11.7,27.4,0.0,5.0,9.3,W,31.0,7.0,19.0,55.0,35.0,1022.1,1020.1,4.45,4.51,16.7,26.8,0,0,15.7,-20.0,0.05999999999999961,-2.0,12.0,10.959999999999999,20.93,1.4999999999999996,5.3340000000000005,8.989999999999998,9.97,-10.4,-1.0100000000000022,1.3,54.6,44.2,October,14.999999999999995
Adelaide,15.6,27.3,0.0,5.47,6.1,SE,35.0,0.0,11.0,36.0,40.0,1018.0,1017.8,4.45,4.51,25.1,25.6,0,0,11.700000000000001,4.0,0.05999999999999961,-0.20000000000004547,11.0,11.09,22.07,0.8599999999999994,5.434,9.46,10.98,-13.8,-1.2899999999999978,2.9,53.8,40.0,October,8.599999999999994
Adelaide,11.9,18.1,0.0,5.47,8.8,SSE,46.0,13.0,26.0,57.0,39.0,1024.3,1024.4,4.45,4.51,14.1,18.0,0,0,6.200000000000001,-18.0,0.05999999999999961,0.10000000000013642,13.0,11.489999999999998,23.15,0.23999999999999946,5.721,9.72,11.66,-12.3,-1.4399999999999977,4.6,50.1,37.8,October,2.3999999999999946
Adelaide,9.9,20.4,0.0,13.4,12.5,SE,48.0,17.0,17.0,52.0,34.0,1028.0,1024.3,4.45,4.51,13.0,19.8,0,0,10.499999999999998,-18.0,0.05999999999999961,-3.7000000000000455,0.0,11.47,23.35,0.15999999999999945,5.968,9.66,11.879999999999999,-14.2,-1.5999999999999772,6.4,49.9,35.7,October,1.5999999999999945
Adelaide,11.9,26.3,0.0,5.0,12.7,ESE,43.0,7.0,13.0,37.0,29.0,1023.7,1021.3,4.45,4.51,19.9,25.7,0,0,14.4,-8.0,0.05999999999999961,-2.400000000000091,6.0,11.51,23.770000000000003,0.01999999999999947,6.9079999999999995,10.389999999999999,12.26,-14.3,-1.9399999999999864,6.6,47.7,33.4,October,0.19999999999999468
Adelaide,14.9,30.1,0.0,6.0,11.2,SE,46.0,9.0,13.0,44.0,31.0,1021.8,1017.9,4.45,4.51,21.2,29.4,0,0,15.200000000000001,-13.0,0.05999999999999961,-3.8999999999999773,4.0,11.66,24.66,0.0,6.861,10.85,13.0,-13.2,-2.05,6.2,45.3,32.1,October,0.0
Adelaide,17.4,33.7,0.0,6.6,12.2,SE,37.0,13.0,13.0,38.0,27.0,1017.1,1014.2,4.45,4.51,27.2,33.0,0,0,16.300000000000004,-11.0,0.05999999999999961,-2.8999999999999773,0.0,12.540000000000001,25.610000000000003,0.0,6.914,10.73,13.069999999999999,-12.9,-2.1999999999999886,5.3,43.9,31.0,October,0.0
Adelaide,20.6,33.1,0.0,6.2,11.7,WNW,39.0,9.0,11.0,36.0,33.0,1016.4,1015.8,4.45,4.51,27.3,31.1,0,0,12.5,-3.0,0.05999999999999961,-0.6000000000000227,2.0,13.39,26.21,0.0,6.494,10.709999999999999,12.820000000000002,-12.0,-2.0799999999999956,5.1,44.0,32.0,October,0.0
Adelaide,16.0,32.5,0.0,6.8,12.3,SW,31.0,2.0,6.0,58.0,40.0,1018.1,1016.0,4.45,4.51,22.2,28.1,0,0,16.5,-18.0,0.05999999999999961,-2.1000000000000227,4.0,13.780000000000001,26.47,0.0,6.494,10.919999999999998,12.690000000000001,-12.0,-1.8799999999999955,4.9,46.0,34.0,October,0.0
Adelaide,16.7,34.9,0.0,5.47,11.7,ESE,54.0,6.0,9.0,59.0,15.0,1020.1,1017.1,4.45,4.51,22.9,34.2,0,0,18.2,-44.0,0.05999999999999961,-3.0,3.0,14.069999999999999,27.45,0.0,6.514,10.930000000000001,13.38,-12.5,-1.9399999999999977,5.7,46.6,34.1,November,0.0
Adelaide,22.9,37.9,0.0,17.2,8.0,E,65.0,17.0,30.0,27.0,37.0,1013.7,1011.1,4.45,4.51,32.1,28.0,0,0,15.0,10.0,0.05999999999999961,-2.6000000000000227,13.0,14.66,28.380000000000003,0.0,6.5409999999999995,10.85,13.719999999999999,-14.9,-2.0700000000000047,5.5,47.2,32.3,November,0.0
Adelaide,13.0,20.0,0.6,8.2,8.9,W,50.0,24.0,26.0,65.0,47.0,1019.4,1019.9,4.45,4.51,14.8,18.8,0,0,7.0,-18.0,0.05999999999999961,0.5,2.0,15.780000000000001,29.429999999999996,0.0,7.761,10.719999999999999,13.65,-11.9,-2.130000000000007,5.6,44.4,32.5,November,0.0
Adelaide,13.3,19.3,0.0,5.2,6.7,W,39.0,9.0,20.0,56.0,48.0,1024.1,1023.4,4.45,4.51,14.7,18.0,0,0,6.0,-8.0,0.05999999999999961,-0.6999999999999318,11.0,15.52,28.7,0.059999999999999463,8.034,11.0,13.180000000000001,-14.1,-2.0600000000000023,4.7,47.3,33.2,November,0.5999999999999946
Adelaide,10.4,20.4,0.0,4.2,7.5,SE,31.0,13.0,11.0,57.0,41.0,1025.9,1022.8,4.45,4.51,14.7,18.2,0,0,9.999999999999998,-16.0,0.05999999999999961,-3.1000000000001364,-2.0,15.66,28.82,0.059999999999999463,8.007,10.790000000000001,13.160000000000002,-13.1,-2.140000000000009,4.5,47.2,34.1,November,0.5999999999999946
Adelaide,11.9,28.2,0.0,4.6,12.5,SW,35.0,20.0,7.0,38.0,18.0,1022.6,1020.4,4.45,4.51,19.7,27.2,0,0,16.299999999999997,-20.0,0.05999999999999961,-2.2000000000000455,-13.0,15.709999999999999,28.820000000000004,0.059999999999999463,7.086999999999999,10.290000000000001,13.11,-12.9,-2.0800000000000183,4.3,47.7,34.8,November,0.5999999999999946
Adelaide,18.6,34.4,0.0,5.47,12.7,ESE,37.0,15.0,15.0,17.0,8.0,1022.2,1020.3,4.45,4.51,27.1,32.3,0,0,15.799999999999997,-9.0,0.05999999999999961,-1.900000000000091,0.0,15.709999999999999,29.01,0.059999999999999463,7.047,10.27,13.3,-14.1,-2.060000000000014,2.4,47.8,33.7,November,0.5999999999999946
Adelaide,25.4,36.7,0.0,5.47,12.9,ESE,37.0,15.0,13.0,23.0,12.0,1022.3,1019.6,4.45,4.51,29.7,36.6,0,0,11.300000000000004,-11.0,0.05999999999999961,-2.699999999999932,-2.0,16.080000000000002,29.439999999999998,0.059999999999999463,6.9940000000000015,10.419999999999998,13.36,-13.7,-1.860000000000025,2.0,45.1,31.4,November,0.5999999999999946
Adelaide,24.5,37.0,0.0,27.2,12.9,ESE,35.0,13.0,19.0,28.0,18.0,1020.4,1018.3,4.45,4.51,31.3,36.1,0,0,12.5,-10.0,0.05999999999999961,-2.1000000000000227,6.0,16.880000000000003,29.74,0.059999999999999463,6.881,10.49,12.86,-13.7,-1.8400000000000205,1.8,43.6,29.9,November,0.5999999999999946
Adelaide,22.9,38.9,0.0,10.8,12.5,SE,37.0,11.0,19.0,22.0,13.0,1018.5,1016.3,4.45,4.51,32.3,37.6,0,0,16.0,-9.0,0.05999999999999961,-2.2000000000000455,8.0,17.270000000000003,30.129999999999995,0.059999999999999463,8.981,10.610000000000001,12.86,-14.4,-1.9900000000000204,2.2,42.8,28.4,November,0.5999999999999946
Adelaide,23.7,39.2,0.0,11.8,13.0,WSW,31.0,6.0,17.0,31.0,12.0,1019.8,1018.4,4.45,4.51,32.1,38.7,0,0,15.500000000000004,-19.0,0.05999999999999961,-1.3999999999999773,11.0,17.96,30.77,0.059999999999999463,9.381,10.63,12.809999999999999,-13.5,-2.0000000000000226,2.6,39.2,25.7,November,0.5999999999999946
Adelaide,24.5,39.2,0.0,11.4,12.3,SSE,35.0,6.0,17.0,38.0,12.0,1020.5,1018.2,4.45,4.51,30.4,38.5,0,0,14.700000000000003,-26.0,0.05999999999999961,-2.2999999999999545,11.0,18.66,31.2,0.059999999999999463,10.014000000000001,10.760000000000002,12.540000000000001,-11.0,-1.8400000000000205,3.4,36.4,25.4,November,0.5999999999999946
Adelaide,21.9,38.7,0.0,11.0,12.8,ESE,28.0,4.0,15.0,32.0,10.0,1018.1,1014.9,4.45,4.51,28.4,38.3,0,0,16.800000000000004,-22.0,0.05999999999999961,-3.2000000000000455,11.0,18.82,31.330000000000002,0.059999999999999463,9.434000000000001,11.190000000000001,12.510000000000002,-14.6,-1.8100000000000136,3.2,37.5,22.9,November,0.5999999999999946
Adelaide,23.3,39.5,0.0,5.47,13.1,SW,28.0,0.0,17.0,25.0,9.0,1014.0,1011.8,4.45,4.51,30.3,38.2,0,0,16.2,-16.0,0.05999999999999961,-2.2000000000000455,17.0,19.71,33.2,0.0,9.714,11.58,13.49,-15.0,-2.1800000000000184,4.1,34.2,19.2,November,0.0
Adelaide,20.9,39.4,0.0,5.47,11.2,SW,35.0,6.0,15.0,23.0,11.0,1011.0,1008.8,4.45,4.51,30.6,39.1,0,0,18.5,-12.0,0.05999999999999961,-2.2000000000000455,9.0,20.71,35.220000000000006,0.0,9.741,12.22,14.510000000000002,-15.8,-2.3300000000000294,4.7,31.1,15.3,November,0.0
Adelaide,22.8,31.9,0.0,28.8,11.3,SSW,31.0,4.0,17.0,43.0,23.0,1009.9,1008.8,4.45,4.51,26.1,30.3,0,0,9.099999999999998,-20.0,0.05999999999999961,-1.1000000000000227,13.0,21.759999999999998,37.12,0.0,9.867999999999999,12.59,15.360000000000003,-15.4,-2.2400000000000206,5.8,27.7,12.3,November,0.0
Adelaide,15.5,29.0,0.0,8.4,11.6,NW,26.0,9.0,15.0,53.0,35.0,1011.2,1007.7,4.45,4.51,20.1,27.2,0,0,13.5,-18.0,0.05999999999999961,-3.5,6.0,22.85,37.489999999999995,0.0,12.288,12.47,14.64,-15.4,-2.130000000000018,8.4,28.2,12.8,November,0.0
Adelaide,19.4,38.9,0.0,6.6,4.2,N,30.0,11.0,9.0,26.0,14.0,1003.5,999.0,4.45,4.51,28.4,38.8,0,0,19.5,-12.0,0.05999999999999961,-4.5,-2.0,22.54,36.95,0.0,12.581,12.36,14.410000000000002,-16.3,-2.290000000000009,9.0,31.8,15.5,November,0.0
Adelaide,17.6,43.0,0.0,5.4,11.5,WNW,61.0,2.0,20.0,28.0,10.0,1006.1,1002.2,4.45,4.51,29.0,41.6,0,0,25.4,-18.0,0.05999999999999961,-3.8999999999999773,18.0,21.939999999999998,37.17,0.0,12.693999999999999,11.49,15.23,-16.4,-2.4700000000000157,9.0,32.1,15.7,November,0.0
Adelaide,21.8,28.9,0.0,11.8,1.2,N,46.0,9.0,9.0,58.0,40.0,1007.3,1006.7,4.45,4.51,24.7,28.8,0,1,7.099999999999998,-18.0,0.05999999999999961,-0.599999999999909,0.0,21.25,37.77,0.0,10.514,11.35,16.52,-17.2,-2.6500000000000115,10.2,32.1,14.9,November,0.0
Adelaide,18.6,23.1,3.0,5.47,0.3,SE,43.0,6.0,9.0,81.0,75.0,1008.7,1006.9,4.45,4.51,19.5,21.7,1,1,4.5,-6.0,0.05999999999999961,-1.8000000000000682,3.0,21.14,36.769999999999996,0.0,10.614,10.22,15.63,-18.1,-2.4899999999999975,9.4,35.7,17.6,November,0.0
Adelaide,14.2,21.0,9.0,5.47,9.6,SW,44.0,17.0,24.0,72.0,57.0,1010.5,1015.6,4.45,4.51,16.0,20.0,1,0,6.800000000000001,-15.0,0.05999999999999961,5.100000000000023,7.0,20.630000000000003,35.160000000000004,0.2999999999999995,9.981,8.95,14.530000000000001,-16.8,-2.530000000000007,8.6,40.7,23.9,November,2.9999999999999947
Adelaide,11.2,23.2,0.0,7.6,12.6,SW,41.0,17.0,20.0,45.0,41.0,1026.7,1024.8,4.45,4.51,16.7,21.9,0,0,12.0,-4.0,0.05999999999999961,-1.900000000000091,3.0,19.6,33.34,1.1999999999999995,9.388,8.68,13.74,-15.7,-1.7900000000000091,8.2,44.1,28.4,November,11.999999999999995
Adelaide,11.2,26.8,0.0,5.0,11.9,SSE,43.0,6.0,24.0,41.0,40.0,1026.2,1022.0,4.45,4.51,17.8,24.3,0,0,15.600000000000001,-1.0,0.05999999999999961,-4.2000000000000455,18.0,18.529999999999998,31.790000000000003,1.1999999999999995,9.048,8.66,13.26,-13.9,-1.6600000000000137,7.4,45.4,31.5,November,11.999999999999995
Adelaide,16.6,32.0,0.0,7.4,9.1,SSE,35.0,9.0,13.0,45.0,29.0,1018.6,1013.9,4.45,4.51,23.2,30.8,0,1,15.399999999999999,-16.0,0.05999999999999961,-4.7000000000000455,4.0,17.32,30.52,1.1999999999999995,9.001000000000001,8.54,13.2,-12.4,-1.8600000000000136,7.5,47.0,34.6,November,11.999999999999995
Adelaide,18.6,27.9,3.2,6.8,5.2,W,39.0,11.0,24.0,74.0,43.0,1008.7,1005.4,4.45,4.51,21.1,26.9,1,0,9.299999999999997,-31.0,0.05999999999999961,-3.300000000000068,13.0,16.89,29.78,1.1999999999999995,9.193999999999999,8.330000000000002,12.89,-12.8,-2.1100000000000136,7.0,49.2,36.4,November,11.999999999999995
Adelaide,18.9,32.4,0.0,5.6,8.9,W,59.0,15.0,20.0,39.0,73.0,1005.9,1003.7,4.45,4.51,26.6,20.7,0,1,13.5,34.0,0.05999999999999961,-2.199999999999932,5.0,16.47,29.380000000000003,1.5199999999999996,6.994,7.719999999999999,12.91,-13.9,-2.3300000000000183,7.0,52.3,38.4,November,15.199999999999996
Adelaide,13.2,20.3,15.0,5.47,3.7,WNW,74.0,26.0,33.0,70.0,58.0,1005.2,1002.6,4.45,4.51,15.8,19.1,1,1,7.100000000000001,-12.0,0.05999999999999961,-2.6000000000000227,7.0,16.81,29.72,1.5199999999999996,6.714,7.45,12.91,-8.7,-2.2000000000000113,6.9,50.9,42.2,November,15.199999999999996
Adelaide,13.8,20.8,10.8,5.47,9.8,SW,56.0,19.0,24.0,64.0,55.0,1010.4,1011.6,4.45,4.51,17.8,19.6,1,0,7.0,-9.0,0.05999999999999961,1.2000000000000455,5.0,16.19,27.859999999999996,3.0199999999999996,6.601000000000001,7.4,11.67,-8.7,-2.0100000000000136,7.8,55.3,46.6,November,30.199999999999996
Adelaide,13.1,22.4,0.6,13.6,10.4,SSE,37.0,17.0,15.0,66.0,43.0,1017.9,1016.8,4.45,4.51,16.1,20.9,0,0,9.299999999999999,-23.0,0.05999999999999961,-1.1000000000000227,-2.0,15.809999999999999,25.639999999999997,4.1,6.608,7.2299999999999995,9.83,-7.8,-1.5000000000000113,6.5,58.9,51.1,November,41.0
Adelaide,12.7,26.1,0.0,6.0,13.6,WSW,31.0,6.0,17.0,55.0,36.0,1020.4,1018.2,4.45,4.51,18.9,25.5,0,0,13.400000000000002,-19.0,0.05999999999999961,-2.199999999999932,11.0,14.940000000000001,24.990000000000002,4.159999999999999,6.787999999999999,8.15,10.05,-8.3,-1.5500000000000227,6.3,59.7,51.4,December,41.599999999999994
Adelaide,13.7,32.9,0.0,6.2,12.5,N,31.0,15.0,11.0,22.0,14.0,1017.6,1014.4,4.45,4.51,25.7,31.9,0,0,19.2,-8.0,0.05999999999999961,-3.2000000000000455,-4.0,14.35,25.29,3.8599999999999994,6.840999999999999,9.48,10.940000000000001,-9.6,-1.5900000000000092,7.1,57.1,47.5,December,38.599999999999994
Adelaide,17.9,22.1,0.0,10.2,11.5,SSW,46.0,17.0,24.0,64.0,40.0,1017.9,1019.8,4.45,4.51,18.6,21.6,0,0,4.200000000000003,-24.0,0.05999999999999961,1.8999999999999773,7.0,14.3,26.48,2.96,6.914,9.77,12.180000000000001,-8.9,-2.420000000000016,6.0,52.1,43.2,December,29.599999999999998
Adelaide,10.6,21.9,0.0,7.2,13.1,WSW,41.0,9.0,20.0,51.0,42.0,1023.0,1020.5,4.45,4.51,15.9,20.8,0,0,11.299999999999999,-9.0,0.05999999999999961,-2.5,11.0,14.969999999999999,26.369999999999997,2.96,7.1739999999999995,9.66,11.4,-10.9,-2.040000000000009,6.4,54.0,43.1,December,29.599999999999998
Adelaide,12.2,21.8,0.0,5.47,13.0,WSW,37.0,13.0,17.0,56.0,48.0,1021.1,1020.0,4.45,4.51,17.0,21.5,0,0,9.600000000000001,-8.0,0.05999999999999961,-1.1000000000000227,4.0,14.91,25.880000000000003,2.96,7.394,9.78,10.97,-11.7,-1.8700000000000045,5.7,55.0,43.3,December,29.599999999999998
Adelaide,12.3,25.8,0.0,5.47,13.7,WSW,30.0,6.0,17.0,56.0,42.0,1018.4,1015.5,4.45,4.51,18.5,23.0,0,0,13.5,-14.0,0.05999999999999961,-2.8999999999999773,11.0,14.469999999999999,24.86,2.96,7.200999999999999,10.169999999999998,10.39,-10.9,-1.5100000000000022,5.7,56.1,45.2,December,29.599999999999998
Adelaide,14.1,28.1,0.0,18.2,6.0,SSE,28.0,15.0,7.0,55.0,38.0,1014.7,1011.8,4.45,4.51,20.1,25.1,0,1,14.000000000000002,-17.0,0.05999999999999961,-2.900000000000091,-8.0,13.84,24.65,2.6399999999999997,7.068,11.02,10.81,-9.2,-1.469999999999993,5.5,54.3,45.1,December,26.4
Adelaide,14.0,20.7,5.6,4.0,9.7,WSW,46.0,19.0,24.0,87.0,39.0,1013.2,1013.8,4.45,4.51,14.4,19.5,1,0,6.699999999999999,-48.0,0.05999999999999961,0.599999999999909,5.0,13.36,24.22,2.6399999999999997,8.328,10.73,10.860000000000001,-14.3,-1.5400000000000091,4.2,55.9,41.6,December,26.4
Adelaide,10.3,23.0,0.0,7.0,9.3,NNW,39.0,7.0,24.0,58.0,35.0,1012.8,1010.9,4.45,4.51,16.4,22.3,0,1,12.7,-23.0,0.05999999999999961,-1.8999999999999773,17.0,13.440000000000001,24.26,1.6999999999999997,8.181000000000001,11.33,10.82,-17.9,-1.220000000000016,4.0,57.6,39.7,December,16.999999999999996
Adelaide,14.8,19.4,1.8,5.2,9.0,WSW,67.0,22.0,30.0,65.0,43.0,1010.8,1013.4,4.45,4.51,17.2,18.4,1,1,4.599999999999998,-22.0,0.05999999999999961,2.6000000000000227,8.0,13.089999999999998,24.48,0.6199999999999996,8.334,11.28,11.39,-19.3,-1.5300000000000182,5.2,57.0,37.7,December,6.199999999999996
Adelaide,11.6,21.2,2.6,5.4,13.0,SSW,39.0,11.0,17.0,50.0,35.0,1022.6,1022.5,4.45,4.51,16.2,20.1,1,0,9.6,-15.0,0.05999999999999961,-0.10000000000002274,6.0,13.26,24.18,0.7399999999999995,7.4940000000000015,11.139999999999999,10.92,-19.2,-1.1600000000000137,6.2,56.9,37.7,December,7.399999999999996
Adelaide,14.0,22.7,0.0,5.47,8.0,SW,35.0,13.0,20.0,60.0,43.0,1023.7,1021.9,4.45,4.51,16.8,21.8,0,0,8.7,-17.0,0.05999999999999961,-1.8000000000000682,7.0,13.15,23.69,0.9999999999999997,7.433999999999999,11.08,10.54,-18.8,-0.9500000000000227,5.7,56.4,37.6,December,9.999999999999996
Adelaide,12.6,26.2,0.0,5.47,12.1,SSE,35.0,7.0,22.0,55.0,45.0,1023.4,1019.8,4.45,4.51,17.9,24.6,0,0,13.6,-10.0,0.05999999999999961,-3.6000000000000227,15.0,13.179999999999998,22.669999999999998,0.9999999999999997,7.361,10.629999999999999,9.489999999999998,-19.7,-0.810000000000025,6.8,60.2,40.5,December,9.999999999999996
Adelaide,14.5,31.3,0.0,18.2,13.3,ESE,28.0,6.0,15.0,53.0,31.0,1021.1,1018.0,4.45,4.51,21.5,29.2,0,0,16.8,-22.0,0.05999999999999961,-3.1000000000000227,9.0,12.65,23.080000000000002,0.9999999999999997,6.888,10.690000000000001,10.429999999999998,-18.3,-1.360000000000025,7.6,59.3,41.0,December,9.999999999999996
Adelaide,21.1,38.2,0.0,9.2,11.6,WSW,41.0,15.0,15.0,19.0,10.0,1016.8,1013.7,4.45,4.51,29.9,37.5,0,0,17.1,-9.0,0.05999999999999961,-3.099999999999909,0.0,13.040000000000001,24.02,0.9999999999999997,7.9879999999999995,10.71,10.98,-19.6,-1.4200000000000272,7.4,59.5,39.9,December,9.999999999999996
Adelaide,21.6,40.8,0.0,10.0,11.1,NNW,56.0,15.0,28.0,15.0,11.0,1011.5,1008.0,4.45,4.51,32.5,40.4,0,1,19.199999999999996,-4.0,0.05999999999999961,-3.5,13.0,13.930000000000001,25.660000000000004,0.9999999999999997,8.361,10.57,11.73,-19.7,-1.6200000000000159,7.0,55.8,36.1,December,9.999999999999996
Adelaide,19.9,21.5,7.8,10.8,3.8,W,52.0,7.0,19.0,92.0,59.0,1010.6,1015.3,4.45,4.51,20.2,19.7,1,0,1.6000000000000014,-33.0,0.05999999999999961,4.699999999999932,12.0,14.860000000000003,27.160000000000004,0.9999999999999997,8.814,10.309999999999999,12.3,-18.7,-1.6800000000000181,7.2,51.7,33.0,December,9.999999999999996
Adelaide,11.6,22.2,0.2,4.0,13.3,SW,35.0,13.0,22.0,49.0,44.0,1023.0,1021.4,4.45,4.51,16.4,20.7,0,0,10.6,-5.0,0.05999999999999961,-1.6000000000000227,9.0,15.440000000000001,26.5,1.7799999999999998,8.074,10.09,11.059999999999999,-20.3,-0.9200000000000159,9.2,55.4,35.1,December,17.799999999999997
Adelaide,16.3,25.0,0.0,5.47,8.2,WSW,39.0,6.0,19.0,64.0,52.0,1023.1,1021.5,4.45,4.51,17.3,21.7,0,0,8.7,-12.0,0.05999999999999961,-1.6000000000000227,13.0,15.2,26.65,1.2399999999999998,8.074,10.45,11.45,-16.0,-1.140000000000009,9.6,51.6,35.6,December,12.399999999999997
Adelaide,13.0,29.8,0.0,5.47,11.5,W,24.0,7.0,11.0,39.0,26.0,1020.0,1016.1,4.45,4.51,19.9,27.2,0,0,16.8,-13.0,0.05999999999999961,-3.8999999999999773,4.0,15.8,26.85,1.2399999999999998,7.920999999999999,10.34,11.049999999999999,-14.9,-1.1100000000000136,9.2,52.2,37.3,December,12.399999999999997
Adelaide,16.0,30.9,0.0,18.8,13.0,SW,43.0,6.0,28.0,26.0,29.0,1012.4,1010.5,4.45,4.51,25.0,29.1,0,0,14.899999999999999,3.0,0.05999999999999961,-1.8999999999999773,22.0,15.62,27.889999999999997,1.0599999999999996,7.947999999999999,10.59,12.27,-14.0,-1.7600000000000136,8.8,49.6,35.6,December,10.599999999999996
Adelaide,15.6,37.2,0.0,9.4,10.7,WSW,24.0,6.0,15.0,26.0,15.0,1011.8,1009.2,4.45,4.51,24.6,34.7,0,0,21.6,-11.0,0.05999999999999961,-2.599999999999909,9.0,16.06,28.860000000000003,0.7999999999999996,9.288,10.59,12.8,-12.2,-1.940000000000009,10.4,47.2,35.0,December,7.9999999999999964
Adelaide,24.4,38.3,0.0,9.4,3.6,NW,52.0,26.0,11.0,11.0,13.0,1006.9,1003.2,4.45,4.51,33.4,36.3,0,0,13.899999999999999,2.0,0.05999999999999961,-3.699999999999932,-15.0,16.22,30.309999999999995,0.7999999999999996,9.681000000000001,10.86,14.09,-11.6,-2.0199999999999934,10.6,43.8,32.2,December,7.9999999999999964
Adelaide,21.7,24.8,0.2,8.0,4.9,WSW,46.0,13.0,19.0,72.0,57.0,1007.3,1009.5,4.45,4.51,22.5,22.0,0,0,3.1000000000000014,-15.0,0.05999999999999961,2.2000000000000455,6.0,17.4,31.52,0.7999999999999996,10.074000000000002,10.010000000000002,14.12,-10.4,-2.0299999999999843,7.6,39.4,29.0,December,7.9999999999999964
Adelaide,14.2,23.8,0.0,6.2,10.9,S,35.0,9.0,17.0,48.0,34.0,1018.2,1016.7,4.45,4.51,17.4,23.4,0,0,9.600000000000001,-14.0,0.05999999999999961,-1.5,8.0,18.119999999999997,30.869999999999997,0.8199999999999996,9.054,9.169999999999998,12.75,-9.7,-1.4999999999999774,7.3,41.3,31.6,December,8.199999999999996
Adelaide,13.0,27.9,0.0,5.47,13.6,W,37.0,4.0,7.0,52.0,37.0,1019.9,1016.8,4.45,4.51,18.1,26.1,0,0,14.899999999999999,-15.0,0.05999999999999961,-3.1000000000000227,3.0,17.43,29.429999999999996,0.8199999999999996,8.754000000000001,9.1,12.0,-10.2,-1.3399999999999863,8.1,44.2,34.0,December,8.199999999999996
Adelaide,15.6,29.8,0.0,5.47,11.1,SW,33.0,4.0,17.0,56.0,25.0,1018.1,1015.7,4.45,4.51,20.6,28.6,0,0,14.200000000000001,-31.0,0.05999999999999961,-2.3999999999999773,13.0,16.57,28.139999999999997,0.8199999999999996,8.301,9.35,11.569999999999999,-11.3,-1.2999999999999887,7.1,47.9,36.6,December,8.199999999999996
Adelaide,15.6,33.9,0.0,21.2,13.9,WSW,35.0,2.0,19.0,34.0,24.0,1018.9,1017.5,4.45,4.51,23.4,30.2,0,0,18.299999999999997,-10.0,0.05999999999999961,-1.3999999999999773,17.0,16.14,28.97,0.03999999999999965,7.768000000000001,10.08,12.830000000000002,-11.1,-2.0099999999999794,7.2,44.3,33.2,December,0.39999999999999647
Adelaide,19.1,35.6,0.0,9.6,13.1,W,31.0,7.0,15.0,28.0,19.0,1021.0,1018.1,4.45,4.51,25.1,34.8,0,0,16.5,-9.0,0.05999999999999961,-2.8999999999999773,8.0,16.54,30.139999999999997,0.019999999999999647,9.488,10.14,13.6,-11.6,-1.989999999999975,8.0,42.8,31.2,December,0.19999999999999646
Adelaide,22.2,39.5,0.0,5.47,13.6,SW,33.0,13.0,24.0,18.0,9.0,1015.7,1011.1,4.45,4.51,32.3,38.2,0,0,17.3,-9.0,0.05999999999999961,-4.600000000000023,11.0,16.82,31.2,0.019999999999999647,9.901,10.629999999999999,14.38,-11.3,-2.1199999999999704,7.5,39.2,27.9,December,0.19999999999999646
Adelaide,26.7,41.6,0.0,22.2,12.8,W,44.0,17.0,20.0,33.0,19.0,1009.1,1005.0,4.45,4.51,32.8,40.7,0,0,14.900000000000002,-14.0,0.05999999999999961,-4.100000000000023,3.0,17.740000000000002,32.17,0.019999999999999647,9.901,10.84,14.429999999999998,-10.9,-2.189999999999975,8.2,37.1,26.2,December,0.19999999999999646
Adelaide,17.6,28.1,0.0,5.47,7.61,WSW,41.0,7.0,15.0,57.0,45.0,1009.8,1008.3,4.45,4.51,21.3,27.0,0,0,10.5,-12.0,0.05999999999999961,-1.5,8.0,18.81,33.24,0.019999999999999647,10.241000000000001,10.819999999999999,14.429999999999998,-12.6,-2.4099999999999797,6.3,37.8,25.2,January,0.19999999999999646
Adelaide,16.5,23.4,0.0,5.47,7.61,WSW,48.0,17.0,26.0,46.0,42.0,1017.6,1017.1,4.45,4.51,18.1,23.0,0,0,6.899999999999999,-4.0,0.05999999999999961,-0.5,9.0,19.009999999999998,32.33,0.019999999999999647,9.848,10.511000000000001,13.319999999999999,-12.7,-2.2999999999999887,6.2,40.9,28.2,January,0.19999999999999646
Adelaide,15.2,25.2,0.0,5.47,10.5,WSW,43.0,11.0,24.0,50.0,40.0,1022.6,1019.0,4.45,4.51,17.3,22.3,0,0,10.0,-10.0,0.05999999999999961,-3.6000000000000227,13.0,18.22,30.840000000000003,0.019999999999999647,9.455,10.912,12.620000000000001,-13.3,-1.9799999999999955,8.6,44.4,31.1,January,0.19999999999999646
Adelaide,14.1,31.3,0.0,32.8,13.7,WSW,30.0,0.0,13.0,46.0,17.0,1017.1,1013.9,4.45,4.51,20.9,29.6,0,0,17.200000000000003,-29.0,0.05999999999999961,-3.2000000000000455,13.0,17.57,30.880000000000003,0.0,9.202,11.472,13.309999999999999,-12.8,-2.5600000000000023,9.3,42.2,29.4,January,0.0
Adelaide,15.1,32.0,0.0,8.0,13.7,SSE,31.0,7.0,17.0,44.0,17.0,1016.0,1014.7,4.45,4.51,22.6,31.5,0,0,16.9,-27.0,0.05999999999999961,-1.2999999999999545,10.0,17.56,31.630000000000003,0.0,11.861999999999998,11.751999999999999,14.069999999999999,-14.3,-2.7300000000000066,9.8,42.0,27.7,January,0.0
Adelaide,15.7,33.6,0.0,8.8,13.7,SSE,31.0,2.0,18.66,37.0,51.54,1017.6,1015.26,4.45,4.51,23.7,21.68,0,0,17.900000000000002,14.54,0.05999999999999961,-2.340000000000032,16.66,17.77,32.040000000000006,0.0,12.114999999999998,11.761999999999999,14.27,-15.5,-2.55,10.5,41.2,25.7,January,0.0
Adelaide,16.6,35.1,0.0,9.6,13.7,ESE,31.0,4.0,20.0,21.0,10.0,1015.3,1012.6,4.45,4.51,27.4,34.4,0,0,18.5,-11.0,0.05999999999999961,-2.699999999999932,16.0,17.78,32.42,0.0,12.447999999999999,12.022,14.64,-10.946000000000002,-2.5440000000000054,10.866,39.3,28.354000000000003,January,0.0
Adelaide,26.7,41.0,0.0,11.8,7.61,NNW,35.0,13.0,17.0,13.0,7.0,1013.8,1011.1,4.45,4.51,31.9,39.3,0,0,14.3,-6.0,0.05999999999999961,-2.699999999999932,4.0,17.880000000000003,32.54,0.0,11.288,12.001999999999999,14.66,-11.046000000000001,-2.674000000000001,10.766,38.0,26.954,January,0.0
Adelaide,21.6,41.3,0.0,5.47,7.61,ESE,41.0,6.0,13.0,20.0,7.0,1013.8,1012.8,4.45,4.51,31.5,40.4,0,0,19.699999999999996,-13.0,0.05999999999999961,-1.0,7.0,18.64,33.08,0.0,11.508,11.453,14.440000000000001,-10.746,-2.6539999999999964,10.366,36.5,25.754,January,0.0
Adelaide,25.6,42.0,0.0,5.47,12.7,SE,39.0,0.0,13.0,26.0,17.0,1014.7,1011.8,4.45,4.51,32.5,41.3,0,0,16.4,-9.0,0.05999999999999961,-2.900000000000091,13.0,18.58,33.260000000000005,0.0,11.508,10.854000000000001,14.680000000000001,-11.146,-2.2939999999999943,9.966,36.7,25.554,January,0.0
Adelaide,28.9,42.8,0.0,36.0,10.3,N,57.0,11.0,28.0,24.0,14.0,1008.7,1004.2,4.45,4.51,35.5,40.1,0,1,13.899999999999999,-10.0,0.05999999999999961,-4.5,17.0,18.470000000000002,33.3,0.0,9.834999999999999,10.844,14.829999999999998,-10.646,-2.174000000000001,10.966,36.0,25.354,January,0.0
Adelaide,20.7,22.9,5.0,11.2,1.6,SW,35.0,15.0,15.0,95.0,60.0,1008.3,1011.6,4.45,4.51,20.9,21.4,1,1,2.1999999999999993,-35.0,0.05999999999999961,3.300000000000068,0.0,19.6,34.77,0.0,12.888,11.113,15.169999999999998,-10.446000000000002,-2.474000000000001,11.866,32.7,22.253999999999998,January,0.0
Adelaide,14.4,25.6,3.8,4.2,12.4,SE,35.0,9.0,15.0,47.0,33.0,1020.2,1017.6,4.45,4.51,19.3,25.2,1,0,11.200000000000001,-14.0,0.05999999999999961,-2.6000000000000227,6.0,20.020000000000003,34.72,0.49999999999999967,13.460999999999999,10.511999999999999,14.7,-13.546000000000001,-2.093999999999994,10.966,37.6,24.054,January,4.9999999999999964
Adelaide,14.0,27.7,0.0,6.2,7.8,WSW,35.0,15.0,20.0,49.0,38.0,1020.9,1018.0,4.45,4.51,18.8,24.4,0,0,13.7,-11.0,0.05999999999999961,-2.8999999999999773,5.0,19.94,34.760000000000005,0.8799999999999997,13.334,10.702,14.820000000000002,-13.946000000000002,-1.993999999999994,10.266,37.3,23.354,January,8.799999999999997
Adelaide,15.1,31.8,0.0,7.8,7.61,W,28.0,7.0,13.0,51.0,19.0,1016.4,1013.1,4.45,4.51,20.9,29.5,0,0,16.700000000000003,-32.0,0.05999999999999961,-3.2999999999999545,6.0,19.93,34.4,0.8799999999999997,10.674,10.112,14.469999999999999,-12.146,-1.9639999999999873,9.466,37.6,25.454,January,8.799999999999997
Adelaide,17.4,25.0,0.0,5.47,7.61,SSW,48.0,17.0,26.0,58.0,53.0,1013.2,1013.7,4.45,4.51,21.0,23.4,0,0,7.600000000000001,-5.0,0.05999999999999961,0.5,9.0,19.93,34.379999999999995,0.8799999999999997,10.654,9.503,14.45,-12.646,-2.1639999999999873,9.065999999999999,38.3,25.654000000000003,January,8.799999999999997
Adelaide,15.6,22.3,0.0,5.47,10.6,SW,57.0,15.0,31.0,63.0,33.0,1017.3,1016.9,4.45,4.51,17.7,20.7,0,0,6.700000000000001,-30.0,0.05999999999999961,-0.39999999999997726,16.0,20.1,33.52,0.8799999999999997,10.321000000000002,8.894,13.419999999999998,-14.6,-1.8799999999999841,8.3,40.4,25.8,January,8.799999999999997
Adelaide,14.3,22.4,0.0,23.4,7.61,WSW,46.0,13.0,20.0,57.0,35.0,1018.4,1017.5,4.45,4.51,16.3,22.2,0,0,8.099999999999998,-22.0,0.05999999999999961,-0.8999999999999773,7.0,20.0,32.239999999999995,0.8799999999999997,9.908,8.584,12.24,-16.5,-1.6499999999999886,8.3,44.6,28.1,January,8.799999999999997
Adelaide,11.2,26.8,0.0,7.0,12.8,W,28.0,4.0,15.0,55.0,38.0,1018.1,1014.8,4.45,4.51,16.4,23.9,0,0,15.600000000000001,-17.0,0.05999999999999961,-3.300000000000068,11.0,18.759999999999998,30.380000000000003,0.8799999999999997,11.068,8.584,11.62,-18.1,-1.469999999999993,8.6,49.0,30.9,January,8.799999999999997
Adelaide,15.5,32.1,0.0,6.8,10.4,WSW,31.0,9.0,17.0,38.0,14.0,1013.2,1011.7,4.45,4.51,22.0,31.3,0,0,16.6,-24.0,0.05999999999999961,-1.5,8.0,17.720000000000002,28.929999999999996,0.8799999999999997,11.221,9.103,11.21,-18.5,-1.7,9.0,52.5,34.0,January,8.799999999999997
Adelaide,22.0,40.2,0.0,10.2,10.3,WNW,33.0,15.0,7.0,27.0,10.0,1008.5,1005.6,4.45,4.51,28.6,37.6,0,0,18.200000000000003,-17.0,0.05999999999999961,-2.8999999999999773,-8.0,16.71,27.939999999999998,0.8799999999999997,11.354,8.873000000000001,11.23,-20.0,-1.559999999999991,8.5,53.7,33.7,January,8.799999999999997
Adelaide,28.6,33.6,0.0,11.2,7.61,SW,48.0,17.0,24.0,9.0,55.0,1002.6,1005.9,4.45,4.51,31.9,26.0,0,0,5.0,46.0,0.05999999999999961,3.2999999999999545,7.0,16.020000000000003,27.68,0.8799999999999997,8.774,8.873000000000001,11.66,-20.7,-1.3999999999999886,6.0,54.0,33.3,January,8.799999999999997
Adelaide,17.6,27.7,0.0,5.47,7.61,W,37.0,13.0,11.0,56.0,38.0,1016.6,1014.7,4.45,4.51,19.3,25.2,0,0,10.099999999999998,-18.0,0.05999999999999961,-1.8999999999999773,-2.0,16.81,28.75,0.3799999999999996,8.774,9.474,11.940000000000001,-12.6,-1.4,6.7,45.4,32.8,January,3.7999999999999963
Adelaide,14.8,30.2,0.0,5.47,13.1,WSW,28.0,9.0,15.0,56.0,37.0,1016.0,1012.9,4.45,4.51,20.1,27.0,0,0,15.399999999999999,-19.0,0.05999999999999961,-3.1000000000000227,6.0,17.13,28.959999999999997,0.0,8.901,8.995000000000001,11.83,-13.0,-1.3299999999999954,5.9,46.3,33.3,January,0.0
Adelaide,15.8,33.3,0.0,20.0,7.61,WNW,24.0,6.0,15.0,44.0,18.0,1013.3,1009.7,4.45,4.51,22.2,32.5,0,0,17.499999999999996,-26.0,0.05999999999999961,-3.599999999999909,9.0,17.21,29.209999999999997,0.0,8.828,9.525,12.000000000000002,-13.8,-1.35,6.0,47.0,33.2,January,0.0
Adelaide,18.8,33.5,0.0,5.47,12.4,SE,31.0,13.0,9.0,35.0,20.0,1013.1,1011.7,4.45,4.51,24.5,32.2,0,0,14.7,-15.0,0.05999999999999961,-1.3999999999999773,-4.0,17.28,29.359999999999996,0.0,10.047999999999998,9.525,12.080000000000002,-13.2,-1.3799999999999955,6.3,46.3,33.1,January,0.0
Adelaide,18.3,33.4,0.0,15.2,7.7,S,41.0,7.0,19.0,55.0,32.0,1015.3,1012.2,4.45,4.51,22.4,32.1,0,0,15.099999999999998,-23.0,0.05999999999999961,-3.099999999999909,12.0,17.42,30.21,0.0,10.047999999999998,10.004000000000001,12.79,-14.2,-1.5699999999999932,5.0,44.0,29.8,January,0.0
Adelaide,19.4,32.5,0.4,5.4,12.2,SSE,33.0,9.0,15.0,31.0,32.0,1009.9,1008.9,4.45,4.51,25.8,29.9,0,0,13.100000000000001,1.0,0.05999999999999961,-1.0,6.0,17.69,31.320000000000004,0.0,11.020999999999999,9.714,13.629999999999999,-13.5,-1.8399999999999863,4.6,43.2,29.7,January,0.0
Adelaide,14.7,28.3,0.0,8.8,7.61,SE,35.0,11.0,13.0,54.0,31.0,1016.5,1014.4,4.45,4.51,18.5,26.9,0,0,13.600000000000001,-23.0,0.05999999999999961,-2.1000000000000227,2.0,18.2,32.33,0.03999999999999965,9.221,10.172999999999998,14.13,-11.2,-1.8499999999999885,4.5,40.6,29.4,January,0.39999999999999647
Adelaide,18.3,36.1,0.0,5.47,7.61,WSW,31.0,11.0,11.0,33.0,15.0,1012.9,1009.2,4.45,4.51,24.5,34.2,0,0,17.8,-18.0,0.05999999999999961,-3.699999999999932,0.0,18.55,32.480000000000004,0.03999999999999965,9.401,9.654,13.929999999999998,-11.8,-1.729999999999984,3.6,40.5,28.7,January,0.39999999999999647
Adelaide,21.0,31.4,0.0,5.47,12.5,SSE,44.0,13.0,28.0,42.0,40.0,1008.6,1009.3,4.45,4.51,25.4,28.9,0,0,10.399999999999999,-2.0,0.05999999999999961,0.6999999999999318,15.0,18.830000000000002,32.88,0.03999999999999965,9.268,9.375,14.05,-11.2,-1.9499999999999773,2.8,40.0,28.8,January,0.39999999999999647
Adelaide,15.5,31.9,0.0,25.4,7.4,SE,30.0,15.0,7.0,50.0,23.0,1015.5,1011.3,4.45,4.51,18.7,31.1,0,0,16.4,-27.0,0.05999999999999961,-4.2000000000000455,-8.0,18.73,32.0,0.03999999999999965,8.795,9.594999999999999,13.27,-9.7,-1.5899999999999863,5.1,41.5,31.8,February,0.39999999999999647
Adelaide,18.7,33.9,0.0,7.4,4.2,ENE,39.0,2.0,11.0,43.0,31.0,1010.6,1008.6,4.45,4.51,25.3,31.1,0,1,15.2,-12.0,0.05999999999999961,-2.0,9.0,17.419999999999998,31.830000000000002,0.03999999999999965,10.215,9.574,14.41,-17.0,-2.3399999999999865,3.6,45.6,28.6,February,0.39999999999999647
Adelaide,21.5,34.3,3.0,6.2,2.3,NNE,26.0,2.0,17.0,63.0,39.0,1007.2,1004.9,4.45,4.51,24.6,31.7,1,0,12.799999999999997,-24.0,0.05999999999999961,-2.300000000000068,15.0,17.53,32.45,0.03999999999999965,10.408,9.233,14.919999999999998,-16.4,-2.3499999999999885,4.7,44.3,27.9,February,0.39999999999999647
Adelaide,21.9,29.6,1.0,5.4,7.3,SW,52.0,9.0,20.0,72.0,51.0,1008.7,1008.1,4.45,4.51,24.3,27.6,0,0,7.700000000000003,-21.0,0.05999999999999961,-0.6000000000000227,11.0,18.2,32.86,0.33999999999999964,10.481,8.153,14.66,-16.9,-2.2699999999999934,5.6,45.0,28.1,February,3.3999999999999964
Adelaide,15.4,24.4,0.0,7.2,12.8,SSE,43.0,19.0,19.0,50.0,30.0,1018.5,1018.1,4.45,4.51,18.0,23.1,0,0,8.999999999999998,-20.0,0.05999999999999961,-0.39999999999997726,0.0,18.81,32.489999999999995,0.43999999999999967,9.020999999999999,8.122,13.679999999999998,-16.4,-1.9700000000000046,5.8,47.8,31.4,February,4.399999999999997
Adelaide,13.6,28.4,0.0,5.47,13.0,W,30.0,0.0,19.0,55.0,31.0,1021.6,1018.5,4.45,4.51,17.3,26.4,0,0,14.799999999999999,-24.0,0.05999999999999961,-3.1000000000000227,19.0,18.47,31.580000000000002,0.43999999999999967,9.193999999999999,8.162,13.11,-16.9,-1.8700000000000045,6.2,49.3,32.4,February,4.399999999999997
Adelaide,15.5,35.0,0.0,5.47,12.7,SW,33.0,2.0,15.0,35.0,17.0,1018.1,1016.9,4.45,4.51,24.2,33.0,0,0,19.5,-18.0,0.05999999999999961,-1.2000000000000455,13.0,18.0,31.079999999999995,0.43999999999999967,8.221,8.691999999999998,13.080000000000002,-17.0,-1.8700000000000159,6.9,49.3,32.3,February,4.399999999999997
Adelaide,24.0,38.1,0.0,23.4,13.0,SE,39.0,9.0,19.0,36.0,24.0,1018.0,1016.0,4.45,4.51,32.4,37.4,0,0,14.100000000000001,-12.0,0.05999999999999961,-2.0,10.0,17.610000000000003,31.329999999999995,0.39999999999999963,8.228,8.742,13.719999999999999,-18.9,-1.8900000000000206,7.6,49.7,30.8,February,3.9999999999999964
Adelaide,26.8,39.0,0.0,11.6,12.5,ESE,43.0,13.0,17.0,36.0,23.0,1017.4,1015.7,4.45,4.51,32.8,38.5,0,0,12.2,-13.0,0.05999999999999961,-1.6999999999999318,4.0,18.54,32.31,0.39999999999999963,9.687999999999999,9.281,13.77,-17.8,-1.880000000000018,8.4,47.9,30.1,February,3.9999999999999964
Adelaide,26.0,38.6,0.0,10.6,11.9,ESE,33.0,2.0,17.0,36.0,28.0,1017.0,1013.9,4.45,4.51,31.4,36.8,0,0,12.600000000000001,-8.0,0.05999999999999961,-3.1000000000000227,15.0,19.39,32.6,0.39999999999999963,10.300999999999998,9.77,13.209999999999999,-17.3,-1.6800000000000181,8.8,48.2,30.9,February,3.9999999999999964
Adelaide,23.4,29.0,0.0,11.0,0.9,SE,33.0,7.0,6.0,60.0,79.0,1013.0,1014.5,4.45,4.51,26.9,21.2,0,1,5.600000000000001,19.0,0.05999999999999961,1.5,-1.0,19.889999999999997,33.32000000000001,0.39999999999999963,10.813999999999998,9.71,13.430000000000001,-17.9,-2.060000000000014,8.8,47.6,29.7,February,3.9999999999999964
Adelaide,17.2,28.8,1.6,1.6,11.4,SW,37.0,9.0,24.0,63.0,45.0,1014.9,1011.8,4.45,4.51,20.1,27.2,1,0,11.600000000000001,-18.0,0.05999999999999961,-3.1000000000000227,15.0,20.68,33.029999999999994,0.39999999999999963,9.374,9.059999999999999,12.35,-13.3,-1.490000000000009,9.5,48.6,35.3,February,3.9999999999999964
Adelaide,17.3,31.0,0.0,5.47,11.0,WSW,33.0,4.0,17.0,56.0,33.0,1010.2,1007.4,4.45,4.51,22.6,29.6,0,0,13.7,-23.0,0.05999999999999961,-2.800000000000068,13.0,20.529999999999998,32.519999999999996,0.5599999999999996,8.794,9.78,11.99,-13.9,-1.6000000000000114,10.1,50.6,36.7,February,5.599999999999996
Adelaide,19.2,29.4,0.0,5.47,12.9,SSE,43.0,4.0,20.0,48.0,19.0,1010.2,1010.3,4.45,4.51,23.6,28.6,0,0,10.2,-29.0,0.05999999999999961,0.09999999999990905,16.0,20.11,32.19,0.2599999999999997,8.721,10.65,12.08,-13.8,-1.6500000000000115,9.9,49.9,36.1,February,2.5999999999999965
Adelaide,18.2,26.1,0.0,22.6,9.8,SSE,39.0,15.0,20.0,66.0,51.0,1016.3,1015.4,4.45,4.51,20.3,24.9,0,0,7.900000000000002,-15.0,0.05999999999999961,-0.8999999999999773,5.0,19.839999999999996,32.17,0.15999999999999964,8.728,11.21,12.33,-14.6,-1.5800000000000183,10.4,47.5,32.9,February,1.5999999999999965
Adelaide,17.4,32.4,0.0,5.2,13.0,SW,31.0,2.0,17.0,62.0,36.0,1015.9,1014.2,4.45,4.51,22.5,30.9,0,0,15.0,-26.0,0.05999999999999961,-1.6999999999999318,15.0,20.12,32.339999999999996,0.15999999999999964,10.268,10.91,12.220000000000002,-14.1,-1.630000000000018,10.9,49.1,35.0,February,1.5999999999999965
Adelaide,20.3,31.8,0.0,8.0,12.8,SE,46.0,7.0,19.0,37.0,28.0,1017.2,1017.2,4.45,4.51,25.4,30.3,0,0,11.5,-9.0,0.05999999999999961,0.0,12.0,20.5,32.74,0.15999999999999964,10.241,10.91,12.24,-14.3,-1.490000000000009,10.5,49.8,35.5,February,1.5999999999999965
Adelaide,19.5,32.8,0.0,9.8,12.8,ESE,37.0,7.0,15.0,40.0,24.0,1021.2,1019.0,4.45,4.51,24.0,31.6,0,0,13.299999999999997,-16.0,0.05999999999999961,-2.2000000000000455,8.0,20.979999999999997,32.42,0.15999999999999964,10.494,10.92,11.440000000000001,-13.4,-1.3700000000000045,10.4,50.0,36.6,February,1.5999999999999965
Adelaide,18.5,36.6,0.0,11.4,12.5,SW,26.0,6.0,13.0,38.0,18.0,1018.8,1015.5,4.45,4.51,25.1,35.4,0,0,18.1,-20.0,0.05999999999999961,-3.2999999999999545,7.0,20.529999999999998,31.889999999999997,0.15999999999999964,9.134,10.9,11.36,-13.8,-1.390000000000009,10.2,50.4,36.6,February,1.5999999999999965
Adelaide,23.1,36.5,0.0,5.47,6.9,NW,54.0,13.0,28.0,26.0,23.0,1012.0,1009.6,4.45,4.51,29.6,35.3,0,0,13.399999999999999,-3.0,0.05999999999999961,-2.3999999999999773,15.0,19.7,31.65,0.15999999999999964,9.114,10.9,11.95,-14.5,-1.5500000000000114,10.5,50.6,36.1,February,1.5999999999999965
Adelaide,20.4,26.2,0.0,5.47,9.8,SW,30.0,9.0,13.0,70.0,51.0,1013.8,1012.4,4.45,4.51,21.4,26.0,0,0,5.800000000000001,-19.0,0.05999999999999961,-1.3999999999999773,4.0,19.41,31.439999999999998,0.15999999999999964,8.600999999999999,10.4,12.030000000000001,-14.0,-1.4800000000000069,10.5,49.6,35.6,February,1.5999999999999965
Adelaide,18.1,25.3,0.0,20.6,11.3,SW,41.0,15.0,22.0,63.0,40.0,1016.3,1017.1,4.45,4.51,20.4,24.0,0,0,7.199999999999999,-23.0,0.05999999999999961,0.8000000000000682,7.0,19.11,31.159999999999997,0.15999999999999964,8.047999999999998,11.290000000000001,12.05,-17.8,-1.7700000000000045,11.0,50.6,32.8,February,1.5999999999999965
Adelaide,14.8,27.2,0.0,6.4,12.4,ESE,41.0,11.0,9.0,47.0,22.0,1023.3,1020.4,4.45,4.51,16.7,25.2,0,0,12.399999999999999,-25.0,0.05999999999999961,-2.8999999999999773,-2.0,19.2,30.810000000000002,0.0,9.948,11.280000000000001,11.61,-18.3,-1.3799999999999955,10.2,50.6,32.3,February,0.0
Adelaide,14.9,30.7,0.0,6.2,12.4,SE,44.0,2.0,17.0,49.0,25.0,1021.4,1019.6,4.45,4.51,20.5,28.4,0,0,15.799999999999999,-24.0,0.05999999999999961,-1.7999999999999545,15.0,18.95,30.43,0.0,10.041,11.42,11.48,-18.5,-1.3899999999999864,8.7,49.7,31.2,February,0.0
Adelaide,19.6,32.3,0.0,8.6,12.0,ESE,48.0,11.0,17.0,25.0,22.0,1021.6,1019.5,4.45,4.51,24.2,31.0,0,0,12.699999999999996,-3.0,0.05999999999999961,-2.1000000000000227,6.0,18.520000000000003,30.559999999999995,0.0,10.114,11.370000000000001,12.04,-18.0,-1.5799999999999728,8.6,49.8,31.8,February,0.0
Adelaide,18.6,36.2,0.0,7.8,11.9,SW,31.0,2.0,15.0,39.0,12.0,1017.9,1015.0,4.45,4.51,24.7,35.7,0,0,17.6,-27.0,0.05999999999999961,-2.8999999999999773,13.0,18.66,31.18,0.0,8.713999999999999,11.59,12.52,-16.8,-1.6999999999999773,8.7,45.7,28.9,February,0.0
Adelaide,18.5,29.4,0.0,5.47,12.4,SE,41.0,17.0,20.0,57.0,32.0,1018.4,1017.0,4.45,4.51,21.5,28.4,0,0,10.899999999999999,-25.0,0.05999999999999961,-1.3999999999999773,3.0,18.779999999999998,31.559999999999995,0.0,8.974,11.48,12.779999999999998,-16.9,-1.8199999999999819,8.5,43.4,26.5,February,0.0
Adelaide,15.1,23.5,0.0,5.47,12.1,SE,50.0,19.0,19.0,51.0,35.0,1021.5,1020.4,4.45,4.51,17.1,22.7,0,0,8.4,-16.0,0.05999999999999961,-1.1000000000000227,0.0,18.6,31.32,0.0,8.721,11.440000000000001,12.719999999999999,-18.5,-1.9599999999999795,7.6,45.4,26.9,February,0.0
Adelaide,13.6,22.7,0.0,23.4,11.4,ESE,52.0,19.0,26.0,50.0,30.0,1023.6,1019.7,4.45,4.51,15.4,21.8,0,0,9.1,-20.0,0.05999999999999961,-3.8999999999999773,7.0,18.16,30.390000000000004,0.0,8.288,11.37,12.23,-18.5,-1.8499999999999772,6.8,46.5,28.0,March,0.0
Adelaide,13.1,27.5,0.0,7.2,12.1,SE,48.0,19.0,15.0,51.0,26.0,1020.4,1016.9,4.45,4.51,16.1,26.6,0,0,14.4,-25.0,0.05999999999999961,-3.5,-4.0,17.67,29.0,0.0,9.488,11.26,11.329999999999998,-18.5,-1.9099999999999795,6.8,47.7,29.2,March,0.0
Adelaide,16.1,30.3,0.0,6.2,12.1,ENE,35.0,4.0,20.0,47.0,23.0,1016.4,1012.3,4.45,4.51,22.2,29.7,0,0,14.2,-24.0,0.05999999999999961,-4.100000000000023,16.0,16.67,28.1,0.0,9.661,11.780000000000001,11.429999999999998,-20.7,-2.019999999999982,4.9,50.2,29.5,March,0.0
Adelaide,18.7,34.0,0.0,7.0,11.5,NNE,31.0,6.0,13.0,39.0,23.0,1008.9,1005.7,4.45,4.51,23.8,31.5,0,0,15.3,-16.0,0.05999999999999961,-3.199999999999932,7.0,16.240000000000002,28.51,0.0,9.734,12.010000000000002,12.27,-21.2,-2.2899999999999863,6.1,47.9,26.7,March,0.0
Adelaide,18.0,26.0,0.0,7.6,11.8,WNW,39.0,11.0,13.0,67.0,47.0,1006.6,1006.3,4.45,4.51,21.2,25.0,0,1,8.0,-20.0,0.05999999999999961,-0.3000000000000682,2.0,16.3,29.380000000000003,0.0,8.373999999999999,12.03,13.080000000000002,-20.5,-2.689999999999986,6.1,45.5,25.0,March,0.0
Adelaide,16.3,24.5,1.6,5.47,5.9,NW,43.0,9.0,17.0,59.0,37.0,1010.1,1007.2,4.45,4.51,17.5,22.8,1,1,8.2,-22.0,0.05999999999999961,-2.8999999999999773,8.0,16.619999999999997,29.26,0.0,8.494,11.97,12.639999999999999,-20.0,-2.4299999999999953,6.5,47.5,27.5,March,0.0
Adelaide,13.8,23.9,6.6,5.47,6.0,E,37.0,13.0,17.0,56.0,44.0,1009.1,1006.8,4.45,4.51,17.0,23.1,1,0,10.099999999999998,-12.0,0.05999999999999961,-2.300000000000068,4.0,16.759999999999998,28.640000000000004,0.15999999999999964,8.421,11.32,11.879999999999999,-19.8,-2.539999999999998,5.8,48.5,28.7,March,1.5999999999999965
Adelaide,16.4,21.1,0.4,5.47,0.3,W,52.0,20.0,30.0,68.0,68.0,1008.3,1010.4,4.45,4.51,18.3,20.1,0,1,4.700000000000003,0.0,0.05999999999999961,2.1000000000000227,10.0,16.18,27.8,0.8199999999999996,8.107999999999999,10.72,11.62,-20.7,-2.5600000000000023,5.6,51.6,30.9,March,8.199999999999996
Adelaide,14.3,22.0,1.6,16.4,7.8,SW,39.0,11.0,20.0,75.0,36.0,1021.2,1022.5,4.45,4.51,16.8,21.6,1,0,7.699999999999999,-39.0,0.05999999999999961,1.2999999999999545,9.0,15.959999999999999,26.290000000000003,0.8599999999999997,7.874999999999998,9.56,10.33,-18.0,-2.0600000000000023,5.3,54.5,36.5,March,8.599999999999996
Adelaide,13.8,19.8,0.0,4.8,4.6,SE,33.0,6.0,13.0,54.0,41.0,1030.7,1030.7,4.45,4.51,15.7,18.9,0,0,6.0,-13.0,0.05999999999999961,0.0,7.0,15.540000000000001,25.55,1.0199999999999996,8.968,9.1,10.010000000000002,-19.4,-1.7900000000000091,5.9,56.3,36.9,March,10.199999999999996
Adelaide,11.9,23.0,0.0,3.4,10.6,ESE,39.0,13.0,17.0,61.0,31.0,1034.8,1031.4,4.45,4.51,15.1,21.9,0,0,11.1,-30.0,0.05999999999999961,-3.3999999999998636,4.0,15.410000000000002,25.18,1.0199999999999996,8.901,8.35,9.77,-19.1,-1.6800000000000068,6.6,56.6,37.5,March,10.199999999999996
Adelaide,14.2,28.8,0.0,6.0,10.2,SE,43.0,9.0,17.0,49.0,27.0,1032.1,1029.3,4.45,4.51,20.4,27.5,0,0,14.600000000000001,-22.0,0.05999999999999961,-2.7999999999999545,8.0,15.239999999999998,25.21,1.0199999999999996,6.901000000000001,8.27,9.969999999999999,-20.1,-1.6299999999999955,6.3,57.7,37.6,March,10.199999999999996
Adelaide,20.2,31.8,0.0,5.47,9.4,E,39.0,15.0,7.0,35.0,25.0,1029.3,1025.7,4.45,4.51,23.9,29.4,0,0,11.600000000000001,-10.0,0.05999999999999961,-3.599999999999909,-8.0,15.35,25.339999999999996,1.0199999999999996,6.781000000000001,8.08,9.99,-19.8,-1.559999999999991,7.5,57.5,37.7,March,10.199999999999996
Adelaide,22.4,28.9,0.0,5.47,1.7,NE,35.0,17.0,7.0,33.0,43.0,1024.1,1021.8,4.45,4.51,24.3,25.8,0,0,6.5,10.0,0.05999999999999961,-2.2999999999999545,-10.0,15.76,25.490000000000002,1.0199999999999996,6.708,7.81,9.73,-18.4,-1.5099999999999796,5.1,56.3,37.9,March,10.199999999999996
Adelaide,17.1,32.1,0.0,16.0,11.2,W,40.04,7.0,18.66,40.0,35.0,1021.2,1015.26,4.45,4.51,24.0,30.8,0,0,15.0,-5.0,0.05999999999999961,-5.940000000000055,11.66,16.130000000000003,24.98,1.0199999999999996,6.555,6.83,8.85,-15.8,-1.4199999999999817,3.4,55.7,39.9,March,10.199999999999996
Adelaide,16.5,34.9,0.0,5.8,8.2,NW,35.0,0.0,13.0,46.0,22.0,1020.6,1018.3,4.45,4.51,20.6,34.5,0,0,18.4,-24.0,0.05999999999999961,-2.300000000000068,13.0,16.04,25.59,1.0199999999999996,7.3950000000000005,6.7700000000000005,9.55,-14.3,-1.9839999999999804,4.366,53.0,38.7,March,10.199999999999996
Adelaide,20.6,36.0,0.0,6.6,3.9,NW,31.0,7.0,17.0,41.0,18.0,1021.0,1019.5,4.45,4.51,25.0,34.7,0,0,15.399999999999999,-23.0,0.05999999999999961,-1.5,10.0,16.06,26.630000000000003,0.8599999999999997,7.428,7.0,10.57,-14.5,-1.9239999999999895,4.866,51.7,37.2,March,8.599999999999996
Adelaide,22.6,35.6,0.0,5.8,6.3,WNW,44.0,9.0,26.0,41.0,32.0,1020.4,1017.1,4.45,4.51,25.6,31.9,0,1,13.0,-9.0,0.05999999999999961,-3.2999999999999545,17.0,16.74,27.839999999999996,0.19999999999999965,7.5409999999999995,6.789999999999999,11.1,-15.6,-1.8439999999999828,5.465999999999999,50.2,34.6,March,1.9999999999999964
Adelaide,19.0,26.9,2.2,5.4,9.3,WSW,26.0,11.0,11.0,88.0,58.0,1020.0,1019.2,4.45,4.51,20.8,25.1,1,0,7.899999999999999,-30.0,0.05999999999999961,-0.7999999999999545,0.0,17.360000000000003,29.29,0.15999999999999964,7.574000000000001,7.389999999999999,11.93,-16.5,-2.3839999999999804,6.1659999999999995,47.5,31.0,March,1.5999999999999965
Adelaide,16.0,28.5,0.0,5.47,9.4,WSW,26.0,9.0,15.0,74.0,38.0,1021.8,1019.9,4.45,4.51,18.6,26.8,0,0,12.5,-36.0,0.05999999999999961,-1.8999999999999773,6.0,17.830000000000002,29.779999999999994,0.21999999999999967,6.473999999999999,7.540000000000001,11.95,-15.6,-2.5939999999999714,5.266,48.8,33.2,March,2.1999999999999966
Adelaide,17.6,29.5,0.4,5.47,10.8,WSW,46.0,6.0,19.0,68.0,37.0,1023.5,1021.5,4.45,4.51,20.1,28.8,0,0,11.899999999999999,-31.0,0.05999999999999961,-2.0,13.0,18.05,30.65,0.21999999999999967,6.5409999999999995,8.02,12.6,-17.9,-2.783999999999969,5.1659999999999995,50.8,32.9,March,2.1999999999999966
Adelaide,12.8,23.9,0.0,14.8,10.9,WSW,30.0,9.0,15.0,62.0,44.0,1025.0,1022.6,4.45,4.51,16.1,22.9,0,0,11.099999999999998,-18.0,0.05999999999999961,-2.3999999999999773,6.0,18.62,31.3,0.2599999999999997,6.747999999999999,8.04,12.68,-18.0,-2.643999999999983,6.066,51.5,33.5,March,2.5999999999999965
Adelaide,10.4,24.9,0.0,3.8,10.9,WSW,28.0,7.0,9.0,58.0,37.0,1025.7,1023.4,4.45,4.51,15.5,24.0,0,0,14.499999999999998,-21.0,0.05999999999999961,-2.300000000000068,2.0,18.48,30.810000000000002,0.2599999999999997,7.628,8.11,12.329999999999998,-17.6,-2.603999999999985,5.866,52.8,35.2,March,2.5999999999999965
Adelaide,11.5,29.2,0.0,5.0,10.9,WSW,24.0,0.0,9.0,64.0,28.0,1025.1,1021.0,4.45,4.51,15.9,28.5,0,0,17.7,-36.0,0.05999999999999961,-4.099999999999909,9.0,17.5,30.119999999999997,0.2599999999999997,7.461,8.260000000000002,12.62,-18.7,-2.474000000000001,6.866,55.1,36.4,March,2.5999999999999965
Adelaide,14.1,33.7,0.0,4.0,10.4,N,28.0,6.0,15.0,50.0,11.0,1019.3,1016.7,4.45,4.51,19.3,32.6,0,0,19.6,-39.0,0.05999999999999961,-2.599999999999909,9.0,16.41,30.15,0.2599999999999997,7.414,9.18,13.739999999999998,-23.3,-2.6539999999999964,8.766,58.2,34.9,March,2.5999999999999965
Adelaide,14.8,33.3,0.0,6.0,6.9,WSW,28.0,2.0,13.0,37.0,34.0,1018.3,1016.2,4.45,4.51,21.9,27.7,0,0,18.499999999999996,-3.0,0.05999999999999961,-2.099999999999909,11.0,16.110000000000003,30.310000000000002,0.2599999999999997,6.214,9.1,14.2,-26.7,-2.3199999999999816,8.5,59.2,32.5,March,2.5999999999999965
Adelaide,19.8,29.1,0.0,5.47,1.7,ENE,33.0,2.0,13.0,58.0,39.0,1017.5,1015.1,4.45,4.51,21.0,26.5,0,0,9.3,-19.0,0.05999999999999961,-2.3999999999999773,11.0,15.940000000000001,30.15,0.2599999999999997,6.234,8.970000000000002,14.209999999999999,-24.6,-2.299999999999966,8.3,58.3,33.7,March,2.5999999999999965
Adelaide,21.0,22.6,0.2,5.47,0.0,SW,28.0,0.0,6.0,70.0,90.0,1011.5,1011.2,4.45,4.51,22.3,19.0,0,1,1.6000000000000014,20.0,0.05999999999999961,-0.2999999999999545,6.0,15.860000000000003,29.46,0.2599999999999997,6.121,8.75,13.6,-24.2,-2.3899999999999637,8.4,60.0,35.8,March,2.5999999999999965
Adelaide,18.1,24.2,6.0,9.2,9.5,WSW,41.0,9.0,19.0,74.0,52.0,1016.6,1017.3,4.45,4.51,19.7,23.3,1,0,6.099999999999998,-22.0,0.05999999999999961,0.6999999999999318,10.0,15.7,28.160000000000004,0.2799999999999997,6.088,8.120000000000001,12.459999999999999,-21.3,-2.0899999999999634,7.3,62.9,41.6,March,2.7999999999999967
Adelaide,13.5,24.2,0.0,4.6,10.1,ESE,30.0,9.0,15.0,71.0,36.0,1024.6,1022.3,4.45,4.51,16.5,23.5,0,0,10.7,-35.0,0.05999999999999961,-2.2999999999999545,6.0,15.61,27.889999999999997,0.6599999999999996,6.468000000000001,8.14,12.279999999999998,-20.5,-1.939999999999975,8.3,61.5,41.0,March,6.599999999999996
Adelaide,13.2,27.0,0.0,4.6,10.8,WSW,26.0,9.0,9.0,50.0,31.0,1022.0,1018.9,4.45,4.51,18.1,26.5,0,0,13.8,-19.0,0.05999999999999961,-3.1000000000000227,0.0,15.36,27.459999999999997,0.6599999999999996,6.380999999999999,8.21,12.099999999999998,-20.4,-1.9799999999999727,8.3,61.2,40.8,March,6.599999999999996
Adelaide,14.1,29.0,0.0,5.0,9.7,SE,30.0,0.0,11.0,55.0,28.0,1020.8,1018.6,4.45,4.51,17.6,28.5,0,0,14.9,-27.0,0.05999999999999961,-2.199999999999932,11.0,14.919999999999998,27.209999999999997,0.6199999999999996,6.294,8.21,12.29,-19.2,-2.089999999999975,7.0,59.4,40.2,April,6.199999999999996
Adelaide,16.1,26.7,0.0,5.47,10.8,ESE,52.0,9.0,9.0,54.0,33.0,1021.8,1019.2,4.45,4.51,17.7,26.0,0,0,10.599999999999998,-21.0,0.05999999999999961,-2.599999999999909,0.0,15.05,27.72,0.6199999999999996,5.314,8.09,12.669999999999998,-20.1,-2.0699999999999705,7.5,58.7,38.6,April,6.199999999999996
Adelaide,14.7,25.0,0.0,5.47,7.1,ESE,54.0,4.0,9.0,55.0,33.0,1022.4,1019.3,4.45,4.51,15.3,24.2,0,0,10.3,-22.0,0.05999999999999961,-3.1000000000000227,5.0,15.620000000000001,27.9,0.6199999999999996,5.481,8.08,12.28,-20.1,-2.0999999999999543,7.3,58.3,38.2,April,6.199999999999996
Adelaide,15.2,28.4,0.0,5.47,8.7,SW,24.0,11.0,15.0,35.0,28.0,1017.8,1013.9,4.45,4.51,22.1,27.2,0,0,13.2,-7.0,0.05999999999999961,-3.8999999999999773,4.0,15.940000000000001,27.48,0.6199999999999996,5.528,7.7,11.54,-18.7,-1.9999999999999658,6.9,57.4,38.7,April,6.199999999999996
Adelaide,19.4,32.2,0.0,5.47,5.7,N,44.0,7.0,13.0,34.0,19.0,1013.4,1008.5,4.45,4.51,23.4,30.5,0,1,12.800000000000004,-15.0,0.05999999999999961,-4.899999999999977,6.0,16.05,26.95,0.6199999999999996,5.674999999999999,7.529999999999999,10.899999999999999,-15.5,-2.129999999999973,6.4,55.9,40.4,April,6.199999999999996
Adelaide,17.7,24.2,34.0,24.4,6.7,NE,35.0,9.0,20.0,95.0,58.0,1007.8,1006.4,4.45,4.51,18.1,22.5,1,0,6.5,-37.0,0.05999999999999961,-1.3999999999999773,11.0,16.51,26.839999999999996,0.6199999999999996,5.622,7.410000000000001,10.330000000000002,-16.7,-2.4099999999999797,5.9,55.6,38.9,April,6.199999999999996
Adelaide,16.9,22.2,0.2,2.4,1.0,WNW,39.0,13.0,19.0,83.0,63.0,1012.2,1013.1,4.45,4.51,18.9,21.3,0,0,5.300000000000001,-20.0,0.05999999999999961,0.8999999999999773,6.0,16.3,26.35,4.02,7.514999999999999,7.910000000000001,10.05,-18.5,-2.3099999999999796,5.9,59.3,40.8,April,40.199999999999996
Adelaide,16.9,24.5,0.0,2.2,8.0,E,39.0,9.0,9.0,68.0,57.0,1020.3,1017.1,4.45,4.51,19.7,22.8,0,1,7.600000000000001,-11.0,0.05999999999999961,-3.199999999999932,0.0,15.89,26.310000000000002,4.02,7.208,8.010000000000002,10.42,-22.5,-2.189999999999986,5.9,60.6,38.1,April,40.199999999999996
Adelaide,17.6,22.9,6.0,3.8,1.9,ENE,35.0,7.0,15.0,94.0,73.0,1011.7,1009.5,4.45,4.51,17.9,20.8,1,0,5.299999999999997,-21.0,0.05999999999999961,-2.2000000000000455,8.0,15.77,26.340000000000003,3.4200000000000004,6.508,7.860000000000001,10.57,-21.4,-2.5799999999999725,4.9,60.0,38.6,April,34.2
Adelaide,15.3,22.7,0.4,5.47,7.9,WSW,50.0,15.0,19.0,77.0,66.0,1013.3,1011.0,4.45,4.51,18.5,21.0,0,0,7.399999999999999,-11.0,0.05999999999999961,-2.2999999999999545,4.0,16.18,26.21,4.0200000000000005,6.428,7.039999999999999,10.03,-20.0,-2.5699999999999816,5.1,62.3,42.3,April,40.2
Adelaide,15.1,19.4,0.6,5.47,7.3,WSW,48.0,22.0,15.0,58.0,48.0,1016.2,1016.6,4.45,4.51,17.1,18.0,0,0,4.299999999999999,-10.0,0.05999999999999961,0.39999999999997726,-7.0,16.39,25.78,4.0600000000000005,6.514999999999999,6.75,9.39,-19.2,-2.489999999999975,5.5,65.0,45.8,April,40.6
Adelaide,7.4,19.9,0.0,5.47,9.6,WSW,35.0,2.0,20.0,56.0,44.0,1024.0,1022.2,4.45,4.51,13.3,19.2,0,0,12.499999999999998,-12.0,0.05999999999999961,-1.7999999999999545,18.0,16.49,24.82,4.119999999999999,6.561999999999999,6.510000000000001,8.33,-17.5,-2.229999999999984,3.7,65.3,47.8,April,41.199999999999996
Adelaide,8.4,19.9,0.0,11.2,10.6,W,24.0,6.0,9.0,52.0,44.0,1028.1,1024.7,4.45,4.51,15.6,19.2,0,0,11.499999999999998,-8.0,0.05999999999999961,-3.3999999999998636,3.0,15.62,24.14,4.12,6.562,6.39,8.52,-16.6,-2.149999999999989,5.5,65.5,48.9,April,41.2
Adelaide,9.6,21.8,0.0,2.8,9.9,SSW,22.0,0.0,11.0,60.0,41.0,1025.5,1022.4,4.45,4.51,15.6,21.0,0,0,12.200000000000001,-19.0,0.05999999999999961,-3.1000000000000227,11.0,14.99,23.630000000000003,4.12,7.135,6.739999999999999,8.64,-15.2,-2.1799999999999726,5.3,65.2,50.0,April,41.2
Adelaide,9.7,22.9,0.0,2.4,10.8,E,26.0,9.0,17.0,54.0,45.0,1025.0,1022.3,4.45,4.51,17.6,21.9,0,0,13.2,-9.0,0.05999999999999961,-2.7000000000000455,8.0,14.429999999999998,22.97,4.12,6.867999999999999,6.859999999999999,8.540000000000001,-16.4,-2.0999999999999774,6.0,67.7,51.3,April,41.2
Adelaide,10.9,25.0,0.0,3.2,9.4,NW,28.0,13.0,15.0,45.0,38.0,1022.2,1018.8,4.45,4.51,18.7,22.7,0,0,14.1,-7.0,0.05999999999999961,-3.400000000000091,2.0,13.459999999999999,22.04,4.12,6.561,7.37,8.579999999999998,-15.8,-1.8799999999999841,6.2,69.7,53.9,April,41.2
Adelaide,14.0,28.5,0.0,5.47,6.4,NNE,30.0,9.0,9.0,29.0,30.0,1020.1,1017.3,4.45,4.51,22.7,25.9,0,0,14.5,1.0,0.05999999999999961,-2.800000000000068,0.0,12.78,22.119999999999997,0.72,4.441,7.639999999999999,9.34,-12.8,-2.0799999999999956,5.3,64.7,51.9,April,7.2
Adelaide,17.2,27.3,0.6,5.47,4.4,NNW,30.0,17.0,13.0,46.0,28.0,1018.5,1016.0,4.45,4.51,22.4,26.5,0,0,10.100000000000001,-18.0,0.05999999999999961,-2.5,-4.0,12.49,22.75,0.7,4.747999999999999,8.18,10.26,-10.7,-2.45,4.7,59.3,48.6,April,7.0
Adelaide,15.5,24.6,0.8,9.6,5.6,SW,20.0,9.0,9.0,86.0,58.0,1019.1,1016.8,4.45,4.51,18.1,23.3,0,0,9.100000000000001,-28.0,0.05999999999999961,-2.300000000000068,0.0,12.52,23.03,0.76,5.075,7.82,10.51,-11.4,-2.380000000000007,4.3,57.1,45.7,April,7.6
Adelaide,15.5,27.8,0.0,2.4,5.6,N,31.0,0.0,13.0,72.0,46.0,1018.6,1015.4,4.45,4.51,20.1,27.5,0,0,12.3,-26.0,0.05999999999999961,-3.2000000000000455,13.0,12.309999999999999,23.2,0.24,5.654999999999999,8.190000000000001,10.89,-12.1,-2.390000000000009,3.5,56.3,44.2,April,2.4
Adelaide,14.5,28.6,0.0,2.6,10.6,NW,24.0,2.0,15.0,64.0,48.0,1019.5,1017.2,4.45,4.51,21.5,26.7,0,0,14.100000000000001,-16.0,0.05999999999999961,-2.2999999999999545,13.0,12.329999999999998,23.71,0.2,5.348,7.959999999999999,11.379999999999999,-13.6,-2.480000000000018,4.4,55.8,42.2,April,2.0
Adelaide,16.7,30.2,0.0,3.2,10.6,NW,35.0,9.0,17.0,52.0,33.0,1019.9,1016.6,4.45,4.51,23.8,29.4,0,0,13.5,-19.0,0.05999999999999961,-3.2999999999999545,8.0,12.27,24.630000000000003,0.13999999999999999,5.061,8.290000000000001,12.36,-14.2,-2.7500000000000115,6.4,56.4,42.2,April,1.4
Adelaide,20.4,26.0,0.0,4.4,1.0,NNE,30.0,11.0,9.0,57.0,55.0,1016.6,1013.2,4.45,4.51,22.9,22.9,0,0,5.600000000000001,-2.0,0.05999999999999961,-3.3999999999999773,-2.0,13.2,25.660000000000004,0.13999999999999999,4.834,8.39,12.459999999999999,-14.9,-2.9000000000000115,5.4,56.0,41.1,April,1.4
Adelaide,17.4,21.2,0.0,5.47,4.2,WSW,52.0,17.0,22.0,75.0,59.0,1013.8,1012.4,4.45,4.51,17.6,18.7,0,1,3.8000000000000007,-16.0,0.05999999999999961,-1.3999999999999773,5.0,14.4,26.27,0.13999999999999999,4.154,7.43,11.870000000000001,-14.3,-2.9000000000000226,4.9,56.5,42.2,April,1.4
Adelaide,12.5,20.0,4.2,5.47,9.9,SW,33.0,9.0,15.0,76.0,52.0,1021.8,1022.3,4.45,4.51,16.2,19.7,1,0,7.5,-24.0,0.05999999999999961,0.5,6.0,15.180000000000001,26.21,0.13999999999999999,4.420999999999999,6.860000000000001,11.03,-14.0,-2.730000000000018,4.3,58.0,44.0,April,1.4
Adelaide,9.1,22.4,0.0,5.47,5.6,NNW,44.0,11.0,19.0,52.0,39.0,1023.5,1019.7,4.45,4.51,17.5,20.4,0,0,13.299999999999999,-13.0,0.05999999999999961,-3.7999999999999545,8.0,15.459999999999999,25.919999999999998,0.5599999999999999,4.728,6.769999999999999,10.46,-15.5,-2.4100000000000135,4.1,60.2,44.7,April,5.6
Adelaide,15.4,20.1,0.2,10.0,7.7,W,40.04,13.0,19.0,67.0,42.0,1021.4,1020.6,4.45,4.51,17.0,19.0,0,0,4.700000000000001,-25.0,0.05999999999999961,-0.7999999999999545,6.0,15.280000000000001,25.660000000000004,0.56,4.955,6.39,10.379999999999999,-16.1,-2.45,4.7,60.9,44.8,April,5.6000000000000005
Adelaide,10.3,18.3,0.0,3.0,1.6,W,44.0,7.0,24.0,73.0,72.0,1023.6,1021.5,4.45,4.51,13.5,17.5,0,1,8.0,-1.0,0.05999999999999961,-2.1000000000000227,17.0,15.420000000000002,24.82,0.5800000000000001,5.4079999999999995,6.5200000000000005,9.4,-18.7,-2.2499999999999885,5.3,64.7,46.0,April,5.800000000000001
Adelaide,13.5,19.2,2.6,1.2,2.6,WSW,35.0,0.0,13.0,78.0,57.0,1025.7,1025.2,4.45,4.51,16.6,17.7,1,0,5.699999999999999,-21.0,0.05999999999999961,-0.5,13.0,14.729999999999999,23.919999999999998,0.5200000000000001,5.161,6.24,9.190000000000001,-17.0,-2.209999999999991,7.4,67.4,50.4,April,5.200000000000001
Adelaide,10.8,21.2,0.0,1.8,6.6,ENE,22.0,9.0,7.0,66.0,48.0,1028.4,1024.7,4.45,4.51,15.7,21.0,0,0,10.399999999999999,-18.0,0.05999999999999961,-3.7000000000000455,-2.0,14.529999999999998,23.380000000000003,0.7,4.321,5.9399999999999995,8.85,-16.3,-2.0299999999999843,8.7,66.6,50.3,April,7.0
Adelaide,11.9,25.3,0.0,5.47,10.3,NNW,35.0,11.0,17.0,58.0,36.0,1023.8,1020.8,4.45,4.51,18.1,24.8,0,0,13.4,-22.0,0.05999999999999961,-3.0,6.0,14.059999999999999,22.72,0.7,4.261,6.04,8.66,-15.5,-2.079999999999984,7.2,66.0,50.5,May,7.0
Adelaide,13.1,20.3,0.0,5.47,3.0,ESE,41.0,13.0,13.0,67.0,46.0,1026.2,1024.9,4.45,4.51,17.1,19.5,0,0,7.200000000000001,-21.0,0.05999999999999961,-1.2999999999999545,0.0,13.8,22.389999999999997,0.7,4.548,6.01,8.59,-16.1,-2.149999999999989,6.5,65.4,49.3,May,7.0
Adelaide,14.8,26.3,0.0,9.2,8.0,NNW,37.0,11.0,19.0,48.0,30.0,1021.2,1015.6,4.45,4.51,19.2,24.6,0,1,11.5,-18.0,0.05999999999999961,-5.600000000000023,8.0,13.440000000000001,21.4,0.7,4.775,5.25,7.960000000000001,-16.3,-1.9499999999999886,5.7,66.9,50.6,May,7.0
Adelaide,14.7,17.7,5.2,3.0,4.2,W,54.0,24.0,15.0,89.0,67.0,1014.4,1015.0,4.45,4.51,14.8,15.4,1,1,3.0,-22.0,0.05999999999999961,0.6000000000000227,-9.0,12.88,21.43,0.7,5.255,5.95,8.55,-17.9,-2.1699999999999933,6.7,66.0,48.1,May,7.0
Adelaide,11.1,17.1,1.4,3.0,3.2,W,48.0,0.0,11.0,65.0,74.0,1021.8,1020.9,4.45,4.51,14.8,14.8,1,1,6.000000000000002,9.0,0.05999999999999961,-0.8999999999999773,11.0,12.610000000000001,21.080000000000002,1.2200000000000002,5.008,5.95,8.47,-18.5,-1.969999999999993,5.3,67.4,48.9,May,12.200000000000001
Adelaide,11.8,19.7,4.2,0.8,4.8,W,24.0,7.0,13.0,93.0,67.0,1024.8,1022.9,4.45,4.51,13.3,18.1,1,0,7.899999999999999,-26.0,0.05999999999999961,-1.8999999999999773,6.0,12.47,20.79,0.9400000000000001,4.761,5.279999999999999,8.32,-15.2,-2.109999999999991,5.8,66.3,51.1,May,9.4
Adelaide,12.1,20.0,0.0,1.8,4.0,WNW,28.0,9.0,13.0,68.0,68.0,1024.6,1022.6,4.45,4.51,15.6,19.0,0,0,7.9,0.0,0.05999999999999961,-1.9999999999998863,4.0,12.739999999999998,20.520000000000003,1.36,4.294,5.2,7.780000000000001,-16.5,-1.9199999999999933,5.6,70.4,53.9,May,13.600000000000001
Adelaide,14.5,21.9,0.6,5.47,6.5,WNW,20.0,7.0,9.0,90.0,53.0,1024.6,1021.3,4.45,4.51,15.8,21.1,0,0,7.399999999999999,-37.0,0.05999999999999961,-3.2999999999999545,2.0,12.41,20.51,1.34,3.4739999999999993,4.83,8.1,-14.0,-2.0399999999999863,5.4,70.5,56.5,May,13.4
Adelaide,10.5,23.6,0.0,5.47,10.3,W,30.0,9.0,15.0,63.0,43.0,1020.6,1016.7,4.45,4.51,17.5,23.3,0,0,13.100000000000001,-20.0,0.05999999999999961,-3.8999999999999773,6.0,12.830000000000002,20.869999999999997,1.4,3.720999999999999,5.32,8.040000000000001,-17.6,-2.1599999999999797,3.9,72.2,54.6,May,14.0
Adelaide,11.8,23.4,0.0,5.6,9.5,NNW,46.0,9.0,20.0,40.0,28.0,1014.7,1010.8,4.45,4.51,17.8,23.3,0,0,11.599999999999998,-12.0,0.05999999999999961,-3.900000000000091,11.0,12.530000000000001,21.310000000000002,1.1400000000000001,4.148000000000001,6.090000000000001,8.78,-17.5,-2.4999999999999774,3.2,70.7,53.2,May,11.4
Adelaide,12.3,16.4,0.0,3.4,9.6,SW,48.0,22.0,20.0,43.0,39.0,1019.8,1021.0,4.45,4.51,14.4,15.6,0,0,4.099999999999998,-4.0,0.05999999999999961,1.2000000000000455,-2.0,12.629999999999999,21.53,1.1400000000000001,4.528,6.38,8.9,-16.9,-2.519999999999982,4.5,68.1,51.2,May,11.4
Adelaide,8.9,16.8,0.0,3.2,4.1,SW,19.0,9.0,7.0,59.0,43.0,1027.4,1025.6,4.45,4.51,12.5,15.5,0,0,7.9,-16.0,0.05999999999999961,-1.800000000000182,-2.0,12.67,20.639999999999997,1.1400000000000001,4.321,6.3100000000000005,7.970000000000001,-15.1,-2.0999999999999774,3.7,66.6,51.5,May,11.4
Adelaide,6.0,18.5,0.0,1.6,9.9,NNW,24.0,9.0,9.0,51.0,36.0,1026.5,1021.7,4.45,4.51,13.3,18.0,0,0,12.5,-15.0,0.05999999999999961,-4.7999999999999545,0.0,12.25,20.29,1.1400000000000001,4.093999999999999,6.42,8.04,-14.6,-2.15,3.5,65.8,51.2,May,11.4
Adelaide,5.9,19.9,0.0,2.0,9.8,NW,24.0,9.0,11.0,43.0,28.0,1021.6,1017.4,4.45,4.51,13.8,18.5,0,0,13.999999999999998,-15.0,0.05999999999999961,-4.2000000000000455,2.0,11.370000000000001,19.509999999999998,1.1400000000000001,3.3340000000000005,6.610000000000001,8.139999999999999,-14.3,-2.069999999999993,2.7,66.1,51.8,May,11.4
Adelaide,4.3,19.3,0.0,5.47,4.0,NE,22.0,0.0,11.0,57.0,24.0,1018.9,1015.6,4.45,4.51,9.8,18.3,0,0,15.0,-33.0,0.05999999999999961,-3.2999999999999545,11.0,10.49,19.73,0.6199999999999999,3.2340000000000004,7.17,9.239999999999998,-13.6,-2.55,3.8,61.5,47.9,May,6.199999999999999
Adelaide,7.0,20.7,0.0,5.47,8.4,NNW,26.0,4.0,11.0,43.0,34.0,1017.7,1016.3,4.45,4.51,14.8,19.8,0,0,13.7,-9.0,0.05999999999999961,-1.400000000000091,7.0,9.81,19.95,0.47999999999999987,3.4810000000000003,7.25,10.139999999999999,-17.8,-2.789999999999998,3.8,60.7,42.9,May,4.799999999999999
Adelaide,7.0,20.4,0.0,6.4,9.5,NW,17.0,0.0,11.0,62.0,36.0,1020.8,1018.5,4.45,4.51,13.1,19.9,0,0,13.399999999999999,-26.0,0.05999999999999961,-2.2999999999999545,11.0,9.330000000000002,20.05,0.06,3.9480000000000004,7.609999999999999,10.719999999999999,-16.1,-2.740000000000009,3.9,55.7,39.6,May,0.6
Adelaide,6.5,20.1,0.0,1.6,9.4,WSW,17.0,6.0,6.0,66.0,50.0,1022.3,1019.9,4.45,4.51,12.7,20.0,0,0,13.600000000000001,-16.0,0.05999999999999961,-2.3999999999999773,0.0,8.82,20.089999999999996,0.06,4.4079999999999995,8.16,11.27,-18.7,-2.770000000000016,4.6,55.1,36.4,May,0.6
Adelaide,7.8,20.9,0.0,1.0,6.0,NNE,15.0,6.0,9.0,62.0,37.0,1023.2,1020.3,4.45,4.51,13.8,20.3,0,0,13.099999999999998,-25.0,0.05999999999999961,-2.900000000000091,3.0,8.02,19.910000000000004,0.0,4.021,8.45,11.889999999999999,-16.6,-2.6800000000000184,4.4,52.7,36.1,May,0.0
Adelaide,11.5,21.0,0.0,1.4,5.0,ESE,24.0,6.0,9.0,54.0,44.0,1022.2,1020.0,4.45,4.51,14.9,20.3,0,0,9.5,-10.0,0.05999999999999961,-2.2000000000000455,3.0,7.75,19.639999999999997,0.0,3.5740000000000003,8.02,11.889999999999999,-17.1,-2.5800000000000294,4.1,52.6,35.5,May,0.0
Adelaide,7.1,20.2,0.0,1.2,9.6,W,22.0,0.0,15.0,60.0,40.0,1023.6,1021.2,4.45,4.51,14.0,19.5,0,0,13.1,-20.0,0.05999999999999961,-2.3999999999999773,15.0,7.720000000000001,19.4,0.0,3.154,7.57,11.679999999999998,-16.9,-2.410000000000025,3.3,54.0,37.1,May,0.0
Adelaide,7.0,21.3,0.0,5.47,9.2,NE,28.0,2.0,9.0,64.0,33.0,1022.6,1018.2,4.45,4.51,13.6,20.5,0,0,14.3,-31.0,0.05999999999999961,-4.399999999999977,7.0,7.2,19.78,0.0,2.934,7.5699999999999985,12.58,-18.5,-2.770000000000027,5.0,55.7,37.2,May,0.0
Adelaide,12.9,16.7,0.0,5.47,0.4,NE,54.0,17.0,24.0,42.0,56.0,1014.6,1010.2,4.45,4.51,14.9,13.9,0,1,3.799999999999999,14.0,0.05999999999999961,-4.399999999999977,7.0,7.01,20.229999999999997,0.0,3.161,8.08,13.219999999999999,-20.0,-3.030000000000007,5.9,56.2,36.2,May,0.0
Adelaide,11.2,20.4,5.0,6.2,3.3,NE,35.0,11.0,7.0,76.0,69.0,1006.2,1003.1,4.45,4.51,15.2,19.3,1,1,9.2,-7.0,0.05999999999999961,-3.1000000000000227,-4.0,7.7,20.05,0.0,3.5479999999999996,7.13,12.35,-17.1,-2.990000000000009,6.6,55.3,38.2,May,0.0
Adelaide,13.1,17.8,20.0,0.6,2.0,SE,31.0,0.0,15.0,97.0,65.0,1005.9,1006.6,4.45,4.51,13.8,17.5,1,0,4.700000000000001,-32.0,0.05999999999999961,0.7000000000000455,15.0,8.23,20.1,0.5,3.968,6.4799999999999995,11.870000000000001,-16.3,-2.880000000000007,6.0,58.6,42.3,May,5.0
Adelaide,13.7,19.3,0.6,1.6,5.4,SW,28.0,7.0,17.0,78.0,61.0,1014.7,1013.8,4.45,4.51,15.8,18.2,0,0,5.600000000000001,-17.0,0.05999999999999961,-0.900000000000091,10.0,9.11,19.95,2.5,3.4810000000000003,6.279999999999999,10.84,-16.2,-2.4800000000000066,6.4,62.6,46.4,May,25.0
Adelaide,9.2,19.5,0.0,1.6,5.6,N,26.0,2.0,17.0,83.0,48.0,1018.3,1014.2,4.45,4.51,12.9,19.0,0,0,10.3,-35.0,0.05999999999999961,-4.099999999999909,15.0,9.78,19.81,2.56,3.0940000000000003,5.9799999999999995,10.03,-17.0,-2.430000000000007,6.7,66.1,49.1,May,25.6
Adelaide,12.9,17.2,0.0,2.4,0.0,NNE,31.0,13.0,15.0,50.0,80.0,1009.2,1005.7,4.45,4.51,16.5,14.5,0,0,4.299999999999999,30.0,0.05999999999999961,-3.5,2.0,10.0,19.720000000000002,2.56,2.614,5.59,9.72,-17.9,-2.610000000000002,7.1,68.2,50.3,May,25.6
Adelaide,12.1,14.8,2.36,5.47,2.3,SW,50.0,22.0,15.0,66.0,89.0,1008.2,1010.3,4.45,4.51,14.1,14.0,0,1,2.700000000000001,23.0,0.05999999999999961,2.099999999999909,-7.0,10.639999999999999,19.43,2.56,2.694,4.65,8.790000000000001,-13.3,-2.7200000000000046,7.3,66.6,53.3,May,25.6
Adelaide,11.6,17.0,17.8,5.47,1.3,SSW,39.0,9.0,17.0,92.0,76.0,1018.8,1018.3,4.45,4.51,14.2,15.6,1,1,5.4,-16.0,0.05999999999999961,-0.5,8.0,11.069999999999999,18.82,2.7960000000000003,3.1409999999999996,4.279999999999999,7.75,-8.5,-2.2200000000000046,6.3,67.0,58.5,May,27.96
Adelaide,11.6,17.2,2.0,1.8,4.6,SSE,28.0,7.0,9.0,77.0,56.0,1021.1,1018.3,4.45,4.51,13.7,16.9,1,0,5.6,-21.0,0.05999999999999961,-2.800000000000068,2.0,11.08,18.42,4.5760000000000005,3.5479999999999996,3.91,7.340000000000001,-9.1,-2.05,6.8,70.8,61.7,May,45.760000000000005
Adelaide,10.9,16.2,0.0,1.2,0.4,WNW,19.0,6.0,7.0,87.0,79.0,1019.4,1017.4,4.45,4.51,13.4,14.7,0,0,5.299999999999999,-8.0,0.05999999999999961,-2.0,1.0,11.53,18.119999999999997,4.776000000000001,3.6079999999999997,3.4099999999999993,6.590000000000001,-9.2,-2.090000000000009,5.5,72.5,63.3,June,47.760000000000005
Adelaide,6.8,17.9,0.2,0.4,5.7,WSW,20.0,6.0,15.0,77.0,65.0,1022.7,1022.5,4.45,4.51,11.9,16.0,0,0,11.099999999999998,-12.0,0.05999999999999961,-0.20000000000004547,9.0,11.92,17.610000000000003,4.776000000000001,3.181,2.53,5.6899999999999995,-6.9,-1.8500000000000114,4.9,74.8,67.9,June,47.760000000000005
Adelaide,5.6,17.6,0.0,1.4,9.2,W,22.0,0.0,13.0,82.0,49.0,1026.8,1024.4,4.45,4.51,10.9,16.9,0,0,12.000000000000002,-33.0,0.05999999999999961,-2.3999999999998636,13.0,11.309999999999999,17.729999999999997,4.796,2.674,3.06,6.42,-9.5,-1.4300000000000181,5.1,78.3,68.8,June,47.96
Adelaide,4.8,17.0,0.0,1.0,8.7,W,24.0,0.0,17.0,78.0,67.0,1025.5,1023.1,4.45,4.51,10.1,15.7,0,0,12.2,-11.0,0.05999999999999961,-2.3999999999999773,17.0,10.749999999999998,17.45,4.296,2.194,3.65,6.7,-12.1,-1.3600000000000023,6.8,78.9,66.8,June,42.96
Adelaide,9.9,16.9,2.36,5.47,7.7,S,35.0,0.0,13.0,87.0,61.0,1023.7,1023.1,4.45,4.51,12.7,15.8,0,0,6.999999999999998,-26.0,0.05999999999999961,-0.6000000000000227,13.0,9.92,17.369999999999997,2.2960000000000003,2.2339999999999995,4.32,7.45,-10.0,-1.6700000000000046,7.0,77.0,67.0,June,22.96
Adelaide,5.7,14.3,0.2,5.47,1.5,WSW,20.0,4.0,0.0,82.0,80.0,1029.0,1028.1,4.45,4.51,9.4,12.4,0,0,8.600000000000001,-2.0,0.05999999999999961,-0.900000000000091,-4.0,9.54,17.13,2.472,2.621,4.55,7.589999999999999,-10.9,-1.6399999999999977,7.3,77.9,67.0,June,24.72
Adelaide,6.5,15.5,0.6,3.0,5.3,WNW,22.0,4.0,9.0,86.0,41.0,1028.9,1025.9,4.45,4.51,8.6,14.9,0,0,9.0,-45.0,0.05999999999999961,-3.0,5.0,9.19,16.61,2.492,3.008,4.14,7.419999999999999,-7.6,-1.3200000000000158,5.4,77.8,70.2,June,24.92
Adelaide,6.6,15.9,0.4,1.4,4.5,W,61.0,9.0,28.0,74.0,44.0,1022.7,1017.3,4.45,4.51,10.5,15.1,0,1,9.3,-30.0,0.05999999999999961,-5.400000000000091,19.0,8.55,16.44,2.552,3.068,4.67,7.890000000000001,-15.1,-1.270000000000016,5.7,81.4,66.3,June,25.52
Adelaide,8.7,15.1,6.4,1.6,5.5,SW,61.0,17.0,26.0,67.0,72.0,1019.5,1020.4,4.45,4.51,13.4,13.6,1,1,6.4,5.0,0.05999999999999961,0.8999999999999773,9.0,8.0,16.55,2.3560000000000003,2.661,4.890000000000001,8.55,-20.4,-2.020000000000016,8.3,82.2,61.8,June,23.560000000000002
Adelaide,7.3,16.3,1.4,1.4,2.9,W,31.0,2.0,17.0,92.0,64.0,1028.5,1026.7,4.45,4.51,9.6,14.9,1,1,9.0,-28.0,0.05999999999999961,-1.7999999999999545,15.0,7.709999999999999,16.36,1.216,2.274,5.31,8.649999999999999,-18.3,-1.880000000000018,8.4,79.7,61.4,June,12.16
Adelaide,9.6,16.1,1.4,0.8,3.9,SW,35.0,6.0,24.0,78.0,58.0,1028.3,1026.4,4.45,4.51,13.3,15.0,1,0,6.500000000000002,-20.0,0.05999999999999961,-1.8999999999998636,18.0,7.279999999999999,16.27,1.1560000000000001,2.2339999999999995,5.140000000000001,8.989999999999998,-19.0,-1.780000000000007,9.7,81.2,62.2,June,11.56
Adelaide,6.9,16.0,0.0,5.47,5.3,W,24.0,0.0,13.0,90.0,61.0,1030.0,1028.7,4.45,4.51,9.1,15.0,0,0,9.1,-29.0,0.05999999999999961,-1.2999999999999545,13.0,7.15,16.26,1.296,2.194,5.49,9.11,-20.2,-1.7699999999999931,11.4,80.3,60.1,June,12.96
Adelaide,4.3,13.4,0.0,5.47,1.1,SSW,20.0,0.0,13.0,74.0,49.0,1034.0,1032.0,4.45,4.51,8.4,12.5,0,0,9.100000000000001,-25.0,0.05999999999999961,-2.0,13.0,7.159999999999999,16.07,1.2760000000000002,2.7009999999999996,5.45,8.91,-21.9,-1.8799999999999841,11.8,81.6,59.7,June,12.760000000000002
Adelaide,2.2,13.8,0.0,5.47,9.2,NNE,26.0,4.0,6.0,79.0,38.0,1034.4,1030.8,4.45,4.51,6.5,13.6,0,0,11.600000000000001,-41.0,0.05999999999999961,-3.6000000000001364,2.0,7.030000000000001,15.650000000000002,1.2760000000000002,3.108,4.64,8.620000000000001,-21.1,-1.8399999999999976,11.8,80.8,59.7,June,12.760000000000002
Adelaide,2.3,14.0,0.0,5.0,8.4,NNW,24.0,6.0,7.0,59.0,43.0,1029.2,1025.1,4.45,4.51,8.8,13.8,0,0,11.7,-16.0,0.05999999999999961,-4.100000000000136,1.0,6.769999999999999,15.329999999999998,1.2760000000000002,3.5549999999999997,4.69,8.56,-24.1,-1.9600000000000137,10.3,80.9,56.8,June,12.760000000000002
Adelaide,6.1,16.9,0.0,2.0,1.0,NNW,54.0,11.0,28.0,53.0,45.0,1019.3,1011.5,4.45,4.51,12.7,16.3,0,1,10.799999999999999,-8.0,0.05999999999999961,-7.7999999999999545,17.0,6.01,15.040000000000001,1.0399999999999998,3.508,4.76,9.030000000000001,-23.1,-2.310000000000025,9.1,78.1,55.0,June,10.399999999999999
Adelaide,12.0,16.3,6.4,1.2,4.8,WSW,65.0,19.0,24.0,77.0,57.0,1014.4,1015.8,4.45,4.51,13.1,14.5,1,0,4.300000000000001,-20.0,0.05999999999999961,1.3999999999999773,5.0,6.05,15.3,1.02,3.161,4.71,9.250000000000002,-23.7,-3.0000000000000115,11.2,75.2,51.5,June,10.2
Adelaide,9.7,16.5,1.0,1.6,1.7,NW,31.0,9.0,15.0,92.0,75.0,1019.9,1018.3,4.45,4.51,10.9,15.7,0,1,6.800000000000001,-17.0,0.05999999999999961,-1.6000000000000227,6.0,6.6,15.38,1.6,2.981,4.659999999999999,8.78,-21.2,-2.560000000000014,11.2,74.3,53.1,June,16.0
Adelaide,10.8,17.0,2.6,5.47,1.8,WNW,35.0,11.0,11.0,96.0,88.0,1023.2,1023.1,4.45,4.51,14.3,15.0,1,0,6.199999999999999,-8.0,0.05999999999999961,-0.10000000000002274,0.0,6.909999999999999,15.440000000000001,1.6600000000000001,3.0010000000000003,4.38,8.53,-19.9,-2.180000000000007,9.9,76.1,56.2,June,16.6
Adelaide,13.1,17.3,0.2,5.47,4.0,WSW,22.0,4.0,11.0,96.0,65.0,1029.4,1028.5,4.45,4.51,13.4,16.8,0,0,4.200000000000001,-31.0,0.05999999999999961,-0.900000000000091,7.0,7.119999999999999,15.63,1.28,3.3879999999999995,4.01,8.510000000000002,-21.2,-2.280000000000007,9.0,79.0,57.8,June,12.8
Adelaide,6.4,16.4,0.2,1.8,4.4,SW,19.0,0.0,7.0,95.0,76.0,1034.9,1033.1,4.45,4.51,9.4,14.8,0,0,9.999999999999998,-19.0,0.05999999999999961,-1.800000000000182,7.0,7.7,15.729999999999999,1.16,3.7950000000000004,4.119999999999999,8.030000000000001,-21.5,-2.1900000000000204,8.2,79.4,57.9,June,11.6
Adelaide,9.4,17.3,0.0,1.2,0.4,ESE,26.0,2.0,6.0,78.0,55.0,1034.5,1031.3,4.45,4.51,12.5,17.2,0,0,7.9,-23.0,0.05999999999999961,-3.2000000000000455,4.0,7.380000000000001,15.76,1.04,3.8949999999999996,4.17,8.38,-21.4,-2.180000000000052,7.1,81.1,59.7,June,10.4
Adelaide,8.2,18.2,0.0,0.8,8.1,NE,28.0,4.0,11.0,66.0,41.0,1030.1,1025.9,4.45,4.51,10.8,17.5,0,0,10.0,-25.0,0.05999999999999961,-4.199999999999818,7.0,7.63,15.89,1.0400000000000003,3.468,3.6800000000000006,8.26,-20.8,-2.3700000000000614,6.2,79.9,59.1,June,10.400000000000002
Adelaide,10.8,18.2,0.0,2.0,1.4,N,35.0,11.0,17.0,63.0,48.0,1020.8,1015.9,4.45,4.51,13.6,18.1,0,1,7.399999999999999,-15.0,0.05999999999999961,-4.899999999999977,6.0,8.02,16.369999999999997,1.0400000000000003,3.001,4.38,8.35,-20.8,-2.5900000000000434,5.6,79.1,58.3,June,10.400000000000002
Adelaide,11.1,15.2,10.2,1.0,5.4,SSW,37.0,0.0,20.0,95.0,53.0,1018.8,1020.5,4.45,4.51,11.6,14.1,1,0,4.1,-42.0,0.05999999999999961,1.7000000000000455,20.0,8.879999999999999,16.81,1.0400000000000003,2.654,3.599999999999999,7.93,-18.2,-2.7200000000000273,6.0,77.5,59.3,June,10.400000000000002
Adelaide,6.4,14.2,0.6,5.47,6.1,WSW,31.0,0.0,13.0,87.0,49.0,1027.7,1026.1,4.45,4.51,7.9,13.3,0,0,7.799999999999999,-38.0,0.05999999999999961,-1.6000000000001364,13.0,9.76,16.93,2.06,2.254,3.3,7.169999999999999,-20.8,-2.140000000000009,7.9,81.1,60.3,June,20.6
Adelaide,3.1,14.5,0.2,5.47,7.9,N,22.0,2.0,13.0,78.0,45.0,1027.5,1024.2,4.45,4.51,7.4,14.0,0,0,11.4,-33.0,0.05999999999999961,-3.2999999999999545,11.0,9.790000000000001,16.66,2.12,2.601,3.8099999999999996,6.869999999999999,-23.8,-1.5200000000000273,7.5,84.5,60.7,June,21.200000000000003
Adelaide,6.3,14.6,0.0,4.2,5.0,NNW,54.0,17.0,28.0,66.0,44.0,1019.3,1015.4,4.45,4.51,8.9,14.0,0,1,8.3,-22.0,0.05999999999999961,-3.8999999999999773,11.0,8.900000000000002,16.479999999999997,1.5,3.028,4.12,7.58,-25.1,-1.9900000000000204,8.1,84.6,59.5,June,15.0
Adelaide,8.4,11.9,17.0,1.6,0.5,WSW,35.0,17.0,15.0,93.0,91.0,1014.3,1013.6,4.45,4.51,8.5,9.6,1,1,3.5,-2.0,0.05999999999999961,-0.6999999999999318,-2.0,8.56,16.29,1.4,3.2879999999999994,4.45,7.7299999999999995,-25.6,-2.2200000000000157,8.6,82.0,56.4,June,14.0
Adelaide,5.2,14.0,16.8,2.0,5.6,SSW,24.0,0.0,7.0,99.0,67.0,1020.8,1020.7,4.45,4.51,8.1,11.3,1,0,8.8,-32.0,0.05999999999999961,-0.09999999999990905,7.0,8.32,15.779999999999998,2.84,2.901,4.32,7.459999999999999,-25.0,-2.280000000000007,8.4,81.7,56.7,June,28.4
Adelaide,3.4,12.0,1.0,0.2,2.0,N,13.0,2.0,7.0,94.0,68.0,1025.1,1024.0,4.45,4.51,6.4,11.9,0,0,8.6,-26.0,0.05999999999999961,-1.099999999999909,5.0,7.529999999999999,15.45,4.5,2.554,4.4799999999999995,7.919999999999999,-25.1,-2.1999999999999886,8.4,82.0,56.9,July,45.0
Adelaide,2.3,13.9,0.0,0.2,7.7,W,22.0,6.0,11.0,94.0,62.0,1025.6,1025.1,4.45,4.51,6.3,13.0,0,0,11.600000000000001,-32.0,0.05999999999999961,-0.5,5.0,7.230000000000001,15.01,4.58,2.394,4.24,7.779999999999999,-25.8,-2.1299999999999613,8.2,81.9,56.1,July,45.8
Adelaide,4.5,15.6,0.0,5.47,8.2,N,17.0,0.0,9.0,91.0,49.0,1033.6,1031.7,4.45,4.51,8.2,15.0,0,0,11.1,-42.0,0.05999999999999961,-1.8999999999998636,9.0,6.5200000000000005,14.669999999999998,4.58,2.294,4.97,8.15,-26.7,-1.8599999999999568,8.3,83.5,56.8,July,45.8
Adelaide,3.0,15.0,0.0,5.47,8.9,N,22.0,7.0,13.0,74.0,43.0,1031.2,1026.5,4.45,4.51,9.0,14.5,0,0,12.0,-31.0,0.05999999999999961,-4.7000000000000455,6.0,6.15,14.41,4.58,2.761,4.9799999999999995,8.260000000000002,-28.4,-1.6299999999999613,8.5,86.0,57.6,July,45.8
Adelaide,2.4,14.1,0.0,3.4,8.0,ENE,19.0,9.0,11.0,67.0,43.0,1025.6,1022.4,4.45,4.51,9.5,13.8,0,0,11.7,-24.0,0.05999999999999961,-3.199999999999932,2.0,5.37,14.09,4.58,3.1079999999999997,5.73,8.72,-30.0,-1.6099999999999681,8.5,87.1,57.1,July,45.8
Adelaide,3.0,15.0,0.0,0.8,6.4,WNW,20.0,7.0,13.0,81.0,56.0,1026.2,1024.5,4.45,4.51,7.9,14.2,0,0,12.0,-25.0,0.05999999999999961,-1.7000000000000455,6.0,4.5,13.98,3.56,3.348,5.99,9.48,-28.2,-2.099999999999966,6.7,84.3,56.1,July,35.6
Adelaide,7.9,15.9,0.0,5.47,4.7,WSW,17.0,7.0,9.0,82.0,61.0,1029.2,1026.5,4.45,4.51,10.8,14.1,0,0,8.0,-21.0,0.05999999999999961,-2.7000000000000455,2.0,4.16,14.059999999999999,3.5,2.881,6.02,9.9,-26.9,-2.109999999999957,6.0,83.7,56.8,July,35.0
Adelaide,4.4,17.0,0.0,1.4,6.1,N,22.0,0.0,6.0,88.0,39.0,1028.4,1024.7,4.45,4.51,8.2,16.0,0,0,12.6,-49.0,0.05999999999999961,-3.7000000000000455,6.0,4.640000000000001,14.2,3.4799999999999995,2.881,5.7,9.559999999999999,-25.7,-2.049999999999966,5.1,84.1,58.4,July,34.8
Adelaide,5.2,16.4,0.0,1.0,3.7,NE,63.0,13.0,19.0,57.0,43.0,1024.0,1019.5,4.45,4.51,11.0,15.0,0,0,11.2,-14.0,0.05999999999999961,-4.5,6.0,4.450000000000001,14.440000000000001,3.4799999999999995,2.601,5.81,9.99,-28.4,-2.0299999999999727,4.6,86.3,57.9,July,34.8
Adelaide,11.0,15.6,2.36,5.47,1.5,NE,74.0,39.0,26.0,82.0,64.0,1010.0,1010.4,4.45,4.51,12.4,15.1,0,0,4.6,-18.0,0.05999999999999961,0.39999999999997726,-13.0,4.13,14.889999999999997,1.78,2.541,6.13,10.760000000000002,-29.6,-2.4099999999999797,5.4,82.7,53.1,July,17.8
Adelaide,9.9,16.4,2.36,5.47,4.3,NW,33.0,13.0,19.0,85.0,61.0,1019.4,1018.9,4.45,4.51,10.6,15.7,0,1,6.499999999999998,-24.0,0.05999999999999961,-0.5,6.0,4.710000000000001,15.05,0.33599999999999997,2.8880000000000003,5.720000000000001,10.34,-28.2,-2.359999999999991,3.4,81.0,52.8,July,3.36
Adelaide,6.9,16.5,10.0,5.4,6.9,NNW,41.0,13.0,22.0,64.0,39.0,1019.6,1014.1,4.45,4.51,11.7,16.2,1,0,9.6,-25.0,0.05999999999999961,-5.5,9.0,5.36,15.489999999999998,0.472,3.415,5.95,10.129999999999999,-28.0,-2.3,3.5,80.1,52.1,July,4.72
Adelaide,11.7,18.5,0.0,2.0,5.1,W,65.0,13.0,20.0,64.0,79.0,1005.4,1003.3,4.45,4.51,14.4,11.4,0,1,6.800000000000001,15.0,0.05999999999999961,-2.1000000000000227,7.0,5.82,15.75,1.472,3.935,5.87,9.93,-27.3,-2.8,3.9,77.1,49.8,July,14.719999999999999
Adelaide,9.1,15.3,12.4,2.2,7.61,NW,65.0,20.0,20.0,88.0,77.0,1011.5,1014.2,4.45,4.51,11.9,14.3,1,1,6.200000000000001,-11.0,0.05999999999999961,2.7000000000000455,0.0,6.540000000000001,16.04,1.472,3.5879999999999996,5.56,9.5,-21.6,-2.820000000000016,3.7,74.4,52.8,July,14.719999999999999
Adelaide,9.9,15.7,4.4,0.8,4.3,WSW,26.0,6.0,13.0,82.0,52.0,1024.9,1024.6,4.45,4.51,12.1,15.2,1,0,5.799999999999999,-30.0,0.05999999999999961,-0.3000000000001819,7.0,7.15,16.07,2.7119999999999997,3.261,5.431,8.919999999999998,-19.6,-2.0800000000000067,3.1,75.8,56.2,July,27.119999999999997
Adelaide,8.8,15.8,0.0,1.4,1.8,NNW,24.0,0.0,9.0,80.0,63.0,1028.2,1026.0,4.45,4.51,11.3,14.6,0,0,7.0,-17.0,0.05999999999999961,-2.2000000000000455,9.0,7.9,16.229999999999997,3.152,3.001,5.061,8.330000000000002,-20.2,-1.7900000000000318,3.6,77.3,57.1,July,31.52
Adelaide,8.1,16.4,0.0,5.47,7.6,NNW,41.0,13.0,24.0,61.0,54.0,1025.6,1021.4,4.45,4.51,11.4,15.5,0,1,8.299999999999999,-7.0,0.05999999999999961,-4.199999999999932,11.0,8.48,16.31,3.152,3.0610000000000004,4.601,7.830000000000001,-19.4,-1.8400000000000318,3.9,77.2,57.8,July,31.52
Adelaide,9.1,11.5,2.0,5.47,0.0,NNE,26.0,11.0,11.0,90.0,92.0,1019.1,1016.9,4.45,4.51,9.2,10.8,1,1,2.4000000000000004,2.0,0.05999999999999961,-2.2000000000000455,0.0,8.5,16.36,3.152,3.061,4.891,7.860000000000001,-18.0,-1.9900000000000204,4.8,75.1,57.1,July,31.52
Adelaide,6.3,15.2,12.4,2.4,7.2,W,31.0,6.0,17.0,99.0,58.0,1022.7,1021.2,4.45,4.51,7.8,14.9,1,1,8.899999999999999,-41.0,0.05999999999999961,-1.5,11.0,8.97,15.809999999999999,3.3519999999999994,3.468,4.281000000000001,6.839999999999999,-12.9,-1.8400000000000205,4.2,75.3,62.4,July,33.519999999999996
Adelaide,7.0,15.0,5.2,1.0,6.4,SW,28.0,6.0,11.0,95.0,71.0,1027.3,1026.6,4.45,4.51,9.7,12.7,1,0,8.0,-24.0,0.05999999999999961,-0.7000000000000455,5.0,9.08,15.690000000000001,4.5920000000000005,3.6079999999999997,4.631,6.609999999999999,-15.6,-1.5400000000000205,4.7,79.5,63.9,July,45.92
Adelaide,3.5,15.2,0.6,1.0,7.1,SW,20.0,2.0,13.0,91.0,69.0,1032.3,1031.1,4.45,4.51,7.2,14.0,0,0,11.7,-22.0,0.05999999999999961,-1.2000000000000455,11.0,8.68,15.629999999999999,4.8759999999999994,3.1610000000000005,5.121,6.95,-16.2,-1.6500000000000228,6.5,80.8,64.6,July,48.76
Adelaide,4.3,13.7,0.0,1.0,3.8,SW,15.0,0.0,9.0,88.0,74.0,1035.9,1033.9,4.45,4.51,9.6,13.2,0,0,9.399999999999999,-14.0,0.05999999999999961,-2.0,9.0,8.040000000000001,15.51,4.7,2.714,5.401000000000001,7.469999999999999,-16.0,-1.7200000000000273,7.0,81.4,65.4,July,47.0
Adelaide,8.3,12.6,0.0,0.4,0.0,ENE,19.0,0.0,7.0,73.0,73.0,1035.9,1033.2,4.45,4.51,11.3,12.0,0,0,4.299999999999999,0.0,0.05999999999999961,-2.7000000000000455,7.0,7.779999999999999,15.23,3.7,2.274,5.090999999999999,7.45,-14.9,-1.3700000000000272,7.0,83.8,68.9,July,37.0
Adelaide,7.0,13.3,0.0,5.47,0.0,SE,20.0,6.0,9.0,72.0,59.0,1033.7,1031.3,4.45,4.51,10.8,12.9,0,0,6.300000000000001,-13.0,0.05999999999999961,-2.400000000000091,3.0,7.4399999999999995,14.64,3.7,2.114,4.581,7.199999999999998,-16.4,-1.4300000000000295,7.0,84.7,68.3,July,37.0
Adelaide,3.5,15.3,0.0,5.47,9.6,WSW,22.0,0.0,11.0,84.0,59.0,1033.9,1031.6,4.45,4.51,7.9,14.2,0,0,11.8,-25.0,0.05999999999999961,-2.300000000000182,11.0,7.2299999999999995,14.440000000000001,2.46,2.441,3.8200000000000003,7.209999999999999,-16.6,-1.9400000000000432,7.3,83.1,66.5,July,24.6
Adelaide,4.6,17.4,0.0,2.8,7.8,NNE,26.0,0.0,11.0,80.0,42.0,1035.9,1033.1,4.45,4.51,9.5,15.8,0,0,12.799999999999999,-38.0,0.05999999999999961,-2.800000000000182,11.0,6.589999999999999,14.4,2.02,2.908,4.35,7.81,-16.1,-2.140000000000043,7.7,83.3,67.2,July,20.2
Adelaide,7.4,16.3,0.0,1.4,8.1,ENE,35.0,17.0,17.0,55.0,44.0,1031.6,1027.2,4.45,4.51,11.3,16.2,0,0,8.9,-11.0,0.05999999999999961,-4.399999999999864,0.0,6.17,14.559999999999999,2.02,3.0479999999999996,4.95,8.389999999999999,-18.2,-2.200000000000057,7.9,83.3,65.1,July,20.2
Adelaide,7.0,18.7,0.0,2.4,7.7,ENE,35.0,9.0,9.0,54.0,33.0,1021.7,1016.6,4.45,4.51,13.2,17.9,0,1,11.7,-21.0,0.05999999999999961,-5.100000000000023,0.0,6.1,14.55,2.02,2.641,5.0,8.45,-18.6,-2.22000000000005,6.8,82.7,64.1,July,20.2
Adelaide,11.2,15.2,9.8,1.2,0.2,NNW,31.0,11.0,15.0,89.0,83.0,1012.4,1010.3,4.45,4.51,12.4,15.0,1,0,4.0,-6.0,0.05999999999999961,-2.1000000000000227,4.0,5.890000000000001,15.27,1.8199999999999998,2.334,5.7700000000000005,9.379999999999999,-20.9,-2.5100000000000477,6.8,79.1,58.2,July,18.2
Adelaide,11.1,18.2,0.4,0.8,5.4,W,46.0,7.0,19.0,67.0,74.0,1011.3,1010.5,4.45,4.51,13.4,15.3,0,1,7.1,7.0,0.05999999999999961,-0.7999999999999545,12.0,6.38,15.27,1.56,2.2139999999999995,5.069999999999999,8.889999999999999,-17.4,-2.57000000000005,6.1,78.1,60.7,July,15.600000000000001
Adelaide,9.5,15.8,1.6,1.6,0.8,WSW,54.0,7.0,20.0,89.0,73.0,1019.4,1018.1,4.45,4.51,10.4,15.5,1,1,6.300000000000001,-16.0,0.05999999999999961,-1.2999999999999545,13.0,6.790000000000001,15.59,1.0800000000000003,2.194,4.970000000000001,8.8,-14.3,-2.580000000000041,6.8,75.3,61.0,July,10.800000000000002
Adelaide,8.3,12.6,12.8,5.47,8.3,SW,69.0,24.0,20.0,62.0,59.0,1024.5,1027.2,4.45,4.51,10.2,11.2,1,1,4.299999999999999,-3.0,0.05999999999999961,2.7000000000000455,-4.0,7.390000000000001,15.65,1.1800000000000002,2.254,4.34,8.260000000000002,-13.7,-2.590000000000032,7.0,75.1,61.4,August,11.8
Adelaide,6.5,14.6,1.4,3.8,8.2,SSE,41.0,9.0,17.0,72.0,48.0,1034.3,1031.9,4.45,4.51,10.0,13.6,1,0,8.1,-24.0,0.05999999999999961,-2.3999999999998636,8.0,7.790000000000001,15.540000000000001,2.46,2.7009999999999996,4.790000000000001,7.75,-12.6,-2.120000000000027,5.7,72.5,59.9,August,24.6
Adelaide,7.1,12.4,0.0,1.8,0.0,WNW,24.0,7.0,13.0,65.0,65.0,1029.6,1026.1,4.45,4.51,10.8,11.7,0,1,5.300000000000001,0.0,0.05999999999999961,-3.5,6.0,7.610000000000001,15.74,2.6,3.041,5.61,8.129999999999999,-15.0,-2.090000000000009,5.8,72.4,57.4,August,26.0
Adelaide,8.5,12.5,8.6,1.0,2.8,S,43.0,6.0,13.0,96.0,68.0,1017.9,1018.0,4.45,4.51,8.7,12.0,1,1,4.0,-28.0,0.05999999999999961,0.10000000000002274,7.0,7.62,15.65,2.6,2.6740000000000004,5.61,8.030000000000001,-13.7,-2.2,6.1,71.7,58.0,August,26.0
Adelaide,3.7,13.4,7.4,2.4,3.8,SW,28.0,2.0,13.0,86.0,54.0,1026.0,1025.3,4.45,4.51,6.8,13.2,1,0,9.7,-32.0,0.05999999999999961,-0.7000000000000455,11.0,8.120000000000001,15.370000000000001,3.46,2.2270000000000003,4.93,7.25,-14.0,-1.9599999999999795,5.7,72.9,58.9,August,34.6
Adelaide,4.8,12.3,0.2,0.2,0.8,N,20.0,11.0,4.0,82.0,58.0,1028.2,1025.3,4.45,4.51,9.9,11.5,0,0,7.500000000000001,-24.0,0.05999999999999961,-2.900000000000091,-7.0,8.03,14.969999999999999,4.2,2.1870000000000003,4.53,6.9399999999999995,-13.4,-1.7499999999999658,5.7,73.5,60.1,August,42.0
Adelaide,3.6,14.2,2.36,5.47,2.6,N,39.0,11.0,22.0,63.0,49.0,1022.8,1018.9,4.45,4.51,9.1,14.1,0,0,10.6,-14.0,0.05999999999999961,-3.8999999999999773,11.0,7.7700000000000005,14.569999999999999,4.220000000000001,2.0669999999999997,3.8,6.8,-14.7,-1.5999999999999885,5.0,76.2,61.5,August,42.2
Adelaide,7.4,13.4,2.36,5.47,0.7,N,31.0,15.0,6.0,50.0,74.0,1015.9,1012.3,4.45,4.51,11.1,11.4,0,1,6.0,24.0,0.05999999999999961,-3.6000000000000227,-9.0,7.4300000000000015,14.12,4.456,2.374,3.2900000000000005,6.69,-14.0,-1.479999999999984,6.1,77.1,63.1,August,44.56
Adelaide,7.1,14.0,4.8,3.0,1.8,N,24.0,0.0,7.0,87.0,55.0,1014.3,1012.7,4.45,4.51,10.1,12.5,1,0,6.9,-32.0,0.05999999999999961,-1.599999999999909,7.0,7.05,13.940000000000001,3.7120000000000006,2.801,3.34,6.890000000000001,-11.0,-1.6299999999999841,4.8,73.2,62.2,August,37.120000000000005
Adelaide,6.6,16.1,0.6,1.0,9.8,SSE,44.0,11.0,20.0,61.0,40.0,1014.1,1013.1,4.45,4.51,10.9,15.4,0,1,9.500000000000002,-21.0,0.05999999999999961,-1.0,9.0,6.65,13.520000000000001,4.151999999999999,3.021,2.98,6.87,-14.9,-1.7099999999999795,4.3,75.2,60.3,August,41.519999999999996
Adelaide,10.7,14.9,1.8,2.4,8.0,SW,52.0,13.0,28.0,66.0,61.0,1017.8,1017.3,4.45,4.51,13.2,13.9,1,0,4.200000000000001,-5.0,0.05999999999999961,-0.5,15.0,6.36,13.55,4.0520000000000005,2.961,3.88,7.19,-15.4,-1.6799999999999842,3.9,72.4,57.0,August,40.52
Adelaide,9.6,13.6,0.2,2.8,3.0,WSW,39.0,11.0,19.0,87.0,61.0,1022.6,1021.9,4.45,4.51,10.8,12.8,0,0,4.0,-26.0,0.05999999999999961,-0.7000000000000455,8.0,6.6,13.780000000000001,2.952,2.654,3.85,7.1800000000000015,-15.6,-1.9999999999999887,5.8,72.8,57.2,August,29.52
Adelaide,7.2,16.2,0.2,1.4,6.2,N,39.0,17.0,22.0,63.0,46.0,1017.4,1011.0,4.45,4.51,9.4,15.7,0,1,9.0,-17.0,0.05999999999999961,-6.399999999999977,5.0,6.909999999999999,13.680000000000001,2.832,2.554,3.3299999999999996,6.7700000000000005,-15.8,-1.8300000000000067,5.8,74.3,58.5,August,28.32
Adelaide,9.4,16.3,4.0,5.47,1.4,N,59.0,28.0,19.0,80.0,59.0,996.3,997.3,4.45,4.51,11.9,15.4,1,1,6.9,-21.0,0.05999999999999961,1.0,-9.0,6.92,14.059999999999999,2.8520000000000003,2.514,3.95,7.140000000000001,-17.5,-2.1200000000000045,5.7,74.1,56.6,August,28.520000000000003
Adelaide,11.0,14.0,6.6,5.47,3.4,WSW,54.0,31.0,19.0,51.0,75.0,1011.9,1014.2,4.45,4.51,12.0,11.7,1,1,3.0,24.0,0.05999999999999961,2.300000000000068,-12.0,7.01,14.440000000000001,2.3920000000000003,2.961,3.81,7.4300000000000015,-16.8,-2.030000000000007,4.1,72.5,55.7,August,23.92
Adelaide,9.7,14.5,3.2,6.0,6.7,W,40.04,11.0,15.0,67.0,43.0,1020.2,1020.8,4.45,4.51,11.2,13.3,1,0,4.800000000000001,-24.0,0.05999999999999961,0.599999999999909,4.0,7.74,14.5,2.3120000000000003,3.268,3.7700000000000005,6.76,-11.2,-1.7299999999999955,1.8,69.0,57.8,August,23.12
Adelaide,4.8,16.3,0.0,2.0,4.5,N,44.0,17.0,19.0,47.0,43.0,1020.2,1013.3,4.45,4.51,11.1,15.2,0,1,11.5,-4.0,0.05999999999999961,-6.900000000000091,2.0,8.23,14.719999999999999,2.6119999999999997,3.848,4.36,6.49,-11.2,-1.3799999999999955,2.9,67.5,56.3,August,26.119999999999997
Adelaide,10.3,19.8,4.8,2.8,5.5,NW,54.0,9.0,20.0,78.0,50.0,1000.4,998.6,4.45,4.51,12.5,18.3,1,1,9.5,-28.0,0.05999999999999961,-1.7999999999999545,11.0,8.349999999999998,14.930000000000001,2.376,3.501,4.55,6.580000000000001,-10.2,-1.6800000000000068,2.0,65.9,55.7,August,23.759999999999998
Adelaide,10.0,13.6,1.2,2.8,6.0,WNW,57.0,24.0,28.0,64.0,69.0,1010.2,1011.4,4.45,4.51,12.2,12.8,1,1,3.5999999999999996,5.0,0.05999999999999961,1.1999999999999318,4.0,8.64,15.569999999999999,2.62,3.2339999999999995,5.029999999999999,6.9300000000000015,-15.4,-1.5,4.0,68.7,53.3,August,26.2
Adelaide,7.6,14.7,5.8,1.6,6.0,W,65.0,13.0,15.0,78.0,67.0,1018.2,1017.9,4.45,4.51,10.4,12.2,1,1,7.1,-11.0,0.05999999999999961,-0.3000000000000682,2.0,8.930000000000001,15.529999999999998,2.26,3.214,5.45,6.6,-11.7,-1.220000000000016,3.7,66.4,54.7,August,22.599999999999998
Adelaide,8.0,15.9,13.0,5.47,8.8,W,35.0,6.0,17.0,87.0,48.0,1021.2,1019.4,4.45,4.51,9.6,15.1,1,0,7.9,-39.0,0.05999999999999961,-1.8000000000000682,11.0,9.03,15.39,2.7800000000000002,3.2739999999999996,5.07,6.36,-10.7,-1.1500000000000228,3.0,68.1,57.4,August,27.8
Adelaide,4.0,18.4,0.0,5.47,7.61,NNW,41.0,13.0,20.0,42.0,31.0,1018.5,1014.4,4.45,4.51,12.8,17.6,0,1,14.399999999999999,-11.0,0.05999999999999961,-4.100000000000023,7.0,8.76,15.49,3.9,3.5810000000000004,5.15,6.7299999999999995,-14.1,-1.2800000000000296,2.6,70.2,56.1,August,39.0
Adelaide,9.4,15.6,2.8,6.4,3.0,W,56.0,19.0,28.0,95.0,77.0,1013.1,1012.2,4.45,4.51,10.8,12.4,1,1,6.199999999999999,-18.0,0.05999999999999961,-0.8999999999999773,9.0,8.2,15.969999999999999,3.88,3.8480000000000003,5.611000000000001,7.7700000000000005,-12.6,-1.6200000000000272,2.5,65.7,53.1,August,38.8
Adelaide,8.4,13.0,1.2,1.0,1.8,WSW,69.0,17.0,24.0,78.0,66.0,1013.0,1011.1,4.45,4.51,10.2,12.5,1,1,4.6,-12.0,0.05999999999999961,-1.8999999999999773,7.0,8.42,15.910000000000002,4.14,4.348,5.291,7.489999999999999,-12.7,-1.0700000000000274,2.9,68.9,56.2,August,41.4
Adelaide,8.6,12.4,4.2,0.8,1.9,WNW,57.0,19.0,20.0,83.0,73.0,1010.5,1006.7,4.45,4.51,10.2,11.1,1,1,3.8000000000000007,-10.0,0.05999999999999961,-3.7999999999999545,1.0,8.32,15.580000000000002,3.8600000000000003,3.901,5.331,7.260000000000001,-11.8,-1.360000000000025,4.5,68.7,56.9,August,38.6
Adelaide,9.0,14.6,28.4,0.6,4.1,SW,65.0,20.0,24.0,82.0,63.0,1008.1,1010.3,4.45,4.51,11.5,13.6,1,0,5.6,-19.0,0.05999999999999961,2.199999999999932,4.0,8.08,15.419999999999998,3.62,3.4339999999999997,5.180999999999999,7.339999999999999,-15.2,-1.9700000000000273,5.8,71.9,56.7,August,36.2
Adelaide,10.4,15.5,1.0,2.0,7.61,SSW,35.0,17.0,17.0,78.0,64.0,1017.9,1018.9,4.45,4.51,12.5,15.0,0,0,5.1,-14.0,0.05999999999999961,1.0,0.0,8.010000000000002,15.430000000000001,6.139999999999999,2.8939999999999997,4.921,7.419999999999999,-14.7,-1.810000000000025,5.8,73.4,58.7,August,61.39999999999999
Adelaide,7.8,15.3,1.0,5.47,7.61,W,20.0,7.0,9.0,78.0,57.0,1027.3,1026.3,4.45,4.51,11.7,14.5,0,0,7.500000000000001,-21.0,0.05999999999999961,-1.0,2.0,8.57,15.35,6.239999999999999,2.8939999999999997,5.232,6.779999999999999,-15.7,-1.020000000000016,5.6,76.5,60.8,August,62.39999999999999
Adelaide,7.2,17.7,0.0,5.47,9.7,NNW,31.0,9.0,15.0,51.0,44.0,1028.6,1026.0,4.45,4.51,13.9,16.9,0,0,10.5,-7.0,0.05999999999999961,-2.599999999999909,6.0,8.32,14.9,5.859999999999999,3.161,5.443,6.58,-15.0,-0.9400000000000205,4.7,76.5,61.5,August,58.599999999999994
Adelaide,5.7,20.1,0.0,5.4,9.1,N,31.0,9.0,17.0,49.0,34.0,1027.0,1022.6,4.45,4.51,14.4,20.0,0,0,14.400000000000002,-15.0,0.05999999999999961,-4.399999999999977,8.0,8.04,15.310000000000002,5.739999999999999,3.428,5.813000000000001,7.2700000000000005,-16.2,-1.3200000000000045,4.9,75.2,59.0,August,57.39999999999999
Adelaide,14.1,20.1,0.0,3.8,4.4,N,52.0,20.0,20.0,34.0,34.0,1017.6,1013.2,4.45,4.51,16.2,18.7,0,1,6.000000000000002,0.0,0.05999999999999961,-4.399999999999977,0.0,7.85,15.85,5.159999999999999,3.808,6.123,8.0,-16.6,-1.7299999999999955,5.5,72.3,55.7,August,51.599999999999994
Adelaide,12.1,15.8,1.4,2.2,0.0,ESE,20.0,6.0,13.0,89.0,75.0,1016.3,1014.8,4.45,4.51,13.0,13.2,1,0,3.700000000000001,-14.0,0.05999999999999961,-1.5,7.0,8.459999999999999,16.27,3.8599999999999994,3.6409999999999996,5.683000000000001,7.8100000000000005,-12.7,-1.9899999999999864,4.4,67.0,54.3,September,38.599999999999994
Adelaide,10.7,15.4,0.8,0.4,3.8,E,46.0,9.0,15.0,55.0,47.0,1019.9,1019.9,4.45,4.51,12.8,15.3,0,0,4.700000000000001,-8.0,0.05999999999999961,0.0,6.0,9.27,16.01,4.0,3.314,4.922,6.74,-13.0,-1.729999999999984,4.4,71.7,58.7,September,40.0
Adelaide,11.1,18.3,0.4,3.0,0.1,NE,67.0,13.0,20.0,67.0,82.0,1015.1,1006.2,4.45,4.51,11.3,11.6,0,1,7.200000000000001,15.0,0.05999999999999961,-8.899999999999977,7.0,9.4,15.989999999999998,3.8,2.714,5.002,6.590000000000001,-12.0,-1.6399999999999864,4.1,67.7,55.7,September,38.0
Adelaide,9.4,13.7,37.6,1.4,0.0,SW,78.0,20.0,39.0,95.0,92.0,991.3,994.0,4.45,4.51,12.4,12.3,1,1,4.299999999999999,-3.0,0.05999999999999961,2.7000000000000455,19.0,9.67,16.52,3.7199999999999998,2.914,4.832,6.850000000000001,-9.3,-2.3399999999999865,4.1,66.6,57.3,September,37.199999999999996
Adelaide,9.0,14.9,6.6,5.47,3.8,WNW,41.0,17.0,22.0,74.0,78.0,1017.1,1017.0,4.45,4.51,13.1,12.7,1,1,5.9,4.0,0.05999999999999961,-0.10000000000002274,5.0,9.75,16.65,7.06,2.9739999999999998,4.642,6.900000000000001,-8.6,-1.6899999999999864,5.9,67.8,59.2,September,70.6
Adelaide,5.2,14.6,8.8,1.6,7.8,WSW,30.0,2.0,17.0,78.0,53.0,1024.4,1024.0,4.45,4.51,10.9,13.4,1,0,9.399999999999999,-25.0,0.05999999999999961,-0.40000000000009095,15.0,9.75,16.68,4.880000000000001,3.461,4.612,6.9300000000000015,-6.3,-1.9199999999999817,6.0,67.0,60.7,September,48.800000000000004
Adelaide,4.1,17.1,0.0,1.8,8.9,N,39.0,13.0,20.0,50.0,44.0,1026.8,1022.6,4.45,4.51,12.6,16.6,0,0,13.000000000000002,-6.0,0.05999999999999961,-4.199999999999932,7.0,9.23,16.589999999999996,5.659999999999999,3.4210000000000003,4.631,7.360000000000001,-7.4,-2.0599999999999907,7.5,67.0,59.6,September,56.599999999999994
Adelaide,12.2,18.6,0.0,3.6,2.5,NNE,46.0,19.0,17.0,60.0,67.0,1018.1,1012.8,4.45,4.51,14.1,16.1,0,1,6.400000000000002,7.0,0.05999999999999961,-5.300000000000068,-2.0,8.86,16.770000000000003,5.56,3.0540000000000003,4.76,7.910000000000001,-5.9,-2.379999999999984,8.0,64.2,58.3,September,55.599999999999994
Adelaide,13.5,19.6,4.0,1.2,8.1,W,50.0,7.0,19.0,88.0,37.0,1010.1,1006.7,4.45,4.51,14.9,19.3,1,1,6.100000000000001,-51.0,0.05999999999999961,-3.3999999999999773,12.0,9.36,16.86,5.56,2.867,4.04,7.500000000000002,-4.5,-2.65,7.2,65.1,60.6,September,55.599999999999994
Adelaide,10.3,16.5,1.4,3.4,6.4,W,48.0,17.0,22.0,76.0,55.0,1010.6,1013.4,4.45,4.51,13.4,15.9,1,0,6.199999999999999,-21.0,0.05999999999999961,2.7999999999999545,5.0,10.14,16.81,5.959999999999999,2.447,3.94,6.67,-8.1,-2.55,7.6,69.0,60.9,September,59.599999999999994
Adelaide,11.3,16.9,0.0,5.47,5.0,W,33.0,13.0,15.0,57.0,49.0,1020.5,1019.1,4.45,4.51,13.7,16.3,0,0,5.599999999999998,-8.0,0.05999999999999961,-1.3999999999999773,2.0,9.760000000000002,16.45,6.1,2.407,4.140000000000001,6.69,-10.2,-1.8300000000000067,8.1,73.2,63.0,September,60.99999999999999
Adelaide,8.1,19.6,0.0,5.47,9.2,NW,39.0,11.0,24.0,49.0,39.0,1017.8,1014.7,4.45,4.51,15.7,18.6,0,0,11.500000000000002,-10.0,0.05999999999999961,-3.099999999999909,13.0,9.68,16.56,5.959999999999999,2.734,4.640000000000001,6.88,-9.6,-1.8200000000000045,7.6,70.0,60.4,September,59.599999999999994
Adelaide,12.4,20.5,0.0,8.4,2.6,ESE,31.0,7.0,15.0,74.0,50.0,1015.8,1012.1,4.45,4.51,15.1,19.3,0,1,8.1,-24.0,0.05999999999999961,-3.699999999999932,8.0,9.419999999999998,16.98,5.88,3.2409999999999997,5.18,7.56,-9.8,-2.1299999999999955,8.3,69.4,59.6,September,58.8
Adelaide,11.9,16.4,9.2,2.2,4.6,SW,39.0,9.0,13.0,76.0,56.0,1017.3,1017.8,4.45,4.51,12.7,15.2,1,0,4.499999999999998,-20.0,0.05999999999999961,0.5,4.0,9.55,17.2,5.84,3.781,5.430000000000001,7.65,-13.7,-1.609999999999991,8.4,70.1,56.4,September,58.4
Adelaide,9.1,16.1,0.4,2.6,8.7,WNW,43.0,17.0,20.0,71.0,63.0,1022.6,1020.9,4.45,4.51,12.5,14.4,0,0,7.000000000000002,-8.0,0.05999999999999961,-1.7000000000000455,3.0,9.8,17.470000000000002,3.0,3.8609999999999998,5.890000000000001,7.67,-15.4,-1.8299999999999954,6.9,68.2,52.8,September,30.0
Adelaide,10.6,15.7,0.8,2.8,8.6,WSW,43.0,19.0,24.0,61.0,50.0,1025.5,1024.7,4.45,4.51,12.3,14.3,0,0,5.1,-11.0,0.05999999999999961,-0.7999999999999545,5.0,9.809999999999999,17.59,2.38,3.5740000000000003,6.38,7.780000000000001,-16.6,-1.9899999999999978,6.7,67.9,51.3,September,23.799999999999997
Adelaide,10.2,15.1,0.0,3.8,1.0,SW,33.0,9.0,15.0,45.0,51.0,1030.7,1027.7,4.45,4.51,12.2,14.1,0,0,4.9,6.0,0.05999999999999961,-3.0,6.0,10.35,17.7,1.5799999999999998,3.694,6.459999999999999,7.35,-15.2,-2.0299999999999843,5.7,66.2,51.0,September,15.799999999999999
Adelaide,8.1,15.8,0.0,5.47,3.2,WSW,33.0,17.0,19.0,52.0,63.0,1027.5,1024.4,4.45,4.51,11.8,13.8,0,0,7.700000000000001,11.0,0.05999999999999961,-3.099999999999909,2.0,10.959999999999999,17.5,1.5799999999999998,3.8940000000000006,5.67,6.540000000000001,-14.0,-1.9099999999999908,5.6,65.7,51.7,September,15.799999999999999
Adelaide,9.1,17.6,0.0,5.47,8.1,S,37.0,7.0,19.0,81.0,48.0,1029.0,1027.2,4.45,4.51,12.3,16.7,0,0,8.500000000000002,-33.0,0.05999999999999961,-1.7999999999999545,12.0,10.55,17.22,1.5799999999999998,4.081,5.74,6.67,-13.6,-1.689999999999975,6.0,64.9,51.3,September,15.799999999999999
Adelaide,8.8,15.6,0.0,7.4,0.6,SSW,28.0,7.0,13.0,65.0,72.0,1032.3,1029.7,4.45,4.51,12.4,14.2,0,0,6.799999999999999,7.0,0.05999999999999961,-2.599999999999909,6.0,10.110000000000001,17.02,1.18,4.508,5.74,6.909999999999999,-11.8,-1.5299999999999727,6.0,64.2,52.4,September,11.799999999999999
Adelaide,10.0,18.0,0.0,1.4,6.5,SSE,31.0,11.0,19.0,68.0,60.0,1030.7,1028.4,4.45,4.51,13.7,16.0,0,0,8.0,-8.0,0.05999999999999961,-2.2999999999999545,8.0,9.959999999999999,16.93,1.0399999999999998,4.9079999999999995,5.16,6.970000000000001,-9.0,-2.069999999999959,6.1,63.1,54.1,September,10.399999999999999
Adelaide,8.2,18.2,0.0,2.2,7.5,SE,35.0,0.0,15.0,64.0,53.0,1030.7,1027.3,4.45,4.51,12.8,16.8,0,0,10.0,-11.0,0.05999999999999961,-3.400000000000091,15.0,9.83,17.04,1.0399999999999998,4.5009999999999994,5.31,7.210000000000001,-9.0,-2.1599999999999566,6.7,64.2,55.2,September,10.399999999999999
Adelaide,8.2,16.6,0.0,2.8,5.8,SSW,37.0,9.0,20.0,67.0,48.0,1030.5,1027.6,4.45,4.51,13.1,15.8,0,0,8.400000000000002,-19.0,0.05999999999999961,-2.900000000000091,11.0,9.84,16.9,1.0399999999999998,4.174,5.14,7.06,-9.1,-2.189999999999975,6.9,65.7,56.6,September,10.399999999999999
Adelaide,4.9,18.3,0.0,3.0,10.1,NNE,24.0,9.0,11.0,57.0,47.0,1025.9,1022.0,4.45,4.51,12.3,17.5,0,0,13.4,-10.0,0.05999999999999961,-3.900000000000091,2.0,9.42,16.509999999999998,1.0399999999999998,3.614,5.459999999999999,7.090000000000001,-8.6,-2.109999999999991,7.2,65.0,56.4,September,10.399999999999999
Adelaide,10.1,18.6,0.0,5.47,2.6,WSW,35.0,13.0,19.0,74.0,61.0,1018.9,1018.9,4.45,4.51,14.5,17.2,0,0,8.500000000000002,-13.0,0.05999999999999961,0.0,6.0,8.719999999999999,16.7,0.12000000000000002,3.694,6.01,7.9799999999999995,-7.6,-2.55,7.0,63.1,55.5,September,1.2000000000000002
Adelaide,7.3,18.2,0.0,5.47,7.8,W,28.0,9.0,15.0,64.0,50.0,1022.4,1018.2,4.45,4.51,13.2,17.1,0,0,10.899999999999999,-14.0,0.05999999999999961,-4.199999999999932,6.0,8.82,16.95,0.08,3.9810000000000003,5.4,8.13,-8.1,-2.3799999999999955,7.3,63.4,55.3,September,0.8
Adelaide,10.6,16.5,0.0,8.0,6.4,WSW,44.0,19.0,22.0,73.0,55.0,1017.1,1017.0,4.45,4.51,15.4,14.7,0,0,5.9,-18.0,0.05999999999999961,-0.10000000000002274,3.0,8.49,17.200000000000003,0.0,4.248,5.319999999999999,8.71,-8.4,-2.719999999999993,7.4,63.7,55.3,September,0.0
Adelaide,10.2,14.9,0.6,3.0,7.1,WSW,39.0,19.0,19.0,45.0,52.0,1020.6,1020.3,4.45,4.51,14.2,14.2,0,0,4.700000000000001,7.0,0.05999999999999961,-0.3000000000000682,0.0,8.53,17.34,0.0,4.668,5.859999999999999,8.81,-10.8,-2.4299999999999953,7.1,66.5,55.7,September,0.0
Adelaide,5.1,16.0,0.2,2.8,6.9,WSW,30.0,7.0,15.0,49.0,44.0,1028.5,1026.7,4.45,4.51,12.2,15.2,0,0,10.9,-5.0,0.05999999999999961,-1.7999999999999545,8.0,8.739999999999998,17.25,0.06,4.421,6.25,8.51,-11.2,-2.1500000000000115,6.9,65.8,54.6,September,0.6
Adelaide,5.3,18.1,0.0,2.4,7.7,NNW,30.0,11.0,13.0,43.0,26.0,1027.0,1023.4,4.45,4.51,12.8,16.8,0,0,12.8,-17.0,0.05999999999999961,-3.6000000000000227,2.0,8.34,17.089999999999996,0.08,4.154,6.13,8.75,-8.4,-2.1500000000000115,6.5,62.6,54.2,September,0.8
Adelaide,9.8,22.5,0.0,3.2,9.2,E,35.0,15.0,15.0,29.0,19.0,1023.4,1021.3,4.45,4.51,17.9,21.0,0,0,12.7,-10.0,0.05999999999999961,-2.1000000000000227,0.0,7.99,17.34,0.08,3.654,6.840000000000001,9.35,-10.8,-2.2500000000000226,6.1,60.4,49.6,October,0.8
Adelaide,14.7,23.5,0.0,5.47,10.9,NE,39.0,24.0,17.0,30.0,20.0,1024.0,1021.1,4.45,4.51,18.3,23.5,0,0,8.8,-10.0,0.05999999999999961,-2.8999999999999773,-7.0,7.970000000000001,17.79,0.08,3.8340000000000005,7.109999999999999,9.82,-11.0,-2.2300000000000297,5.3,56.5,45.5,October,0.8
Adelaide,15.7,25.7,0.0,5.47,7.3,NE,46.0,15.0,19.0,40.0,27.0,1020.1,1016.9,4.45,4.51,18.9,24.6,0,0,10.0,-13.0,0.05999999999999961,-3.2000000000000455,4.0,8.62,18.32,0.08,4.161,7.45,9.7,-10.9,-2.1800000000000184,3.1,53.1,42.2,October,0.8
Adelaide,14.7,20.0,0.0,5.47,7.9,WNW,35.0,6.0,17.0,76.0,58.0,1019.9,1019.8,4.45,4.51,15.9,18.5,0,0,5.300000000000001,-18.0,0.05999999999999961,-0.10000000000002274,11.0,9.37,19.23,0.08,4.428,7.6,9.86,-10.3,-2.2100000000000137,2.4,50.4,40.1,October,0.8
Adelaide,9.0,21.0,0.0,21.4,11.5,WSW,28.0,6.0,15.0,69.0,50.0,1023.5,1020.0,4.45,4.51,14.6,19.3,0,0,12.0,-19.0,0.05999999999999961,-3.5,9.0,10.35,19.4,0.08,4.675,7.380000000000001,9.05,-11.1,-1.8300000000000067,3.3,52.3,41.2,October,0.8
Adelaide,10.8,21.4,0.0,3.2,10.9,WSW,56.0,9.0,28.0,65.0,59.0,1017.0,1019.5,4.45,4.51,16.0,16.2,0,0,10.599999999999998,-6.0,0.05999999999999961,2.5,19.0,10.239999999999998,19.64,0.08,6.268,8.27,9.4,-11.7,-2.180000000000007,3.6,51.8,40.1,October,0.8
Adelaide,6.3,16.2,0.0,4.8,11.1,SW,41.0,9.0,22.0,43.0,40.0,1028.4,1027.7,4.45,4.51,12.5,15.4,0,0,9.899999999999999,-3.0,0.05999999999999961,-0.7000000000000455,13.0,10.59,19.96,0.08,6.0409999999999995,8.58,9.370000000000001,-10.9,-1.5100000000000136,4.9,51.9,41.0,October,0.8
Adelaide,9.3,18.1,0.0,4.4,3.8,WSW,26.0,7.0,11.0,65.0,64.0,1029.8,1028.0,4.45,4.51,13.6,15.9,0,0,8.8,-1.0,0.05999999999999961,-1.7999999999999545,4.0,10.16,19.93,0.08,5.720999999999999,9.05,9.77,-9.4,-1.5700000000000158,5.9,48.9,39.5,October,0.8
Adelaide,6.6,20.8,0.0,5.47,11.5,ESE,44.0,2.0,17.0,64.0,43.0,1027.6,1024.3,4.45,4.51,13.4,20.1,0,0,14.200000000000001,-21.0,0.05999999999999961,-3.2999999999999545,15.0,10.07,20.25,0.02,5.860999999999999,8.72,10.180000000000001,-10.2,-1.7200000000000046,6.3,50.9,40.7,October,0.2
Adelaide,13.4,25.7,0.0,5.47,11.8,ESE,37.0,15.0,20.0,42.0,27.0,1024.7,1021.5,4.45,4.51,18.7,25.1,0,0,12.299999999999999,-15.0,0.05999999999999961,-3.2000000000000455,5.0,10.22,20.73,0.0,6.127999999999999,9.18,10.51,-11.8,-1.8700000000000045,7.0,52.4,40.6,October,0.0
Adelaide,18.5,30.0,0.0,14.2,10.1,N,54.0,19.0,22.0,34.0,22.0,1020.8,1017.5,4.45,4.51,23.7,28.8,0,0,11.5,-12.0,0.05999999999999961,-3.2999999999999545,3.0,11.03,21.49,0.0,6.435,9.59,10.46,-11.6,-1.8300000000000067,7.3,52.3,40.7,October,0.0
Adelaide,20.2,21.9,0.0,7.8,0.0,NE,35.0,9.0,7.0,45.0,68.0,1019.9,1020.1,4.45,4.51,21.9,19.3,0,1,1.6999999999999993,23.0,0.05999999999999961,0.20000000000004547,-2.0,11.9,22.24,0.0,7.534999999999999,9.680000000000001,10.34,-11.8,-1.95,7.6,52.8,41.0,October,0.0
Adelaide,13.2,18.8,1.4,1.0,3.0,W,28.0,6.0,17.0,72.0,58.0,1019.2,1016.6,4.45,4.51,14.5,18.0,1,0,5.600000000000001,-14.0,0.05999999999999961,-2.6000000000000227,11.0,12.45,22.08,0.0,7.767999999999999,8.59,9.629999999999999,-8.5,-1.6399999999999977,8.1,54.3,45.8,October,0.0
Adelaide,7.8,22.8,0.2,2.2,6.2,NNW,37.0,11.0,13.0,61.0,34.0,1010.0,1004.1,4.45,4.51,15.3,22.5,0,1,15.0,-27.0,0.05999999999999961,-5.899999999999977,2.0,12.2,21.39,0.13999999999999999,7.321,8.16,9.190000000000001,-8.6,-1.5799999999999954,8.8,57.5,48.9,October,1.4
Adelaide,8.9,13.6,10.4,4.0,4.4,SW,59.0,20.0,17.0,84.0,68.0,1002.0,1005.1,4.45,4.51,9.2,11.0,1,1,4.699999999999999,-16.0,0.05999999999999961,3.1000000000000227,-3.0,11.51,21.669999999999998,0.15999999999999998,6.994,7.989999999999999,10.16,-9.5,-2.159999999999991,7.9,56.0,46.5,October,1.5999999999999999
Adelaide,7.9,15.5,2.0,5.47,8.3,SW,43.0,13.0,24.0,63.0,51.0,1016.8,1018.1,4.45,4.51,11.6,14.6,1,0,7.6,-12.0,0.05999999999999961,1.3000000000000682,11.0,11.5,20.93,1.2,5.254,7.279999999999999,9.43,-9.2,-1.4999999999999887,6.7,57.5,48.3,October,12.0
Adelaide,9.9,15.9,0.8,5.47,6.2,SW,33.0,7.0,17.0,69.0,53.0,1021.6,1021.0,4.45,4.51,12.1,15.1,0,0,6.0,-16.0,0.05999999999999961,-0.6000000000000227,10.0,11.21,20.34,1.4,5.481,7.0200000000000005,9.129999999999999,-9.8,-1.619999999999982,5.9,57.3,47.5,October,14.0
Adelaide,10.6,18.1,0.4,8.6,9.0,SW,33.0,11.0,19.0,67.0,45.0,1024.8,1024.5,4.45,4.51,12.6,16.8,0,0,7.500000000000002,-22.0,0.05999999999999961,-0.2999999999999545,8.0,11.57,20.310000000000002,1.48,5.548,6.530000000000001,8.74,-11.1,-1.6099999999999794,5.6,59.9,48.8,October,14.8
Adelaide,6.9,20.0,0.0,5.47,12.4,WSW,30.0,4.0,13.0,63.0,45.0,1028.8,1026.4,4.45,4.51,13.8,19.2,0,0,13.1,-18.0,0.05999999999999961,-2.3999999999998636,9.0,11.7,20.31,1.52,5.968,7.05,8.61,-13.2,-1.4599999999999795,6.0,60.1,46.9,October,15.2
Adelaide,11.4,24.9,0.0,8.6,12.4,NNW,30.0,7.0,15.0,47.0,29.0,1026.9,1022.8,4.45,4.51,18.3,24.4,0,0,13.499999999999998,-18.0,0.05999999999999961,-4.100000000000136,8.0,11.73,20.23,1.52,5.968,7.140000000000001,8.5,-12.9,-1.3699999999999704,5.4,60.0,47.1,October,15.2
Adelaide,13.0,28.5,0.0,5.0,12.5,NW,35.0,15.0,20.0,31.0,16.0,1019.9,1016.9,4.45,4.51,22.2,27.3,0,0,15.5,-15.0,0.05999999999999961,-3.0,5.0,11.53,20.15,1.52,6.281,7.2,8.62,-13.2,-1.4599999999999795,5.7,60.5,47.3,October,15.2
Adelaide,18.5,26.1,0.0,7.4,2.7,WSW,43.0,15.0,13.0,26.0,46.0,1014.6,1015.4,4.45,4.51,24.6,21.0,0,1,7.600000000000001,20.0,0.05999999999999961,0.7999999999999545,-2.0,10.98,20.0,1.52,5.361,7.44,9.02,-13.5,-1.4299999999999842,5.9,60.2,46.7,October,15.2
Adelaide,12.6,18.6,4.0,5.47,10.5,SSE,33.0,13.0,19.0,64.0,41.0,1022.4,1022.8,4.45,4.51,14.1,17.0,1,0,6.000000000000002,-23.0,0.05999999999999961,0.39999999999997726,6.0,10.809999999999999,20.42,1.52,5.321,7.710000000000001,9.610000000000001,-13.8,-1.3699999999999932,5.9,58.3,44.5,October,15.2
Adelaide,8.9,18.7,0.0,5.47,12.5,WSW,31.0,4.0,19.0,58.0,43.0,1025.2,1022.7,4.45,4.51,13.7,18.0,0,0,9.799999999999999,-15.0,0.05999999999999961,-2.5,15.0,10.75,20.4,1.78,5.768,8.459999999999999,9.65,-14.7,-1.0699999999999932,5.4,57.5,42.8,October,17.8
Adelaide,8.2,25.3,0.0,9.2,11.9,WNW,31.0,0.0,11.0,50.0,20.0,1021.0,1017.7,4.45,4.51,14.3,24.4,0,0,17.1,-30.0,0.05999999999999961,-3.2999999999999545,11.0,10.860000000000001,19.99,1.7600000000000002,6.095000000000001,9.09,9.129999999999999,-13.5,-0.7299999999999954,6.7,57.2,43.7,October,17.6
Adelaide,10.8,21.2,0.0,3.6,10.1,SW,35.0,11.0,22.0,60.0,43.0,1019.2,1019.2,4.45,4.51,16.6,21.1,0,0,10.399999999999999,-17.0,0.05999999999999961,0.0,11.0,10.790000000000001,21.16,0.72,6.615,9.84,10.37,-14.9,-1.3699999999999932,8.1,53.8,38.9,October,7.2
Adelaide,10.0,21.1,0.0,4.2,12.2,WSW,31.0,4.0,15.0,63.0,47.0,1022.0,1020.0,4.45,4.51,15.6,19.5,0,0,11.100000000000001,-16.0,0.05999999999999961,-2.0,11.0,11.08,21.729999999999997,0.52,6.428,10.02,10.65,-15.4,-1.5,8.1,53.5,38.1,October,5.2
Adelaide,13.2,29.7,0.0,5.2,9.0,NNE,41.0,20.0,17.0,30.0,21.0,1014.7,1010.1,4.45,4.51,21.0,28.6,0,0,16.5,-9.0,0.05999999999999961,-4.600000000000023,-3.0,11.09,22.25,0.44000000000000006,6.301,10.62,11.16,-15.4,-1.6399999999999977,8.2,52.9,37.5,October,4.4
Adelaide,21.0,23.6,0.0,9.2,0.1,WSW,44.0,11.0,7.0,35.0,91.0,1005.7,1005.3,4.45,4.51,23.1,19.5,0,1,2.6000000000000014,56.0,0.05999999999999961,-0.40000000000009095,-4.0,11.35,23.41,0.4,5.961,10.62,12.059999999999999,-14.1,-2.0700000000000047,7.1,49.2,35.1,October,4.0
Adelaide,11.4,17.4,9.6,5.47,4.6,SSE,54.0,13.0,22.0,74.0,61.0,1012.2,1011.9,4.45,4.51,14.6,16.1,1,0,5.999999999999998,-13.0,0.05999999999999961,-0.3000000000000682,9.0,12.760000000000002,23.77,0.4,6.3340000000000005,9.39,11.010000000000002,-6.7,-1.8700000000000272,5.8,46.4,39.7,October,4.0
Adelaide,9.3,16.1,0.4,5.0,9.4,WSW,50.0,13.0,20.0,64.0,35.0,1019.4,1019.5,4.45,4.51,12.5,15.0,0,1,6.800000000000001,-29.0,0.05999999999999961,0.10000000000002274,7.0,12.76,23.020000000000003,1.3599999999999999,6.021,8.61,10.260000000000002,-6.2,-1.4900000000000204,5.9,49.1,42.9,October,13.6
Adelaide,5.3,18.0,2.4,4.2,10.1,WNW,28.0,4.0,13.0,60.0,39.0,1023.2,1021.2,4.45,4.51,11.3,16.6,1,0,12.7,-21.0,0.05999999999999961,-2.0,9.0,12.39,21.779999999999998,1.4,6.021,8.3,9.39,-7.6,-1.1800000000000181,6.1,52.4,44.8,November,14.0
Adelaide,11.2,19.5,0.2,3.8,11.2,SW,37.0,13.0,19.0,66.0,49.0,1022.7,1022.0,4.45,4.51,14.9,18.7,0,0,8.3,-17.0,0.05999999999999961,-0.7000000000000455,6.0,11.07,20.97,1.64,5.701,9.04,9.9,-11.7,-1.4600000000000137,7.2,55.8,44.1,November,16.4
Adelaide,11.7,15.8,0.0,5.2,0.1,SW,31.0,9.0,19.0,50.0,67.0,1025.4,1024.4,4.45,4.51,14.5,14.1,0,0,4.100000000000001,17.0,0.05999999999999961,-1.0,10.0,10.930000000000001,21.06,1.26,5.534000000000001,9.110000000000001,10.129999999999999,-11.1,-1.5700000000000158,7.2,56.0,44.9,November,12.6
Adelaide,10.7,18.7,0.0,2.0,10.5,SE,35.0,15.0,17.0,48.0,33.0,1026.5,1023.0,4.45,4.51,13.2,17.5,0,0,8.0,-15.0,0.05999999999999961,-3.5,2.0,11.209999999999999,20.770000000000003,1.26,5.507,7.869999999999999,9.56,-7.9,-1.420000000000016,6.7,55.2,47.3,November,12.6
Adelaide,11.0,22.8,0.0,6.0,12.8,ESE,39.0,13.0,9.0,41.0,26.0,1021.7,1017.2,4.45,4.51,15.9,21.1,0,0,11.8,-15.0,0.05999999999999961,-4.5,-4.0,11.459999999999999,20.11,1.26,4.787,7.7299999999999995,8.65,-6.4,-1.4400000000000204,5.8,55.0,48.6,November,12.6
Adelaide,14.2,27.9,0.0,5.47,8.2,NNE,43.0,17.0,11.0,31.0,18.0,1014.9,1012.2,4.45,4.51,21.0,27.4,0,0,13.7,-13.0,0.05999999999999961,-2.699999999999932,-6.0,11.48,20.270000000000003,1.26,5.026999999999999,7.999999999999998,8.790000000000001,-6.2,-1.8900000000000206,4.3,53.1,46.9,November,12.6
Adelaide,14.4,21.0,0.4,5.47,7.6,W,33.0,13.0,20.0,83.0,44.0,1012.2,1011.7,4.45,4.51,15.9,20.7,0,0,6.6,-39.0,0.05999999999999961,-0.5,7.0,11.9,20.95,1.26,5.153999999999999,7.6,9.05,-5.9,-1.9600000000000137,2.6,49.9,44.0,November,12.6
Adelaide,13.7,23.1,0.0,16.0,12.2,W,31.0,13.0,17.0,61.0,38.0,1016.0,1016.3,4.45,4.51,17.2,22.5,0,0,9.400000000000002,-23.0,0.05999999999999961,0.2999999999999545,4.0,12.02,20.080000000000002,1.3,5.181,7.459999999999999,8.059999999999999,-8.9,-1.5500000000000114,3.6,55.2,46.3,November,13.0
Adelaide,11.1,29.9,0.0,5.4,10.9,NNE,31.0,6.0,11.0,48.0,28.0,1022.6,1018.1,4.45,4.51,19.0,27.2,0,0,18.799999999999997,-20.0,0.05999999999999961,-4.5,5.0,11.29,20.03,1.3,5.861,8.669999999999998,8.74,-16.8,-1.4800000000000069,4.4,57.8,41.0,November,13.0
Adelaide,16.5,27.6,0.0,5.8,5.1,SE,30.0,6.0,11.0,29.0,39.0,1016.7,1014.6,4.45,4.51,23.7,25.1,0,0,11.100000000000001,10.0,0.05999999999999961,-2.1000000000000227,5.0,11.26,21.28,0.33999999999999997,5.854,9.3,10.02,-17.5,-1.9,4.0,55.2,37.7,November,3.4
Adelaide,15.2,32.1,0.0,3.4,5.0,W,28.0,4.0,6.0,51.0,31.0,1010.0,1005.5,4.45,4.51,21.6,30.2,0,0,16.900000000000002,-20.0,0.05999999999999961,-4.5,2.0,11.979999999999999,22.43,0.3,5.933999999999999,8.87,10.45,-13.6,-2.1200000000000045,3.8,51.7,38.1,November,3.0
Adelaide,21.6,22.2,0.0,5.8,1.0,N,37.0,15.0,9.0,63.0,75.0,1006.7,1008.2,4.45,4.51,22.2,18.2,0,1,0.5999999999999979,12.0,0.05999999999999961,1.5,-6.0,12.969999999999999,23.84,0.06000000000000001,5.854,8.36,10.870000000000001,-13.5,-2.3700000000000045,3.1,50.8,37.3,November,0.6000000000000001
Adelaide,14.7,17.8,2.2,5.47,0.0,ESE,31.0,9.0,6.0,71.0,75.0,1013.9,1013.1,4.45,4.51,16.0,16.5,1,0,3.1000000000000014,4.0,0.05999999999999961,-0.7999999999999545,-3.0,14.01,24.11,0.04,6.054,7.339999999999999,10.1,-10.6,-2.15,1.9,50.5,39.9,November,0.4
Adelaide,12.5,22.6,0.8,5.47,9.7,SW,37.0,13.0,20.0,60.0,47.0,1018.5,1016.9,4.45,4.51,17.2,20.9,0,0,10.100000000000001,-13.0,0.05999999999999961,-1.6000000000000227,7.0,14.309999999999999,24.31,0.26,6.081,7.33,10.0,-11.9,-2.1299999999999955,0.6,52.6,40.7,November,2.6
Adelaide,12.7,22.7,0.0,9.6,8.0,SSW,39.0,7.0,17.0,51.0,47.0,1017.9,1016.0,4.45,4.51,16.6,20.3,0,0,10.0,-4.0,0.05999999999999961,-1.8999999999999773,10.0,14.49,24.7,0.34,6.428,7.25,10.209999999999999,-11.7,-1.9399999999999977,1.1,53.8,42.1,November,3.4000000000000004
Adelaide,9.9,20.8,0.0,5.0,9.5,SW,35.0,6.0,19.0,55.0,45.0,1018.4,1016.7,4.45,4.51,16.1,18.4,0,0,10.9,-10.0,0.05999999999999961,-1.6999999999999318,13.0,14.66,24.69,0.34,6.787999999999999,6.769999999999999,10.03,-10.6,-1.6799999999999955,2.5,54.8,44.2,November,3.4000000000000004
Adelaide,8.7,21.4,0.0,4.8,13.2,WSW,30.0,6.0,13.0,51.0,36.0,1020.5,1018.2,4.45,4.51,15.3,20.2,0,0,12.7,-15.0,0.05999999999999961,-2.2999999999999545,7.0,14.23,23.979999999999997,0.34,6.741,6.9,9.75,-10.3,-1.5799999999999954,4.4,57.2,46.9,November,3.4000000000000004
Adelaide,13.2,21.2,1.0,5.4,6.9,WSW,39.0,15.0,19.0,74.0,48.0,1019.9,1019.7,4.45,4.51,16.6,20.3,0,0,8.0,-26.0,0.05999999999999961,-0.1999999999999318,4.0,13.66,24.02,0.3,6.674000000000001,7.459999999999999,10.360000000000001,-7.9,-1.759999999999991,4.4,54.0,46.1,November,3.0
Adelaide,10.7,24.3,0.4,5.4,13.0,ESE,39.0,19.0,9.0,45.0,29.0,1024.7,1021.7,4.45,4.51,14.9,23.0,0,0,13.600000000000001,-16.0,0.05999999999999961,-3.0,-10.0,13.61,23.83,0.4,5.614,6.93,10.22,-8.2,-1.8099999999999796,4.4,55.3,47.1,November,4.0
Adelaide,11.6,29.0,0.0,5.47,13.1,WSW,28.0,6.0,17.0,46.0,23.0,1022.9,1020.1,4.45,4.51,19.4,27.5,0,0,17.4,-23.0,0.05999999999999961,-2.7999999999999545,11.0,13.570000000000002,23.27,0.44000000000000006,5.614,7.139999999999999,9.7,-7.8,-1.6599999999999795,2.9,55.0,47.2,November,4.4
Adelaide,16.5,33.8,0.0,5.47,13.0,ESE,30.0,2.0,15.0,38.0,16.0,1019.8,1016.9,4.45,4.51,23.7,32.5,0,0,17.299999999999997,-22.0,0.05999999999999961,-2.8999999999999773,13.0,13.080000000000002,23.41,0.44000000000000006,5.581,7.94,10.330000000000002,-11.1,-1.7299999999999727,3.5,56.7,45.6,November,4.4
Adelaide,23.5,36.4,0.0,23.6,12.7,E,39.0,17.0,11.0,19.0,15.0,1016.0,1013.3,4.45,4.51,30.0,35.2,0,0,12.899999999999999,-4.0,0.05999999999999961,-2.7000000000000455,-6.0,13.209999999999999,23.580000000000002,0.44000000000000006,5.788,8.74,10.37,-11.3,-1.5699999999999705,4.6,55.4,44.1,November,4.4
Adelaide,23.5,36.4,0.0,9.4,7.7,N,35.0,13.0,13.0,34.0,20.0,1015.6,1012.2,4.45,4.51,27.6,35.9,0,0,12.899999999999999,-14.0,0.05999999999999961,-3.3999999999999773,0.0,13.4,25.0,0.44000000000000006,7.5680000000000005,9.91,11.6,-12.9,-1.989999999999975,4.6,51.0,38.1,November,4.4
Adelaide,24.8,27.8,0.0,9.6,0.1,NNW,41.0,15.0,7.0,49.0,88.0,1014.8,1016.9,4.45,4.51,26.4,19.4,0,1,3.0,39.0,0.05999999999999961,2.1000000000000227,-8.0,14.280000000000001,26.860000000000003,0.22000000000000003,7.961,10.68,12.579999999999998,-14.7,-2.2499999999999774,4.9,47.3,32.6,November,2.2
Adelaide,17.3,25.3,11.4,1.4,4.5,W,20.0,6.0,6.0,84.0,57.0,1018.3,1017.3,4.45,4.51,19.3,22.4,1,0,8.0,-27.0,0.05999999999999961,-1.0,0.0,15.51,27.380000000000003,0.13999999999999999,8.374,9.72,11.87,-9.5,-1.8799999999999728,3.4,46.2,36.7,November,1.4
Adelaide,15.3,29.5,0.0,3.4,10.1,WSW,35.0,6.0,15.0,71.0,44.0,1014.4,1011.3,4.45,4.51,19.7,28.0,0,1,14.2,-27.0,0.05999999999999961,-3.1000000000000227,9.0,15.969999999999999,27.639999999999997,1.28,7.554,9.370000000000001,11.669999999999998,-11.8,-1.789999999999975,2.4,49.5,37.7,November,12.8
Adelaide,14.7,20.2,2.8,5.47,5.6,S,41.0,13.0,15.0,94.0,48.0,1011.7,1011.0,4.45,4.51,14.8,19.7,1,1,5.5,-46.0,0.05999999999999961,-0.7000000000000455,2.0,16.51,28.51,1.28,7.394000000000001,9.43,11.999999999999998,-13.5,-1.9299999999999842,2.0,51.1,37.6,November,12.8
Adelaide,11.8,19.5,1.4,5.47,7.4,SSW,44.0,15.0,20.0,62.0,52.0,1020.2,1020.4,4.45,4.51,14.4,16.3,1,0,7.699999999999999,-10.0,0.05999999999999961,0.1999999999999318,5.0,17.11,28.390000000000004,1.56,7.461,8.669999999999998,11.279999999999998,-16.6,-1.7699999999999931,1.5,55.4,38.8,November,15.600000000000001
Adelaide,12.1,18.9,0.2,14.6,5.3,SSE,46.0,13.0,24.0,52.0,51.0,1021.4,1018.3,4.45,4.51,15.1,16.9,0,0,6.799999999999999,-1.0,0.05999999999999961,-3.1000000000000227,11.0,16.970000000000002,28.22,1.6,7.468000000000001,8.72,11.249999999999998,-15.0,-1.7300000000000069,1.6,54.2,39.2,November,16.0
Adelaide,13.9,23.5,0.0,4.6,5.1,SSE,33.0,19.0,13.0,65.0,59.0,1015.9,1013.1,4.45,4.51,16.5,21.0,0,0,9.6,-6.0,0.05999999999999961,-2.7999999999999545,-6.0,17.11,27.679999999999996,1.58,8.388,7.95,10.569999999999999,-13.5,-1.740000000000009,3.7,54.9,41.4,November,15.8
Adelaide,16.3,25.1,0.0,3.8,5.9,NE,35.0,9.0,9.0,68.0,86.0,1012.3,1010.0,4.45,4.51,20.5,20.3,0,1,8.8,18.0,0.05999999999999961,-2.2999999999999545,0.0,17.34,27.130000000000003,1.58,8.301,7.15,9.789999999999997,-11.8,-1.740000000000009,2.0,56.8,45.0,December,15.8
Adelaide,15.1,27.2,1.4,3.6,13.1,WSW,28.0,11.0,17.0,71.0,55.0,1011.4,1009.1,4.45,4.51,19.5,24.4,1,0,12.1,-16.0,0.05999999999999961,-2.2999999999999545,6.0,17.32,26.259999999999998,1.58,8.134,6.4399999999999995,8.940000000000001,-7.8,-1.6800000000000068,0.7,59.8,52.0,December,15.8
Adelaide,15.5,34.8,0.0,5.2,13.4,NNW,30.0,9.0,15.0,46.0,19.0,1009.4,1006.3,4.45,4.51,24.9,34.1,0,0,19.299999999999997,-27.0,0.05999999999999961,-3.1000000000000227,6.0,16.479999999999997,25.34,1.72,6.1339999999999995,6.4799999999999995,8.86,-9.0,-1.6399999999999977,1.9,65.0,56.0,December,17.2
Adelaide,24.9,38.2,0.0,5.47,12.2,NNW,35.0,13.0,13.0,24.0,12.0,1007.0,1004.3,4.45,4.51,30.9,37.4,0,0,13.300000000000004,-12.0,0.05999999999999961,-2.7000000000000455,0.0,15.679999999999998,25.18,1.72,5.714,7.05,9.499999999999998,-10.3,-1.6100000000000023,2.5,66.2,55.9,December,17.2
Adelaide,26.4,30.2,0.0,5.47,1.2,NE,46.0,17.0,17.0,44.0,52.0,1008.3,1008.1,4.45,4.51,27.5,25.3,0,1,3.8000000000000007,8.0,0.05999999999999961,-0.1999999999999318,0.0,15.690000000000001,26.22,1.72,5.301,8.26,10.530000000000001,-15.4,-2.090000000000009,3.3,63.7,48.3,December,17.2
Adelaide,19.9,33.1,2.2,24.2,7.9,NNE,74.0,15.0,15.0,48.0,32.0,1006.3,1002.4,4.45,4.51,26.8,32.5,1,1,13.200000000000003,-16.0,0.05999999999999961,-3.8999999999999773,0.0,16.6,26.71,0.58,5.708,7.93,10.110000000000001,-11.9,-2.0100000000000025,3.3,59.7,47.8,December,5.8
Adelaide,21.1,32.5,3.4,5.8,6.0,WSW,52.0,20.0,19.0,64.0,92.0,1001.2,999.7,4.45,4.51,25.7,21.2,1,1,11.399999999999999,28.0,0.05999999999999961,-1.5,-1.0,17.06,27.07,0.8,7.787999999999999,7.709999999999999,10.010000000000002,-10.8,-2.0899999999999976,2.4,57.4,46.6,December,8.0
Adelaide,16.8,24.4,66.2,5.47,7.6,NNE,41.0,17.0,20.0,84.0,53.0,1005.0,1006.3,4.45,4.51,17.7,23.2,1,0,7.599999999999998,-31.0,0.05999999999999961,1.2999999999999545,3.0,17.7,28.3,0.86,7.821000000000001,7.75,10.6,-3.4,-2.1699999999999933,2.1,54.4,51.0,December,8.6
Adelaide,16.1,24.5,0.0,4.4,11.1,NW,46.0,15.0,24.0,72.0,41.0,1012.0,1011.2,4.45,4.51,19.1,23.7,0,0,8.399999999999999,-31.0,0.05999999999999961,-0.7999999999999545,9.0,18.2,28.79,7.340000000000001,7.821000000000001,7.769999999999999,10.59,-5.5,-2.0599999999999907,1.9,56.6,51.1,December,73.4
Adelaide,13.7,18.3,0.2,6.8,2.0,WSW,44.0,19.0,19.0,65.0,55.0,1016.1,1015.0,4.45,4.51,14.7,16.7,0,0,4.600000000000001,-10.0,0.05999999999999961,-1.1000000000000227,0.0,18.6,29.35,7.32,6.800999999999999,8.35,10.75,-8.5,-1.829999999999984,1.7,58.6,50.1,December,73.2
Adelaide,14.2,21.7,0.4,5.47,4.8,WNW,59.0,17.0,28.0,73.0,51.0,1009.6,1005.9,4.45,4.51,16.2,21.4,0,1,7.5,-22.0,0.05999999999999961,-3.7000000000000455,11.0,18.58,28.830000000000002,7.340000000000001,7.021000000000001,8.040000000000001,10.25,-8.9,-1.6599999999999908,2.3,58.6,49.7,December,73.4
Adelaide,13.2,20.6,2.2,5.47,7.3,WSW,39.0,19.0,17.0,55.0,39.0,1010.3,1011.0,4.45,4.51,15.9,19.8,1,0,7.400000000000002,-16.0,0.05999999999999961,0.7000000000000455,-2.0,18.37,28.49,7.38,7.188000000000001,7.93,10.12,-12.9,-1.8,3.4,59.1,46.2,December,73.8
Adelaide,12.9,24.2,0.0,11.4,11.4,W,31.0,4.0,19.0,53.0,44.0,1016.7,1014.0,4.45,4.51,16.6,21.5,0,0,11.299999999999999,-9.0,0.05999999999999961,-2.7000000000000455,15.0,18.18,27.830000000000002,7.460000000000001,7.375,7.35,9.65,-12.9,-1.5,2.6,57.5,44.6,December,74.60000000000001
Adelaide,16.6,32.4,0.0,6.8,8.6,NNW,48.0,19.0,15.0,35.0,20.0,1009.9,1006.2,4.45,4.51,24.1,31.2,0,0,15.799999999999997,-15.0,0.05999999999999961,-3.699999999999932,-4.0,17.92,26.77,7.460000000000001,7.995,7.15,8.85,-11.1,-1.4600000000000022,3.5,58.2,47.1,December,74.60000000000001
Adelaide,16.3,21.7,0.0,9.4,11.1,SW,46.0,20.0,20.0,51.0,44.0,1009.4,1009.7,4.45,4.51,17.3,20.6,0,0,5.399999999999999,-7.0,0.05999999999999961,0.3000000000000682,0.0,17.09,26.189999999999998,7.460000000000001,8.127999999999998,6.789999999999999,9.099999999999998,-11.4,-1.559999999999991,3.1,59.3,47.9,December,74.60000000000001
Adelaide,14.0,22.5,0.0,6.8,12.4,WNW,33.0,15.0,17.0,47.0,36.0,1012.1,1009.9,4.45,4.51,17.6,21.6,0,1,8.5,-11.0,0.05999999999999961,-2.2000000000000455,2.0,16.080000000000002,25.34,7.460000000000001,8.520999999999999,7.779999999999999,9.26,-12.9,-1.509999999999991,3.1,60.0,47.1,December,74.60000000000001
Adelaide,15.1,21.4,2.2,6.4,5.4,W,43.0,20.0,22.0,87.0,42.0,1006.7,1006.1,4.45,4.51,15.2,21.0,1,1,6.299999999999999,-45.0,0.05999999999999961,-0.6000000000000227,2.0,15.49,24.28,7.24,6.781000000000001,8.23,8.79,-12.4,-1.3399999999999976,3.3,59.9,47.5,December,72.4
Adelaide,13.6,19.8,2.6,5.47,7.5,WSW,54.0,11.0,20.0,76.0,46.0,1008.5,1007.4,4.45,4.51,14.4,18.9,1,1,6.200000000000001,-30.0,0.05999999999999961,-1.1000000000000227,9.0,14.89,23.17,7.12,6.840999999999999,8.17,8.28,-19.7,-1.25,3.6,62.2,42.5,December,71.2
Adelaide,12.6,17.6,3.8,5.47,9.1,SW,67.0,30.0,31.0,50.0,42.0,1002.8,1005.7,4.45,4.51,14.5,16.3,1,1,5.000000000000002,-8.0,0.05999999999999961,2.900000000000091,1.0,14.569999999999999,22.71,0.76,6.840999999999999,8.16,8.139999999999999,-19.6,-1.4899999999999978,4.2,61.4,41.8,December,7.6000000000000005
Adelaide,11.6,19.1,1.6,15.0,2.6,WSW,39.0,11.0,20.0,74.0,45.0,1014.3,1013.9,4.45,4.51,14.4,17.9,1,0,7.500000000000002,-29.0,0.05999999999999961,-0.39999999999997726,9.0,14.219999999999999,22.02,1.1400000000000001,6.947999999999999,7.959999999999999,7.8,-17.3,-1.1199999999999932,3.4,59.2,41.9,December,11.4
Adelaide,13.6,21.6,0.8,3.8,11.4,SSE,35.0,9.0,13.0,52.0,40.0,1016.5,1014.9,4.45,4.51,16.7,20.4,0,0,8.000000000000002,-12.0,0.05999999999999961,-1.6000000000000227,4.0,14.01,22.1,1.28,7.768000000000001,8.02,8.09,-19.2,-1.0499999999999887,4.3,60.1,40.9,December,12.8
Adelaide,11.3,26.2,0.0,6.4,11.9,W,30.0,0.0,19.0,48.0,30.0,1017.5,1016.0,4.45,4.51,19.0,25.0,0,0,14.899999999999999,-18.0,0.05999999999999961,-1.5,19.0,13.95,22.09,1.32,7.601000000000001,8.68,8.14,-18.2,-0.8399999999999863,3.6,58.0,39.8,December,13.200000000000001
Adelaide,13.1,25.5,0.0,5.2,12.8,SE,33.0,9.0,17.0,51.0,36.0,1022.7,1021.8,4.45,4.51,18.1,24.7,0,0,12.4,-15.0,0.05999999999999961,-0.900000000000091,8.0,13.76,22.65,1.1,7.694,9.14,8.89,-18.4,-1.059999999999991,5.7,57.3,38.9,December,11.0
Adelaide,16.5,33.3,0.0,7.8,13.5,ESE,39.0,6.0,13.0,39.0,28.0,1020.8,1016.4,4.45,4.51,23.2,30.1,0,0,16.799999999999997,-11.0,0.05999999999999961,-4.399999999999977,7.0,13.779999999999998,22.779999999999998,1.1,7.074,9.28,9.0,-19.0,-0.8799999999999955,5.0,57.1,38.1,December,11.0
Adelaide,19.4,31.7,0.0,5.47,6.9,WSW,31.0,6.0,19.0,45.0,22.0,1012.0,1009.6,4.45,4.51,22.4,30.5,0,0,12.3,-23.0,0.05999999999999961,-2.3999999999999773,13.0,13.77,22.869999999999997,1.1,7.1739999999999995,9.77,9.1,-18.6,-0.95,6.1,57.5,38.9,December,11.0
Adelaide,15.6,21.4,0.0,5.47,7.9,SE,44.0,17.0,28.0,57.0,55.0,1011.4,1010.7,4.45,4.51,19.3,19.8,0,0,5.799999999999999,-2.0,0.05999999999999961,-0.6999999999999318,11.0,14.080000000000002,23.869999999999997,1.1,6.781000000000001,9.35,9.790000000000001,-20.2,-1.2200000000000046,7.4,56.9,36.7,December,11.0
Adelaide,13.6,21.3,0.0,21.8,9.2,SE,43.0,19.0,17.0,50.0,39.0,1017.8,1015.8,4.45,4.51,15.0,20.6,0,0,7.700000000000001,-11.0,0.05999999999999961,-2.0,-2.0,14.24,23.759999999999998,1.1,6.648000000000001,8.9,9.52,-19.3,-1.0699999999999932,8.3,57.9,38.6,December,11.0
Adelaide,12.7,29.6,0.0,5.47,12.4,E,30.0,7.0,11.0,37.0,16.0,1016.6,1012.3,4.45,4.51,18.3,27.9,0,0,16.900000000000002,-21.0,0.05999999999999961,-4.300000000000068,4.0,14.089999999999998,23.75,0.8800000000000001,8.187999999999999,9.28,9.66,-15.9,-1.2099999999999909,7.9,54.2,38.3,December,8.8
Adelaide,15.4,31.2,0.0,13.0,13.3,W,28.0,6.0,17.0,30.0,22.0,1014.1,1013.4,4.45,4.51,23.8,29.7,0,0,15.799999999999999,-8.0,0.05999999999999961,-0.7000000000000455,11.0,14.0,24.73,0.62,8.187999999999999,9.77,10.73,-15.0,-1.5299999999999954,7.4,50.3,35.3,December,6.2
Adelaide,16.6,39.6,0.0,7.4,13.3,WNW,35.0,4.0,17.0,41.0,11.0,1014.9,1011.4,4.45,4.51,23.3,37.5,0,0,23.0,-30.0,0.05999999999999961,-3.5,13.0,14.280000000000001,26.089999999999996,0.24000000000000005,8.940999999999999,10.190000000000001,11.81,-15.0,-1.890000000000009,8.4,48.3,33.3,December,2.4000000000000004
Adelaide,23.3,36.9,0.0,11.8,12.6,NNW,54.0,20.0,15.0,17.0,24.0,1009.0,1008.8,4.45,4.51,33.6,33.3,0,0,13.599999999999998,7.0,0.05999999999999961,-0.20000000000004547,-5.0,14.780000000000001,28.139999999999997,0.08,8.181000000000001,11.26,13.36,-15.1,-2.2000000000000113,8.8,45.0,29.9,December,0.8
Adelaide,18.2,28.6,0.0,5.47,7.9,WSW,43.0,9.0,7.0,73.0,48.0,1013.0,1011.3,4.45,4.51,20.5,25.1,0,0,10.400000000000002,-25.0,0.05999999999999961,-1.7000000000000455,-2.0,15.75,29.669999999999998,0.0,8.981,11.38,13.919999999999998,-13.2,-2.060000000000014,7.9,41.5,28.3,January,0.0
Adelaide,14.7,26.1,0.0,5.47,13.6,SE,35.0,11.0,15.0,53.0,34.0,1017.0,1015.1,4.45,4.51,18.8,25.5,0,0,11.400000000000002,-19.0,0.05999999999999961,-1.8999999999999773,4.0,16.44,29.909999999999997,0.0,8.888,10.98,13.469999999999999,-13.9,-2.0800000000000183,5.8,44.0,30.1,January,0.0
Adelaide,13.6,26.2,0.0,22.4,13.7,ESE,43.0,9.0,13.0,44.0,27.0,1017.2,1014.8,4.45,4.51,18.0,24.9,0,0,12.6,-17.0,0.05999999999999961,-2.400000000000091,4.0,16.6,29.97,0.0,8.915,11.06,13.370000000000001,-14.3,-2.180000000000007,5.4,44.2,29.9,January,0.0
Adelaide,15.2,29.6,0.0,8.0,11.9,WSW,30.0,7.0,9.0,44.0,19.0,1012.4,1009.9,4.45,4.51,20.7,27.2,0,0,14.400000000000002,-25.0,0.05999999999999961,-2.5,2.0,16.310000000000002,29.259999999999998,0.0,10.375,11.080000000000002,12.95,-14.9,-1.9800000000000182,5.1,44.7,29.8,January,0.0
Adelaide,14.8,28.7,0.0,6.4,12.0,SE,31.0,4.0,13.0,57.0,27.0,1010.8,1008.7,4.45,4.51,18.6,27.1,0,0,13.899999999999999,-30.0,0.05999999999999961,-2.099999999999909,9.0,15.89,29.05,0.0,10.628,11.58,13.16,-15.1,-1.9900000000000204,4.0,44.6,29.5,January,0.0
Adelaide,16.7,35.3,0.0,7.2,8.4,NW,44.0,19.0,22.0,31.0,14.0,1007.1,1003.7,4.45,4.51,25.2,34.4,0,0,18.599999999999998,-17.0,0.05999999999999961,-3.3999999999999773,3.0,15.810000000000002,29.78,0.0,10.721,11.99,13.969999999999999,-17.9,-2.130000000000018,3.8,44.6,26.7,January,0.0
Adelaide,23.3,35.7,0.0,7.6,12.2,WSW,30.0,9.0,13.0,28.0,28.0,1004.8,1004.5,4.45,4.51,29.3,33.7,0,0,12.400000000000002,0.0,0.05999999999999961,-0.2999999999999545,4.0,16.119999999999997,31.18,0.0,9.261,11.91,15.060000000000002,-18.5,-2.270000000000016,4.3,42.7,24.2,January,0.0
Adelaide,24.9,28.4,0.0,5.47,4.8,SE,48.0,4.0,11.0,54.0,66.0,1005.7,1009.0,4.45,4.51,26.5,23.0,0,0,3.5,12.0,0.05999999999999961,3.2999999999999545,7.0,17.18,31.790000000000003,0.0,9.474,11.89,14.61,-16.4,-1.8700000000000045,4.3,41.8,25.4,January,0.0
Adelaide,18.2,30.9,0.6,5.47,13.6,ESE,44.0,13.0,13.0,48.0,38.0,1014.8,1012.7,4.45,4.51,21.4,29.4,0,0,12.7,-10.0,0.05999999999999961,-2.099999999999909,0.0,18.13,31.509999999999998,0.0,8.721,11.040000000000001,13.379999999999999,-14.4,-1.4700000000000046,3.9,44.2,29.8,January,0.0
Adelaide,21.3,32.1,0.0,22.4,13.5,SE,44.0,4.0,17.0,57.0,38.0,1012.0,1008.5,4.45,4.51,24.8,31.4,0,0,10.8,-19.0,0.05999999999999961,-3.5,13.0,18.29,30.640000000000004,0.06,8.528,11.07,12.35,-12.4,-1.3299999999999954,2.6,44.9,32.5,January,0.6
Adelaide,21.6,25.5,0.0,7.2,2.3,SSE,31.0,11.0,13.0,68.0,62.0,1008.6,1006.2,4.45,4.51,24.0,24.5,0,0,3.8999999999999986,-6.0,0.05999999999999961,-2.3999999999999773,2.0,18.089999999999996,30.159999999999997,0.06,9.588,11.16,12.07,-15.0,-1.6599999999999908,4.4,48.9,33.9,January,0.6
Adelaide,17.4,27.2,0.0,4.0,3.7,NW,20.0,6.0,9.0,85.0,72.0,1005.0,1004.4,4.45,4.51,19.2,22.6,0,0,9.8,-13.0,0.05999999999999961,-0.6000000000000227,3.0,18.43,29.85,0.06,9.761,10.6,11.42,-13.1,-1.729999999999984,4.8,48.4,35.3,January,0.6
Adelaide,19.2,21.9,0.8,1.8,0.0,ENE,26.0,13.0,9.0,83.0,93.0,1003.3,999.9,4.45,4.51,21.2,20.2,0,1,2.6999999999999993,10.0,0.05999999999999961,-3.3999999999999773,-4.0,18.7,29.959999999999997,0.06,9.614,9.61,11.26,-12.5,-1.5999999999999885,4.7,51.6,39.1,January,0.6
Adelaide,18.3,28.1,15.6,1.0,11.4,NW,33.0,13.0,17.0,78.0,42.0,1005.8,1005.6,4.45,4.51,20.4,26.7,1,0,9.8,-36.0,0.05999999999999961,-0.1999999999999318,4.0,19.259999999999998,29.53,0.13999999999999999,7.553999999999999,8.24,10.27,-9.8,-1.6999999999999773,3.9,55.5,45.7,January,1.4
Adelaide,15.2,32.1,0.0,5.47,13.6,WSW,33.0,2.0,17.0,50.0,28.0,1009.7,1009.0,4.45,4.51,24.3,31.4,0,0,16.900000000000002,-22.0,0.05999999999999961,-0.7000000000000455,15.0,19.57,29.379999999999995,1.7,6.853999999999999,8.190000000000001,9.809999999999999,-10.9,-1.4699999999999704,4.1,58.9,48.0,January,17.0
Adelaide,18.9,26.9,0.0,5.47,13.3,SW,41.0,6.0,24.0,61.0,41.0,1011.1,1010.4,4.45,4.51,23.3,25.2,0,0,8.0,-20.0,0.05999999999999961,-0.7000000000000455,18.0,19.61,29.72,1.7,6.761,8.35,10.11,-10.1,-1.329999999999984,4.7,58.2,48.1,January,17.0
Adelaide,14.5,23.9,0.0,23.2,8.6,SW,43.0,15.0,24.0,59.0,49.0,1013.8,1012.1,4.45,4.51,17.4,22.6,0,0,9.399999999999999,-10.0,0.05999999999999961,-1.6999999999999318,9.0,19.830000000000002,28.879999999999995,1.7,6.587999999999999,8.84,9.05,-10.4,-1.059999999999991,6.2,61.2,50.8,January,17.0
Adelaide,15.1,27.1,0.0,5.0,13.2,SW,31.0,4.0,17.0,56.0,47.0,1013.1,1010.3,4.45,4.51,17.6,24.3,0,0,12.000000000000002,-9.0,0.05999999999999961,-2.800000000000068,13.0,18.95,27.7,1.7,8.148,8.48,8.75,-11.4,-1.1999999999999886,6.7,64.3,52.9,January,17.0
Adelaide,13.2,28.6,0.0,6.6,13.4,WSW,26.0,2.0,15.0,55.0,36.0,1012.8,1010.7,4.45,4.51,18.8,27.1,0,0,15.400000000000002,-19.0,0.05999999999999961,-2.099999999999909,13.0,17.970000000000002,27.57,1.7,8.100999999999999,9.319999999999999,9.6,-13.5,-1.809999999999991,7.3,64.5,51.0,January,17.0
Adelaide,17.0,37.0,0.0,7.0,13.5,WNW,33.0,15.0,15.0,34.0,18.0,1009.1,1006.0,4.45,4.51,26.2,35.6,0,0,20.0,-16.0,0.05999999999999961,-3.1000000000000227,0.0,17.47,27.339999999999996,1.64,8.214,9.3,9.870000000000001,-14.4,-1.809999999999991,8.6,65.2,50.8,January,16.4
Adelaide,21.5,29.2,0.0,8.6,13.3,WSW,35.0,17.0,20.0,55.0,38.0,1009.8,1010.7,4.45,4.51,23.6,28.3,0,0,7.699999999999999,-17.0,0.05999999999999961,0.900000000000091,3.0,17.04,27.829999999999995,1.64,6.6739999999999995,9.3,10.790000000000001,-14.1,-1.7699999999999931,7.3,62.9,48.8,January,16.4
Adelaide,17.0,32.1,0.0,5.47,13.3,SSW,30.0,2.0,15.0,48.0,32.0,1014.2,1011.3,4.45,4.51,21.6,32.0,0,0,15.100000000000001,-16.0,0.05999999999999961,-2.900000000000091,13.0,17.029999999999998,28.2,1.64,6.814,10.4,11.17,-15.2,-1.4399999999999864,7.4,61.6,46.4,January,16.4
Adelaide,14.9,32.0,0.0,5.47,11.4,SW,31.0,6.0,17.0,45.0,27.0,1010.3,1006.5,4.45,4.51,21.7,31.1,0,0,17.1,-18.0,0.05999999999999961,-3.7999999999999545,11.0,16.990000000000002,28.689999999999998,1.64,6.961,11.36,11.700000000000001,-15.5,-1.6699999999999933,8.4,57.9,42.4,January,16.4
Adelaide,19.9,27.3,0.0,24.6,9.3,SSE,30.0,13.0,15.0,61.0,43.0,1008.3,1006.6,4.45,4.51,20.8,26.6,0,0,7.400000000000002,-18.0,0.05999999999999961,-1.6999999999999318,2.0,16.56,29.7,1.56,7.328,12.5,13.14,-18.3,-1.7099999999999909,9.9,54.1,35.8,January,15.6
Adelaide,18.4,32.5,0.0,6.6,7.5,SSE,43.0,7.0,15.0,45.0,28.0,1006.1,1003.2,4.45,4.51,24.5,30.4,0,0,14.100000000000001,-17.0,0.05999999999999961,-2.8999999999999773,8.0,16.72,29.619999999999997,0.0,9.687999999999999,12.29,12.9,-16.5,-1.859999999999991,9.7,52.4,35.9,January,0.0
Adelaide,16.7,29.6,0.4,5.47,12.8,NE,28.0,9.0,17.0,64.0,40.0,1015.2,1014.4,4.45,4.51,19.6,28.2,0,0,12.900000000000002,-24.0,0.05999999999999961,-0.8000000000000682,8.0,17.04,29.660000000000004,0.0,9.801,11.68,12.620000000000001,-16.0,-2.079999999999984,9.0,51.9,35.9,January,0.0
Adelaide,19.5,32.0,0.0,12.4,9.5,WSW,37.0,6.0,22.0,40.0,35.0,1017.8,1018.4,4.45,4.51,25.5,29.3,0,0,12.5,-5.0,0.05999999999999961,0.6000000000000227,16.0,16.82,29.93,0.04,9.801,11.63,13.110000000000003,-16.4,-2.0899999999999865,8.0,52.2,35.8,January,0.4
Adelaide,15.8,31.8,0.0,8.0,12.8,SW,30.0,6.0,15.0,49.0,32.0,1021.2,1018.6,4.45,4.51,21.4,30.1,0,0,16.0,-17.0,0.05999999999999961,-2.6000000000000227,9.0,17.32,30.740000000000002,0.04,8.721,11.72,13.420000000000002,-15.9,-1.859999999999991,8.7,50.3,34.4,January,0.4
Adelaide,18.5,37.7,0.0,5.47,12.7,WSW,30.0,13.0,19.0,30.0,15.0,1017.5,1015.6,4.45,4.51,25.8,35.7,0,0,19.200000000000003,-15.0,0.05999999999999961,-1.8999999999999773,6.0,17.389999999999997,31.209999999999997,0.04,9.021,11.680000000000001,13.820000000000002,-16.7,-1.8399999999999863,8.3,49.6,32.9,January,0.4
Adelaide,25.8,42.5,0.0,5.47,12.9,SSW,31.0,11.0,15.0,16.0,10.0,1013.6,1013.3,4.45,4.51,33.1,41.5,0,0,16.7,-6.0,0.05999999999999961,-0.3000000000000682,4.0,17.919999999999998,32.120000000000005,0.04,8.908000000000001,11.610000000000001,14.2,-16.3,-1.8199999999999932,7.6,47.1,30.8,January,0.4
Adelaide,28.2,42.9,0.0,28.0,13.0,NW,48.0,15.0,20.0,23.0,15.0,1011.0,1007.8,4.45,4.51,35.3,42.4,0,0,14.7,-8.0,0.05999999999999961,-3.2000000000000455,5.0,18.8,32.67,0.04,8.755,11.55,13.87,-15.3,-1.5399999999999978,8.0,45.3,30.0,January,0.4
Adelaide,28.7,33.2,0.0,11.4,12.8,SSW,46.0,13.0,15.0,34.0,41.0,1006.3,1007.6,4.45,4.51,31.3,31.3,0,0,4.5000000000000036,7.0,0.05999999999999961,1.3000000000000682,2.0,19.47,34.04,0.04,10.694999999999999,11.52,14.570000000000002,-14.4,-1.9500000000000113,8.2,42.1,27.7,February,0.4
Adelaide,19.4,36.0,0.0,9.2,11.6,SW,28.0,4.0,9.0,53.0,36.0,1009.0,1007.5,4.45,4.51,24.3,34.4,0,0,16.6,-17.0,0.05999999999999961,-1.5,5.0,20.64,34.15,0.04,11.288,11.470000000000002,13.510000000000002,-12.1,-1.5299999999999954,7.1,40.7,28.6,February,0.4
Adelaide,23.6,32.7,0.0,7.0,2.4,W,26.0,6.0,9.0,52.0,44.0,1011.7,1010.7,4.45,4.51,25.5,30.6,0,0,9.100000000000001,-8.0,0.05999999999999961,-1.0,3.0,21.089999999999996,34.55,0.04,11.661,11.49,13.460000000000003,-12.0,-1.3,6.5,41.5,29.5,February,0.4
Adelaide,25.4,34.5,0.0,4.0,7.7,WSW,28.0,11.0,13.0,56.0,46.0,1009.2,1006.7,4.45,4.51,30.0,32.0,0,0,9.100000000000001,-10.0,0.05999999999999961,-2.5,2.0,21.46,35.09,0.04,9.901,10.8,13.63,-11.0,-1.2300000000000069,6.6,40.6,29.6,February,0.4
Adelaide,19.8,22.4,0.0,5.47,2.6,SW,39.0,19.0,15.0,67.0,61.0,1009.8,1011.6,4.45,4.51,21.1,20.7,0,0,2.599999999999998,-6.0,0.05999999999999961,1.8000000000000682,-4.0,22.16,35.290000000000006,0.04,9.641,10.82,13.13,-10.3,-1.190000000000009,6.0,41.7,31.4,February,0.4
Adelaide,12.1,22.7,0.0,5.47,12.9,SE,48.0,13.0,22.0,45.0,25.0,1024.7,1024.4,4.45,4.51,16.3,22.0,0,0,10.6,-20.0,0.05999999999999961,-0.2999999999999545,9.0,22.47,34.57,0.0,9.641,9.8,12.100000000000001,-8.5,-0.9299999999999955,4.8,42.0,33.5,February,0.0
Adelaide,14.6,27.2,0.0,17.8,12.9,E,37.0,15.0,17.0,34.0,19.0,1026.0,1021.7,4.45,4.51,18.4,26.2,0,0,12.6,-15.0,0.05999999999999961,-4.2999999999999545,2.0,21.729999999999997,33.64,0.0,8.947999999999999,10.139999999999999,11.91,-10.0,-1.0199999999999931,4.1,42.5,32.5,February,0.0
Adelaide,13.9,28.3,0.0,7.0,12.8,ESE,31.0,9.0,17.0,60.0,29.0,1022.9,1019.3,4.45,4.51,17.1,27.6,0,0,14.4,-31.0,0.05999999999999961,-3.6000000000000227,8.0,21.61,33.18,0.0,9.927999999999999,10.15,11.570000000000002,-9.8,-1.1899999999999864,3.4,41.0,31.2,February,0.0
Adelaide,15.9,33.0,0.0,7.6,10.2,NE,43.0,17.0,15.0,35.0,26.0,1019.0,1016.2,4.45,4.51,23.9,31.4,0,0,17.1,-9.0,0.05999999999999961,-2.7999999999999545,-2.0,21.15,32.239999999999995,0.0,10.081,10.16,11.09,-11.4,-1.359999999999991,3.6,44.0,32.6,February,0.0
Adelaide,21.5,37.5,0.0,6.8,6.4,WNW,39.0,13.0,20.0,41.0,26.0,1013.1,1010.8,4.45,4.51,28.2,36.3,0,0,16.0,-15.0,0.05999999999999961,-2.300000000000068,7.0,20.16,31.29,0.0,10.294,9.89,11.13,-11.7,-1.6099999999999794,3.0,45.9,34.2,February,0.0
Adelaide,22.8,24.7,0.4,6.0,2.0,SE,37.0,7.0,19.0,87.0,75.0,1012.4,1014.1,4.45,4.51,22.8,23.4,0,1,1.8999999999999986,-12.0,0.05999999999999961,1.7000000000000455,12.0,19.490000000000002,30.75,0.0,8.174,9.23,11.26,-12.4,-1.5199999999999818,3.2,47.7,35.3,February,0.0
Adelaide,16.4,22.0,12.2,5.47,2.4,SE,43.0,9.0,20.0,63.0,53.0,1021.4,1020.1,4.45,4.51,17.6,20.8,1,0,5.600000000000001,-10.0,0.05999999999999961,-1.2999999999999545,11.0,18.9,29.9,0.04,7.634,8.15,11.0,-14.3,-1.479999999999984,4.2,53.0,38.7,February,0.4
Adelaide,12.7,25.8,0.0,5.47,12.6,SE,31.0,11.0,13.0,60.0,39.0,1025.0,1022.1,4.45,4.51,15.7,24.2,0,0,13.100000000000001,-21.0,0.05999999999999961,-2.8999999999999773,2.0,18.6,28.5,1.26,7.261,7.2299999999999995,9.9,-13.6,-1.4599999999999795,4.8,54.0,40.4,February,12.6
Adelaide,15.5,27.5,0.0,16.2,10.0,SE,31.0,4.0,17.0,57.0,46.0,1022.2,1019.2,4.45,4.51,19.0,25.1,0,0,12.0,-11.0,0.05999999999999961,-3.0,13.0,17.509999999999998,27.810000000000002,1.26,7.108,8.25,10.3,-14.9,-1.6499999999999773,4.7,54.8,39.9,February,12.6
Adelaide,18.1,32.8,0.0,5.4,10.1,ENE,57.0,0.0,15.0,63.0,32.0,1016.5,1013.0,4.45,4.51,21.5,31.3,0,0,14.699999999999996,-31.0,0.05999999999999961,-3.5,15.0,16.520000000000003,27.110000000000003,1.26,8.328,8.48,10.59,-15.0,-1.6999999999999773,5.8,54.9,39.9,February,12.6
Adelaide,19.3,33.1,0.0,6.8,12.3,W,31.0,4.0,13.0,52.0,35.0,1013.3,1010.8,4.45,4.51,24.9,31.9,0,0,13.8,-17.0,0.05999999999999961,-2.5,9.0,16.35,28.15,1.26,8.321,9.23,11.8,-17.5,-2.229999999999984,7.7,54.5,37.0,February,12.6
Adelaide,18.9,30.9,0.0,7.4,7.3,WNW,30.0,9.0,20.0,75.0,40.0,1014.1,1011.7,4.45,4.51,20.9,29.6,0,1,12.0,-35.0,0.05999999999999961,-2.3999999999999773,11.0,17.07,29.190000000000005,1.26,8.454,9.17,12.120000000000001,-17.2,-2.4499999999999886,7.7,55.2,38.0,February,12.6
Adelaide,20.5,22.5,1.2,5.2,0.0,N,48.0,6.0,20.0,83.0,88.0,1011.4,1004.0,4.45,4.51,20.6,20.2,1,1,2.0,5.0,0.05999999999999961,-7.399999999999977,14.0,17.5,29.560000000000002,1.26,7.414,8.61,12.059999999999999,-19.2,-2.259999999999991,8.6,59.3,40.1,February,12.6
Adelaide,18.4,24.5,29.0,2.0,7.6,WSW,35.0,9.0,13.0,78.0,60.0,1008.6,1009.8,4.45,4.51,19.5,23.3,1,0,6.100000000000001,-18.0,0.05999999999999961,1.1999999999999318,4.0,18.16,28.98,1.38,7.234,7.33,10.82,-15.6,-2.6399999999999864,9.2,61.6,46.0,February,13.799999999999999
Adelaide,18.6,22.6,2.36,5.47,8.4,W,37.0,15.0,15.0,75.0,46.0,1015.4,1017.3,4.45,4.51,19.2,20.9,0,0,4.0,-29.0,0.05999999999999961,1.8999999999999773,0.0,18.41,28.130000000000003,4.279999999999999,6.6739999999999995,7.07,9.719999999999999,-16.5,-2.2399999999999975,9.8,65.9,49.4,February,42.8
Adelaide,14.8,22.3,0.4,10.6,10.6,SSE,41.0,13.0,19.0,50.0,45.0,1023.4,1022.9,4.45,4.51,16.2,21.3,0,0,7.5,-5.0,0.05999999999999961,-0.5,6.0,18.119999999999997,26.640000000000004,4.516,6.5409999999999995,7.2700000000000005,8.52,-17.9,-1.8199999999999932,9.1,69.3,51.4,February,45.16
Adelaide,13.1,24.6,0.0,5.8,12.4,ESE,35.0,9.0,13.0,57.0,37.0,1024.6,1022.0,4.45,4.51,16.5,24.4,0,0,11.500000000000002,-20.0,0.05999999999999961,-2.599999999999909,4.0,17.32,26.4,4.516,7.0009999999999994,8.129999999999999,9.08,-17.2,-2.039999999999998,8.5,65.6,48.4,February,45.16
Adelaide,15.8,30.2,0.0,6.2,12.3,ESE,37.0,11.0,13.0,53.0,41.0,1022.6,1018.7,4.45,4.51,20.5,28.4,0,0,14.399999999999999,-12.0,0.05999999999999961,-3.8999999999999773,2.0,16.990000000000002,26.660000000000004,3.2959999999999994,7.034000000000001,9.129999999999999,9.669999999999998,-18.2,-2.1699999999999933,7.8,65.0,46.8,February,32.959999999999994
Adelaide,17.2,33.7,0.0,5.2,12.1,ESE,30.0,9.0,13.0,43.0,26.0,1017.3,1014.0,4.45,4.51,25.1,32.1,0,0,16.500000000000004,-17.0,0.05999999999999961,-3.2999999999999545,4.0,17.3,27.1,3.2959999999999994,7.106999999999999,9.1,9.8,-17.3,-2.2699999999999934,7.8,64.3,47.0,February,32.959999999999994
Adelaide,21.0,34.6,0.0,7.4,4.3,E,28.0,7.0,15.0,52.0,23.0,1013.0,1010.3,4.45,4.51,23.7,34.1,0,0,13.600000000000001,-29.0,0.05999999999999961,-2.7000000000000455,8.0,17.47,27.72,3.2959999999999994,6.007,9.309999999999999,10.25,-17.9,-2.2999999999999887,6.9,62.9,45.0,February,32.959999999999994
Adelaide,22.2,35.4,0.0,5.47,5.1,NW,30.0,9.0,9.0,36.0,28.0,1007.9,1006.5,4.45,4.51,29.0,32.9,0,0,13.2,-8.0,0.05999999999999961,-1.3999999999999773,0.0,17.759999999999998,27.9,3.2959999999999994,6.207,8.73,10.14,-17.7,-2.219999999999993,6.2,61.8,44.1,February,32.959999999999994
Adelaide,22.7,31.8,0.0,5.47,12.1,SE,26.0,15.0,11.0,60.0,42.0,1007.4,1006.3,4.45,4.51,24.2,31.1,0,0,9.100000000000001,-18.0,0.05999999999999961,-1.1000000000000227,-4.0,18.05,28.130000000000003,3.2959999999999994,6.074,8.01,10.08,-16.8,-2.109999999999991,5.3,60.2,43.4,February,32.959999999999994
Adelaide,18.4,27.6,0.0,17.8,10.4,WSW,33.0,4.0,20.0,69.0,54.0,1009.5,1008.0,4.45,4.51,21.1,25.4,0,0,9.200000000000003,-15.0,0.05999999999999961,-1.5,16.0,18.43,28.22,3.2959999999999994,5.881,8.49,9.790000000000001,-15.1,-1.9799999999999955,3.8,58.7,43.6,February,32.959999999999994
Adelaide,15.8,22.0,0.0,6.4,9.4,SSE,43.0,13.0,22.0,58.0,39.0,1016.0,1017.4,4.45,4.51,17.4,20.2,0,0,6.199999999999999,-19.0,0.05999999999999961,1.3999999999999773,9.0,18.220000000000002,28.73,3.1759999999999997,7.141,9.53,10.510000000000002,-17.1,-1.3899999999999977,4.0,57.3,40.2,March,31.759999999999998
Adelaide,12.5,22.4,0.0,5.4,12.0,SE,41.0,11.0,15.0,41.0,33.0,1019.3,1017.1,4.45,4.51,15.5,21.6,0,0,9.899999999999999,-8.0,0.05999999999999961,-2.199999999999932,4.0,17.96,28.48,0.27599999999999963,7.581,9.709999999999999,10.520000000000001,-17.2,-1.3699999999999932,4.5,55.3,38.1,March,2.7599999999999962
Adelaide,11.2,24.3,0.0,5.4,11.9,SSW,33.0,9.0,17.0,58.0,43.0,1018.1,1016.1,4.45,4.51,16.6,22.9,0,0,13.100000000000001,-15.0,0.05999999999999961,-2.0,8.0,17.35,28.459999999999997,0.03999999999999965,7.574000000000001,10.07,11.110000000000001,-15.1,-1.779999999999984,4.9,51.9,36.8,March,0.39999999999999647
Adelaide,11.5,24.3,0.0,5.4,11.8,ESE,33.0,6.0,11.0,58.0,34.0,1018.7,1016.8,4.45,4.51,16.3,23.5,0,0,12.8,-24.0,0.05999999999999961,-1.900000000000091,5.0,16.990000000000002,28.660000000000004,0.0,7.054,10.2,11.670000000000002,-16.1,-1.9299999999999842,5.1,52.7,36.6,March,0.0
Adelaide,13.8,26.2,0.0,5.47,11.9,E,43.0,19.0,13.0,56.0,31.0,1020.6,1018.5,4.45,4.51,16.0,24.4,0,0,12.399999999999999,-25.0,0.05999999999999961,-2.1000000000000227,-6.0,16.830000000000002,28.630000000000003,0.0,7.014,10.14,11.8,-16.5,-1.8600000000000023,5.2,52.8,36.3,March,0.0
Adelaide,12.9,34.6,0.0,5.47,12.1,N,39.0,11.0,17.0,26.0,17.0,1017.5,1014.2,4.45,4.51,21.6,33.1,0,0,21.700000000000003,-9.0,0.05999999999999961,-3.2999999999999545,6.0,16.63,28.23,0.0,6.941,10.1,11.6,-17.8,-1.6800000000000068,4.4,53.1,35.3,March,0.0
Adelaide,21.6,34.9,0.0,19.6,6.5,N,57.0,13.0,22.0,37.0,26.0,1013.3,1009.3,4.45,4.51,28.6,34.0,0,1,13.299999999999997,-11.0,0.05999999999999961,-4.0,9.0,16.2,28.32,0.0,6.967999999999999,10.1,12.120000000000001,-17.0,-1.6800000000000068,4.6,51.4,34.4,March,0.0
Adelaide,21.4,23.2,30.2,5.4,0.0,N,22.0,9.0,9.0,94.0,95.0,1009.3,1008.2,4.45,4.51,22.7,22.2,1,1,1.8000000000000007,1.0,0.05999999999999961,-1.099999999999909,0.0,16.26,28.35,0.0,8.187999999999999,10.32,12.09,-15.2,-1.8100000000000023,4.7,49.9,34.7,March,0.0
Adelaide,16.8,22.1,15.2,1.2,3.8,WSW,39.0,9.0,17.0,78.0,61.0,1012.6,1012.6,4.45,4.51,17.8,20.5,1,0,5.300000000000001,-17.0,0.05999999999999961,0.0,8.0,16.18,27.130000000000003,3.0199999999999996,8.181000000000001,9.81,10.95,-14.3,-1.7799999999999954,4.7,55.7,41.4,March,30.199999999999996
Adelaide,14.9,21.6,0.0,4.2,7.1,SE,35.0,13.0,17.0,62.0,53.0,1016.3,1015.1,4.45,4.51,17.1,19.8,0,0,6.700000000000001,-9.0,0.05999999999999961,-1.1999999999999318,4.0,15.59,26.159999999999997,4.539999999999999,7.7540000000000004,8.98,10.57,-14.2,-1.6699999999999933,5.9,57.5,43.3,March,45.39999999999999
Adelaide,14.0,26.8,0.0,3.2,10.4,W,22.0,7.0,7.0,68.0,51.0,1015.6,1012.8,4.45,4.51,18.6,25.6,0,0,12.8,-17.0,0.05999999999999961,-2.800000000000068,0.0,15.24,25.56,4.539999999999999,6.394000000000001,8.65,10.32,-13.6,-1.6399999999999864,4.7,56.8,43.2,March,45.39999999999999
Adelaide,17.2,32.0,0.0,5.47,11.2,W,30.0,2.0,20.0,69.0,35.0,1015.0,1013.2,4.45,4.51,21.8,30.6,0,0,14.8,-34.0,0.05999999999999961,-1.7999999999999545,18.0,15.060000000000002,26.04,4.539999999999999,6.074,8.75,10.98,-13.4,-2.0599999999999907,3.8,57.8,44.4,March,45.39999999999999
Adelaide,19.3,28.3,0.0,5.47,4.5,SE,35.0,4.0,11.0,60.0,61.0,1016.8,1018.6,4.45,4.51,23.8,24.2,0,0,9.0,1.0,0.05999999999999961,1.8000000000000682,7.0,15.530000000000001,27.0,4.539999999999999,6.081,8.67,11.47,-16.0,-2.0199999999999934,5.2,60.6,44.6,March,45.39999999999999
Adelaide,15.4,27.1,0.0,12.2,11.0,E,28.0,9.0,11.0,62.0,50.0,1022.1,1019.0,4.45,4.51,17.8,26.8,0,0,11.700000000000001,-12.0,0.05999999999999961,-3.1000000000000227,2.0,16.34,27.4,4.539999999999999,6.088,7.93,11.059999999999999,-14.4,-1.6399999999999864,5.1,60.8,46.4,March,45.39999999999999
Adelaide,17.8,29.0,0.0,4.2,11.0,SSE,35.0,0.0,17.0,56.0,52.0,1018.3,1016.9,4.45,4.51,23.5,27.9,0,0,11.2,-4.0,0.05999999999999961,-1.3999999999999773,17.0,16.729999999999997,27.68,4.539999999999999,6.768000000000001,7.85,10.95,-13.2,-1.7599999999999796,4.8,61.2,48.0,March,45.39999999999999
Adelaide,14.9,25.2,0.0,5.6,11.0,W,40.04,9.0,9.0,59.0,35.0,1021.6,1019.1,4.45,4.51,17.4,24.8,0,0,10.299999999999999,-24.0,0.05999999999999961,-2.5,0.0,17.130000000000003,27.96,4.539999999999999,6.641,7.76,10.830000000000002,-11.1,-1.689999999999975,7.1,61.2,50.1,March,45.39999999999999
Adelaide,16.0,24.4,0.0,5.2,6.2,ESE,35.0,11.0,9.0,58.0,42.0,1021.1,1018.9,4.45,4.51,16.8,23.3,0,0,8.399999999999999,-16.0,0.05999999999999961,-2.2000000000000455,-2.0,17.330000000000002,27.02,4.539999999999999,6.654000000000001,7.65,9.690000000000001,-12.6,-1.6099999999999794,6.5,64.5,51.9,March,45.39999999999999
Adelaide,16.7,23.1,0.0,7.2,2.8,W,40.04,2.0,13.0,51.0,42.0,1016.8,1013.2,4.45,4.51,18.3,21.6,0,0,6.400000000000002,-9.0,0.05999999999999961,-3.599999999999909,11.0,16.77,25.97,4.539999999999999,5.214,7.62,9.2,-13.1,-1.4299999999999842,5.4,66.6,53.5,March,45.39999999999999
Adelaide,15.1,27.2,0.0,5.47,10.8,NE,33.0,4.0,13.0,49.0,23.0,1011.3,1008.5,4.45,4.51,18.4,26.9,0,0,12.1,-26.0,0.05999999999999961,-2.7999999999999545,9.0,16.3,25.96,1.5199999999999996,5.394,7.9,9.66,-14.1,-1.6799999999999842,6.5,62.3,48.2,March,15.199999999999996
Adelaide,18.4,24.6,0.0,5.47,1.1,NE,31.0,6.0,11.0,50.0,82.0,1005.7,1004.1,4.45,4.51,22.8,22.4,0,1,6.200000000000003,32.0,0.05999999999999961,-1.6000000000000227,5.0,16.13,26.47,0.0,5.821,8.6,10.34,-15.0,-1.9599999999999795,6.6,59.4,44.4,March,0.0
Adelaide,17.5,22.0,11.6,7.4,2.4,SSE,39.0,15.0,13.0,85.0,77.0,1004.7,1006.4,4.45,4.51,18.4,19.8,1,0,4.5,-8.0,0.05999999999999961,1.6999999999999318,-2.0,16.479999999999997,26.77,0.0,5.948,8.0,10.290000000000001,-10.9,-1.9999999999999887,6.7,58.2,47.3,March,0.0
Adelaide,16.5,21.4,0.2,2.0,3.9,SW,39.0,9.0,20.0,81.0,68.0,1009.7,1009.4,4.45,4.51,17.6,20.1,0,1,4.899999999999999,-13.0,0.05999999999999961,-0.3000000000000682,11.0,16.83,26.29,1.1599999999999997,6.368,7.2,9.459999999999999,-10.0,-1.5499999999999887,6.5,59.9,49.9,March,11.599999999999996
Adelaide,14.3,18.1,8.2,3.0,0.0,W,59.0,22.0,28.0,94.0,93.0,1008.5,1006.9,4.45,4.51,14.4,17.1,1,1,3.8000000000000007,-1.0,0.05999999999999961,-1.6000000000000227,6.0,16.759999999999998,25.229999999999997,1.1799999999999995,6.021,6.470000000000001,8.47,-7.9,-1.4,5.8,61.1,53.2,March,11.799999999999995
Adelaide,14.2,18.7,15.6,1.2,3.9,WSW,44.0,20.0,20.0,76.0,53.0,1014.3,1016.5,4.45,4.51,15.9,17.9,1,0,4.5,-23.0,0.05999999999999961,2.2000000000000455,0.0,16.259999999999998,24.21,1.9999999999999993,5.774,6.02,7.95,-8.1,-1.740000000000009,5.7,64.5,56.4,March,19.999999999999993
Adelaide,14.1,20.8,0.6,2.2,7.1,SSE,33.0,9.0,15.0,72.0,43.0,1021.5,1022.5,4.45,4.51,16.4,20.2,0,0,6.700000000000001,-29.0,0.05999999999999961,1.0,6.0,16.14,23.369999999999997,3.5599999999999996,4.674,5.3100000000000005,7.2299999999999995,-9.2,-1.2100000000000022,5.5,65.9,56.7,March,35.599999999999994
Adelaide,13.4,19.9,0.2,5.47,6.3,SSE,41.0,11.0,15.0,61.0,48.0,1027.2,1025.3,4.45,4.51,14.6,19.1,0,0,6.499999999999998,-13.0,0.05999999999999961,-1.900000000000091,4.0,15.77,22.55,3.6199999999999997,4.473999999999999,4.92,6.779999999999999,-11.7,-0.9700000000000045,4.4,67.5,55.8,March,36.199999999999996
Adelaide,14.0,21.8,0.0,5.47,6.3,SE,28.0,11.0,7.0,73.0,52.0,1027.5,1024.5,4.45,4.51,14.2,20.2,0,0,7.800000000000001,-21.0,0.05999999999999961,-3.0,-4.0,15.62,22.02,3.6399999999999992,4.461,4.45,6.4,-10.6,-0.9100000000000137,4.8,67.7,57.1,March,36.39999999999999
Adelaide,11.7,26.0,0.0,10.8,8.6,NNE,28.0,0.0,9.0,78.0,44.0,1024.4,1021.2,4.45,4.51,15.9,24.5,0,0,14.3,-34.0,0.05999999999999961,-3.2000000000000455,9.0,15.419999999999998,21.759999999999998,3.6399999999999992,4.488,4.46,6.340000000000001,-11.1,-0.9900000000000091,4.6,69.2,58.1,March,36.39999999999999
Adelaide,14.0,29.1,0.0,2.6,10.6,NW,31.0,6.0,13.0,72.0,34.0,1020.2,1017.4,4.45,4.51,17.8,28.8,0,0,15.100000000000001,-38.0,0.05999999999999961,-2.800000000000068,7.0,14.920000000000002,22.05,3.6399999999999992,4.848,5.039999999999999,7.130000000000001,-13.6,-0.9500000000000227,4.4,71.9,58.3,March,36.39999999999999
Adelaide,14.3,21.1,0.0,4.4,5.8,SE,37.0,9.0,11.0,64.0,55.0,1022.7,1022.2,4.45,4.51,16.2,20.1,0,0,6.800000000000001,-9.0,0.05999999999999961,-0.5,2.0,14.810000000000002,22.240000000000002,3.6399999999999992,4.561,5.02,7.4300000000000015,-14.8,-0.9500000000000342,4.2,74.2,59.4,March,36.39999999999999
Adelaide,10.8,20.3,0.0,3.6,10.7,E,28.0,0.0,9.0,64.0,38.0,1029.7,1026.2,4.45,4.51,12.8,19.8,0,1,9.5,-26.0,0.05999999999999961,-3.5,9.0,14.4,21.889999999999997,3.6399999999999992,4.454,5.49,7.49,-18.9,-0.8400000000000318,3.9,75.6,56.7,March,36.39999999999999
Adelaide,14.9,17.6,3.8,5.47,0.0,ESE,24.0,6.0,9.0,91.0,74.0,1019.2,1017.3,4.45,4.51,15.6,17.2,1,1,2.700000000000001,-17.0,0.05999999999999961,-1.900000000000091,3.0,13.73,21.72,2.4799999999999995,4.074,6.319999999999999,7.99,-20.7,-1.360000000000025,5.0,73.5,52.8,May,24.799999999999994
Adelaide,9.0,20.6,2.4,1.2,9.4,SW,26.0,7.0,6.0,69.0,48.0,1019.8,1017.5,4.45,4.51,15.5,19.8,1,0,11.600000000000001,-21.0,0.05999999999999961,-2.2999999999999545,-1.0,13.570000000000002,21.34,2.839999999999999,4.421,5.93,7.7700000000000005,-21.1,-1.5200000000000273,4.2,74.5,53.4,May,28.39999999999999
Adelaide,8.5,19.3,0.0,2.0,9.3,WSW,26.0,9.0,17.0,70.0,55.0,1021.8,1020.6,4.45,4.51,14.7,18.7,0,0,10.8,-15.0,0.05999999999999961,-1.1999999999999318,8.0,13.040000000000001,21.59,2.26,4.2410000000000005,6.87,8.55,-23.1,-1.5900000000000205,3.5,72.0,48.9,May,22.599999999999998
Adelaide,10.0,18.3,0.0,1.6,5.5,SW,30.0,6.0,11.0,64.0,70.0,1025.2,1024.4,4.45,4.51,15.6,16.9,0,0,8.3,6.0,0.05999999999999961,-0.7999999999999545,5.0,12.47,21.65,0.6999999999999996,4.321,7.409999999999999,9.18,-22.3,-1.9300000000000181,4.3,71.4,49.1,May,6.9999999999999964
Adelaide,8.2,17.5,0.2,1.4,3.4,SE,24.0,2.0,6.0,68.0,49.0,1028.5,1025.4,4.45,4.51,14.7,17.1,0,0,9.3,-19.0,0.05999999999999961,-3.099999999999909,4.0,12.059999999999999,21.4,0.6399999999999997,4.261,7.25,9.34,-18.8,-2.1100000000000136,4.2,70.6,51.8,May,6.399999999999997
Adelaide,8.8,19.2,0.0,1.2,8.0,WSW,20.0,6.0,9.0,60.0,44.0,1024.9,1021.6,4.45,4.51,13.2,18.4,0,0,10.399999999999999,-16.0,0.05999999999999961,-3.300000000000068,3.0,11.54,21.160000000000004,0.6399999999999996,3.8540000000000005,6.959999999999999,9.620000000000001,-19.4,-2.2299999999999955,4.2,71.3,51.9,May,6.399999999999996
Adelaide,7.9,20.2,0.0,5.47,7.4,WNW,22.0,6.0,7.0,61.0,44.0,1018.8,1015.7,4.45,4.51,13.9,18.9,0,0,12.299999999999999,-17.0,0.05999999999999961,-3.099999999999909,1.0,11.02,20.9,0.6399999999999996,3.4269999999999996,7.13,9.879999999999999,-18.9,-2.2600000000000025,4.9,70.0,51.1,May,6.399999999999996
Adelaide,10.5,20.7,0.0,5.47,8.3,SE,31.0,4.0,15.0,71.0,54.0,1017.9,1016.9,4.45,4.51,14.4,19.0,0,0,10.2,-17.0,0.05999999999999961,-1.0,11.0,10.64,20.32,0.6399999999999996,2.8939999999999997,7.010000000000001,9.680000000000001,-17.2,-2.2499999999999885,4.1,68.3,51.1,May,6.399999999999996
Adelaide,9.6,15.4,0.0,6.2,1.6,SE,41.0,7.0,19.0,54.0,45.0,1025.1,1023.4,4.45,4.51,12.5,14.5,0,0,5.800000000000001,-9.0,0.05999999999999961,-1.6999999999999318,12.0,10.290000000000001,19.48,0.6399999999999996,3.181,6.779999999999999,9.190000000000001,-15.1,-2.0699999999999816,4.5,68.2,53.1,May,6.399999999999996
Adelaide,7.6,18.1,0.0,1.4,2.1,W,39.0,11.0,11.0,64.0,52.0,1023.6,1019.3,4.45,4.51,10.8,16.4,0,1,10.500000000000002,-12.0,0.05999999999999961,-4.300000000000068,0.0,9.819999999999999,18.91,0.6399999999999996,3.3609999999999998,6.36,9.09,-15.1,-2.189999999999975,5.5,67.2,52.1,May,6.399999999999996
Adelaide,9.4,16.0,5.2,1.0,2.7,SW,46.0,17.0,20.0,78.0,67.0,1020.3,1017.8,4.45,4.51,12.9,15.3,1,1,6.6,-11.0,0.05999999999999961,-2.5,3.0,9.5,18.69,0.6399999999999996,3.1409999999999996,5.5,9.190000000000001,-13.7,-2.269999999999982,4.6,67.2,53.5,May,6.399999999999996
Adelaide,11.4,17.1,13.0,1.0,2.7,W,48.0,17.0,20.0,85.0,69.0,1019.9,1018.9,4.45,4.51,15.3,16.4,1,1,5.700000000000001,-16.0,0.05999999999999961,-1.0,3.0,8.95,18.53,0.7799999999999996,2.694,5.7700000000000005,9.58,-13.1,-2.3299999999999725,4.6,65.9,52.8,May,7.799999999999996
Adelaide,11.2,17.2,4.4,2.0,4.9,SW,41.0,17.0,19.0,84.0,64.0,1020.5,1020.0,4.45,4.51,14.6,16.6,1,0,6.0,-20.0,0.05999999999999961,-0.5,2.0,9.190000000000001,18.18,1.8399999999999999,2.674,5.1000000000000005,8.99,-12.6,-2.199999999999977,5.0,67.5,54.9,May,18.4
Adelaide,10.6,16.6,0.6,5.47,2.1,SSE,26.0,0.0,9.0,64.0,52.0,1029.6,1028.9,4.45,4.51,12.9,15.6,0,0,6.000000000000002,-12.0,0.05999999999999961,-0.6999999999998181,9.0,9.46,17.970000000000002,2.28,2.674,4.66,8.510000000000002,-13.1,-2.129999999999984,4.4,68.9,55.8,May,22.799999999999997
Adelaide,10.9,17.1,0.0,5.47,2.7,SSW,22.0,0.0,9.0,63.0,54.0,1034.7,1033.2,4.45,4.51,12.7,15.4,0,0,6.200000000000001,-9.0,0.05999999999999961,-1.5,9.0,9.52,17.8,2.34,3.061,4.32,8.28,-14.9,-2.1199999999999704,4.8,68.9,54.0,May,23.4
Adelaide,5.2,16.6,0.0,3.6,8.8,NE,26.0,0.0,6.0,66.0,44.0,1034.6,1030.6,4.45,4.51,10.6,16.2,0,0,11.400000000000002,-22.0,0.05999999999999961,-4.0,6.0,9.790000000000001,17.759999999999998,2.32,3.468,4.25,7.970000000000001,-13.9,-1.9599999999999795,5.3,68.4,54.5,May,23.2
Adelaide,9.5,18.7,0.0,1.8,8.3,NNE,33.0,13.0,13.0,47.0,33.0,1030.4,1026.3,4.45,4.51,13.1,18.2,0,0,9.2,-14.0,0.05999999999999961,-4.100000000000136,0.0,9.430000000000001,17.5,2.32,3.7079999999999997,4.33,8.070000000000002,-14.5,-2.0299999999999727,5.6,69.0,54.5,May,23.2
Adelaide,11.8,21.9,0.0,2.4,4.3,NE,24.0,9.0,13.0,34.0,23.0,1026.8,1023.1,4.45,4.51,15.1,21.0,0,0,10.099999999999998,-11.0,0.05999999999999961,-3.699999999999932,4.0,9.59,17.35,2.32,3.3409999999999997,4.42,7.76,-14.2,-2.1299999999999955,5.5,67.6,53.4,May,23.2
Adelaide,15.0,24.9,0.0,3.0,4.1,N,31.0,9.0,15.0,33.0,24.0,1024.8,1022.6,4.45,4.51,17.7,23.0,0,0,9.899999999999999,-9.0,0.05999999999999961,-2.199999999999932,6.0,9.72,17.47,2.32,3.034,4.0200000000000005,7.750000000000002,-13.6,-2.399999999999989,4.8,63.9,50.3,May,23.2
Adelaide,11.7,24.0,0.0,2.2,6.2,NNE,22.0,6.0,11.0,36.0,24.0,1022.5,1018.3,4.45,4.51,17.8,22.9,0,0,12.3,-12.0,0.05999999999999961,-4.2000000000000455,5.0,10.260000000000002,18.419999999999998,2.32,2.714,4.27,8.16,-13.6,-2.4499999999999886,4.2,61.8,48.2,May,23.2
Adelaide,14.5,24.8,0.0,5.47,0.7,N,57.0,15.0,20.0,36.0,27.0,1015.5,1010.6,4.45,4.51,20.4,23.9,0,1,10.3,-9.0,0.05999999999999961,-4.899999999999977,5.0,10.669999999999998,19.009999999999998,2.32,2.7939999999999996,4.680000000000001,8.34,-13.6,-2.439999999999986,4.7,59.0,45.4,May,23.2
Adelaide,13.4,15.8,9.2,5.47,0.8,SW,74.0,24.0,30.0,79.0,91.0,1004.8,997.6,4.45,4.51,14.4,14.5,1,1,2.4000000000000004,12.0,0.05999999999999961,-7.199999999999932,6.0,11.180000000000001,19.89,1.8,3.2409999999999997,4.48,8.71,-13.4,-2.679999999999984,4.9,54.8,41.4,May,18.0
Adelaide,12.3,14.5,8.0,6.4,3.0,SW,56.0,17.0,22.0,71.0,72.0,1010.0,1011.3,4.45,4.51,13.9,12.0,1,1,2.1999999999999993,1.0,0.05999999999999961,1.2999999999999545,5.0,11.379999999999999,19.76,1.4199999999999995,3.6879999999999997,4.29,8.379999999999999,-10.6,-3.299999999999977,5.2,54.2,43.6,May,14.199999999999996
Adelaide,10.7,14.6,11.4,1.2,3.6,SSE,44.0,13.0,13.0,63.0,74.0,1018.8,1019.7,4.45,4.51,12.5,12.2,1,0,3.9000000000000004,11.0,0.05999999999999961,0.900000000000091,0.0,11.489999999999998,19.49,1.7799999999999998,4.127999999999999,4.1,8.0,-8.5,-3.119999999999982,5.5,52.9,44.4,May,17.799999999999997
Adelaide,7.5,14.4,1.0,1.2,2.3,SSE,31.0,0.0,15.0,88.0,62.0,1025.9,1024.2,4.45,4.51,9.9,13.1,0,0,6.9,-26.0,0.05999999999999961,-1.7000000000000455,15.0,11.5,19.29,2.8599999999999994,3.7009999999999996,4.25,7.790000000000001,-6.2,-2.959999999999991,4.6,52.8,46.6,May,28.599999999999994
Adelaide,9.7,15.5,0.6,0.6,3.2,SW,28.0,4.0,7.0,76.0,80.0,1025.9,1024.1,4.45,4.51,12.2,13.9,0,1,5.800000000000001,4.0,0.05999999999999961,-1.800000000000182,3.0,11.16,19.02,2.9599999999999995,3.274,4.21,7.859999999999999,-7.9,-2.9799999999999955,5.2,55.3,47.4,May,29.599999999999994
Adelaide,11.2,15.5,1.4,0.8,2.3,SSW,22.0,0.0,13.0,87.0,70.0,1025.4,1023.7,4.45,4.51,12.4,14.7,1,0,4.300000000000001,-17.0,0.05999999999999961,-1.7000000000000455,13.0,11.61,18.910000000000004,3.0199999999999996,2.9739999999999998,3.65,7.3,-5.3,-2.7600000000000136,4.9,56.3,51.0,May,30.199999999999996
Adelaide,6.1,15.6,0.6,5.47,3.9,NNW,15.0,0.0,4.0,80.0,59.0,1026.3,1023.8,4.45,4.51,10.8,15.0,0,0,9.5,-21.0,0.05999999999999961,-2.5,4.0,11.78,18.589999999999996,3.1599999999999993,2.8739999999999997,3.05,6.81,-5.6,-2.5200000000000045,6.2,60.3,54.7,May,31.599999999999994
Adelaide,9.0,16.8,0.0,5.47,7.2,SW,28.0,7.0,19.0,79.0,71.0,1027.2,1025.5,4.45,4.51,13.0,14.8,0,0,7.800000000000001,-8.0,0.05999999999999961,-1.7000000000000455,12.0,11.209999999999999,17.96,3.2199999999999998,3.181,3.0100000000000002,6.75,-6.6,-2.4000000000000115,6.2,64.9,58.3,May,32.199999999999996
Adelaide,8.1,16.9,0.0,2.4,7.8,SSE,20.0,2.0,6.0,69.0,52.0,1028.4,1025.9,4.45,4.51,13.0,15.5,0,0,8.799999999999999,-17.0,0.05999999999999961,-2.5,4.0,10.61,17.15,3.2199999999999998,3.428,3.3200000000000003,6.540000000000001,-6.5,-2.3500000000000227,6.8,69.5,63.0,May,32.199999999999996
Adelaide,5.3,15.3,0.0,1.6,3.2,ENE,20.0,4.0,9.0,72.0,53.0,1025.2,1023.1,4.45,4.51,10.3,15.2,0,0,10.0,-19.0,0.05999999999999961,-2.1000000000000227,5.0,10.25,16.44,3.2199999999999998,3.4479999999999995,3.4799999999999995,6.1899999999999995,-7.0,-2.1800000000000184,6.7,72.8,65.8,May,32.199999999999996
Adelaide,3.7,18.8,0.0,0.8,9.0,N,26.0,6.0,9.0,71.0,40.0,1025.6,1023.5,4.45,4.51,10.4,17.9,0,0,15.100000000000001,-31.0,0.05999999999999961,-2.099999999999909,3.0,9.330000000000002,15.49,3.2199999999999998,3.0609999999999995,3.7299999999999995,6.16,-8.0,-1.9000000000000228,6.7,76.4,68.4,June,32.199999999999996
Adelaide,5.9,20.6,0.0,1.0,7.3,NW,33.0,9.0,13.0,64.0,41.0,1023.0,1018.4,4.45,4.51,13.7,19.4,0,0,14.700000000000001,-23.0,0.05999999999999961,-4.600000000000023,4.0,8.36,15.790000000000001,2.3,2.594,4.55,7.4300000000000015,-12.3,-1.3900000000000206,6.4,75.6,63.3,June,23.0
Adelaide,13.6,17.0,0.0,4.4,0.0,WSW,28.0,7.0,11.0,57.0,88.0,1017.8,1015.5,4.45,4.51,14.8,15.7,0,1,3.4000000000000004,31.0,0.05999999999999961,-2.2999999999999545,4.0,7.720000000000001,16.4,1.4999999999999996,2.054,4.9799999999999995,8.680000000000001,-14.7,-1.9800000000000182,6.3,74.9,60.2,June,14.999999999999996
Adelaide,10.2,16.6,4.4,5.47,7.2,WSW,26.0,6.0,13.0,87.0,51.0,1019.2,1018.4,4.45,4.51,13.0,15.3,1,0,6.400000000000002,-36.0,0.05999999999999961,-0.8000000000000682,7.0,8.01,16.639999999999997,0.35999999999999965,2.3739999999999997,4.619999999999999,8.629999999999999,-12.7,-2.300000000000023,6.7,74.3,61.6,June,3.5999999999999965
Adelaide,9.7,17.6,2.36,5.47,6.7,WNW,52.0,11.0,24.0,78.0,55.0,1017.6,1015.2,4.45,4.51,11.9,17.2,0,1,7.900000000000002,-23.0,0.05999999999999961,-2.3999999999999773,13.0,8.28,16.860000000000003,0.6999999999999996,2.8009999999999997,5.11,8.580000000000002,-13.7,-2.210000000000025,5.9,74.2,60.5,June,6.9999999999999964
Adelaide,10.0,15.4,4.0,2.4,0.0,WNW,22.0,6.0,13.0,82.0,55.0,1021.3,1019.4,4.45,4.51,10.9,14.4,1,0,5.4,-27.0,0.05999999999999961,-1.8999999999999773,7.0,8.28,17.07,0.8759999999999997,3.2879999999999994,5.46,8.790000000000001,-16.4,-2.2700000000000045,6.9,74.4,58.0,June,8.759999999999996
Adelaide,9.5,14.8,1.0,0.6,4.2,SW,41.0,15.0,15.0,70.0,57.0,1021.7,1021.6,4.45,4.51,12.9,13.4,0,1,5.300000000000001,-13.0,0.05999999999999961,-0.10000000000002274,0.0,8.16,17.06,1.1359999999999997,3.4479999999999995,5.23,8.9,-17.4,-2.289999999999998,6.3,73.9,56.5,June,11.359999999999996
Adelaide,4.0,14.4,1.4,1.4,7.8,SSE,41.0,2.0,17.0,80.0,57.0,1028.3,1026.7,4.45,4.51,8.8,13.5,1,0,10.4,-23.0,0.05999999999999961,-1.599999999999909,15.0,8.5,16.979999999999997,1.1759999999999997,2.961,5.26,8.48,-16.6,-2.05,5.9,72.9,56.3,June,11.759999999999996
Adelaide,8.2,13.1,0.2,0.8,2.6,SW,26.0,6.0,19.0,87.0,90.0,1028.6,1026.2,4.45,4.51,10.5,12.0,0,0,4.9,3.0,0.05999999999999961,-2.3999999999998636,13.0,8.0,16.740000000000002,1.3159999999999996,2.554,5.32,8.74,-18.1,-2.0399999999999863,6.2,73.0,54.9,June,13.159999999999997
Adelaide,6.5,14.9,0.4,0.4,4.5,SSE,31.0,2.0,20.0,83.0,66.0,1028.9,1027.7,4.45,4.51,10.4,14.0,0,0,8.4,-17.0,0.05999999999999961,-1.2000000000000455,18.0,8.010000000000002,16.36,1.3359999999999996,2.3939999999999997,4.8,8.350000000000001,-16.1,-2.0299999999999727,7.1,74.8,58.7,June,13.359999999999996
Adelaide,10.4,13.8,0.0,5.47,2.9,SE,35.0,13.0,19.0,51.0,51.0,1032.1,1030.4,4.45,4.51,11.5,12.9,0,0,3.4000000000000004,0.0,0.05999999999999961,-1.699999999999818,6.0,8.129999999999999,16.32,1.3759999999999997,2.2739999999999996,4.93,8.190000000000001,-15.9,-1.939999999999975,8.4,75.9,60.0,June,13.759999999999996
Adelaide,6.7,15.3,0.0,5.47,4.7,SSE,37.0,6.0,19.0,72.0,49.0,1032.2,1029.2,4.45,4.51,11.7,14.1,0,0,8.600000000000001,-23.0,0.05999999999999961,-3.0,13.0,8.8,15.820000000000002,1.3759999999999997,2.7409999999999997,4.32,7.0200000000000005,-12.8,-1.899999999999966,8.7,73.9,61.1,June,13.759999999999996
Adelaide,7.8,14.1,0.0,5.47,2.2,SE,33.0,17.0,11.0,63.0,46.0,1030.0,1027.5,4.45,4.51,10.2,12.9,0,0,6.3,-17.0,0.05999999999999961,-2.5,-6.0,8.879999999999999,15.290000000000003,1.3759999999999997,3.1879999999999997,4.0600000000000005,6.410000000000001,-12.8,-1.7399999999999636,9.6,74.7,61.9,June,13.759999999999996
Adelaide,3.6,16.0,0.0,5.8,9.0,ENE,24.0,7.0,9.0,71.0,47.0,1029.5,1026.6,4.45,4.51,10.1,15.2,0,0,12.4,-24.0,0.05999999999999961,-2.900000000000091,2.0,8.3,15.000000000000004,1.3759999999999997,3.2949999999999995,4.28,6.700000000000001,-17.6,-1.7599999999999683,8.6,75.3,57.7,June,13.759999999999996
Adelaide,3.7,16.6,0.0,1.2,7.8,NW,24.0,6.0,11.0,82.0,46.0,1028.0,1024.2,4.45,4.51,8.4,16.1,0,0,12.900000000000002,-36.0,0.05999999999999961,-3.7999999999999545,5.0,7.640000000000001,14.940000000000001,0.9359999999999996,3.3279999999999994,4.46,7.3,-16.4,-1.9699999999999704,8.1,73.7,57.3,June,9.359999999999996
Adelaide,7.3,16.6,0.0,1.4,4.9,NNW,48.0,11.0,22.0,50.0,40.0,1020.5,1014.3,4.45,4.51,10.9,15.7,0,1,9.3,-10.0,0.05999999999999961,-6.2000000000000455,11.0,7.039999999999999,14.84,0.6999999999999996,2.901,4.569999999999999,7.8,-17.7,-2.1099999999999683,7.3,74.1,56.4,June,6.9999999999999964
Adelaide,10.8,15.6,3.0,1.4,2.2,SW,48.0,17.0,15.0,53.0,74.0,1018.1,1019.1,4.45,4.51,14.1,14.3,1,1,4.799999999999999,21.0,0.05999999999999961,1.0,-2.0,6.7700000000000005,14.959999999999999,0.29999999999999966,2.8009999999999993,5.0600000000000005,8.190000000000001,-16.0,-2.539999999999975,7.7,70.9,54.9,June,2.9999999999999964
Adelaide,10.4,16.7,1.6,5.47,1.8,WNW,33.0,7.0,9.0,94.0,74.0,1021.3,1019.0,4.45,4.51,11.8,15.0,1,0,6.299999999999999,-20.0,0.05999999999999961,-2.2999999999999545,2.0,6.9,15.040000000000001,0.49999999999999967,2.881,4.86,8.139999999999999,-12.6,-2.4299999999999726,7.5,69.2,56.6,June,4.9999999999999964
Adelaide,11.7,18.5,0.2,5.47,3.2,NW,50.0,17.0,19.0,77.0,60.0,1015.2,1012.2,4.45,4.51,13.0,16.4,0,1,6.800000000000001,-17.0,0.05999999999999961,-3.0,2.0,7.540000000000001,15.270000000000001,0.5199999999999997,3.2879999999999994,4.26,7.730000000000001,-12.3,-2.4999999999999774,6.2,70.6,58.3,June,5.199999999999997
Adelaide,9.7,17.1,1.8,2.8,1.3,NW,74.0,24.0,30.0,77.0,59.0,1011.0,1005.0,4.45,4.51,13.2,16.6,1,1,7.400000000000002,-18.0,0.05999999999999961,-6.0,6.0,7.889999999999999,15.810000000000002,0.5199999999999997,3.755,4.32,7.92,-14.3,-2.5599999999999907,5.1,69.6,55.3,June,5.199999999999997
Adelaide,8.8,13.8,14.2,2.0,6.3,WSW,56.0,7.0,20.0,64.0,55.0,1010.5,1012.8,4.45,4.51,10.5,13.1,1,1,5.0,-9.0,0.05999999999999961,2.2999999999999545,13.0,8.209999999999999,16.03,0.6599999999999997,3.995,4.000000000000001,7.820000000000002,-14.4,-3.0399999999999863,3.9,69.0,54.6,June,6.599999999999997
Adelaide,9.8,16.1,2.0,1.4,1.5,W,39.0,11.0,17.0,83.0,82.0,1018.7,1018.2,4.45,4.51,13.0,15.3,1,1,6.300000000000001,-1.0,0.05999999999999961,-0.5,6.0,8.05,16.03,2.0799999999999996,3.6480000000000006,4.34,7.980000000000001,-15.3,-2.640000000000009,4.6,70.3,55.0,June,20.799999999999997
Adelaide,11.5,14.7,2.8,0.4,0.2,WNW,28.0,7.0,15.0,96.0,87.0,1023.9,1023.5,4.45,4.51,13.4,14.5,1,0,3.1999999999999993,-9.0,0.05999999999999961,-0.39999999999997726,8.0,8.36,16.11,2.28,3.2409999999999997,4.0200000000000005,7.750000000000002,-13.1,-2.390000000000009,3.9,71.4,58.3,June,22.799999999999997
Adelaide,9.8,18.0,0.2,0.6,9.2,N,28.0,9.0,15.0,67.0,51.0,1027.3,1025.6,4.45,4.51,13.4,17.2,0,0,8.2,-16.0,0.05999999999999961,-1.7000000000000455,6.0,8.73,16.169999999999998,2.5599999999999996,2.734,3.8200000000000003,7.44,-12.3,-2.180000000000007,5.3,74.7,62.4,June,25.599999999999998
Adelaide,8.3,17.7,0.0,5.47,9.3,NNW,43.0,13.0,22.0,52.0,37.0,1026.5,1022.7,4.45,4.51,13.0,17.5,0,0,9.399999999999999,-15.0,0.05999999999999961,-3.7999999999999545,9.0,9.35,16.369999999999997,2.5799999999999996,2.2139999999999995,3.84,7.0200000000000005,-11.5,-2.0600000000000023,5.7,74.3,62.8,June,25.799999999999997
Adelaide,10.2,17.6,0.0,5.47,2.8,NNE,26.0,11.0,7.0,50.0,56.0,1024.2,1023.4,4.45,4.51,13.0,17.2,0,0,7.400000000000002,6.0,0.05999999999999961,-0.8000000000000682,-4.0,9.81,16.48,2.5799999999999996,2.6409999999999996,3.9899999999999998,6.67,-9.4,-2.0600000000000023,6.1,71.3,61.9,June,25.799999999999997
Adelaide,4.7,17.5,0.0,4.4,8.6,ENE,28.0,6.0,9.0,83.0,45.0,1031.1,1029.5,4.45,4.51,9.4,17.2,0,0,12.8,-38.0,0.05999999999999961,-1.599999999999909,3.0,10.1,16.580000000000002,2.5799999999999996,3.0479999999999996,3.78,6.480000000000001,-7.8,-1.5200000000000045,4.6,71.3,63.5,June,25.799999999999997
Adelaide,6.7,17.1,0.0,1.2,9.2,NNE,33.0,11.0,13.0,58.0,41.0,1032.5,1029.2,4.45,4.51,12.4,16.5,0,0,10.400000000000002,-17.0,0.05999999999999961,-3.2999999999999545,2.0,9.49,16.770000000000003,2.28,3.348,4.42,7.279999999999999,-13.7,-1.7799999999999954,5.1,74.3,60.6,June,22.799999999999997
Adelaide,8.4,19.1,0.0,1.6,8.8,N,37.0,15.0,20.0,47.0,36.0,1029.6,1027.0,4.45,4.51,14.7,18.5,0,0,10.700000000000001,-11.0,0.05999999999999961,-2.599999999999909,5.0,9.12,16.81,2.1199999999999997,2.921,5.159999999999999,7.69,-13.4,-1.8799999999999955,5.1,70.7,57.3,June,21.199999999999996
Adelaide,14.7,19.9,0.0,2.4,0.9,NNE,31.0,15.0,11.0,53.0,49.0,1028.7,1025.8,4.45,4.51,16.9,18.7,0,0,5.199999999999999,-4.0,0.05999999999999961,-2.900000000000091,-4.0,8.790000000000001,16.869999999999997,2.0999999999999996,2.534,5.72,8.080000000000002,-12.8,-1.8399999999999863,5.4,67.7,54.9,June,20.999999999999996
Adelaide,15.5,22.2,0.2,1.8,7.6,NE,41.0,15.0,15.0,48.0,37.0,1023.6,1019.1,4.45,4.51,16.9,21.3,0,1,6.699999999999999,-11.0,0.05999999999999961,-4.5,0.0,9.290000000000001,17.15,1.9199999999999995,2.4939999999999998,5.68,7.860000000000001,-11.4,-1.5299999999999954,4.4,65.3,53.9,July,19.199999999999996
Adelaide,12.7,15.3,6.0,5.47,0.0,NNE,37.0,9.0,9.0,92.0,88.0,1014.4,1009.9,4.45,4.51,12.8,14.9,1,1,2.6000000000000014,-4.0,0.05999999999999961,-4.5,0.0,9.96,17.99,0.5199999999999997,2.4739999999999998,5.8100000000000005,8.03,-11.6,-2.209999999999991,3.1,63.7,52.1,July,5.199999999999997
Adelaide,10.0,16.9,12.2,5.47,7.5,NNW,54.0,17.0,26.0,91.0,40.0,1011.7,1009.2,4.45,4.51,11.1,16.7,1,0,6.899999999999999,-51.0,0.05999999999999961,-2.5,9.0,10.25,17.91,0.9199999999999996,2.8809999999999993,5.659999999999999,7.660000000000001,-11.9,-2.609999999999991,2.5,64.6,52.7,July,9.199999999999996
Adelaide,10.2,15.2,0.0,6.6,2.4,NW,59.0,20.0,30.0,76.0,61.0,1011.4,1011.6,4.45,4.51,10.9,13.9,0,1,5.0,-15.0,0.05999999999999961,0.20000000000004547,10.0,10.1,18.130000000000003,1.8599999999999994,3.3879999999999995,6.39,8.03,-16.1,-2.819999999999993,2.6,64.1,48.0,July,18.599999999999994
Adelaide,9.9,15.3,5.4,1.2,4.2,W,52.0,17.0,22.0,65.0,62.0,1018.0,1016.8,4.45,4.51,12.5,14.8,1,0,5.4,-3.0,0.05999999999999961,-1.2000000000000455,5.0,10.139999999999999,17.85,1.8399999999999994,3.9879999999999995,5.71,7.709999999999999,-16.0,-2.629999999999984,3.0,65.0,49.0,July,18.399999999999995
Adelaide,10.2,14.9,1.0,1.2,2.2,NW,57.0,22.0,22.0,89.0,84.0,1013.0,1010.0,4.45,4.51,11.1,12.3,0,1,4.700000000000001,-5.0,0.05999999999999961,-3.0,0.0,10.3,17.61,2.38,3.561,5.2,7.3100000000000005,-14.8,-2.369999999999993,2.6,66.3,51.5,July,23.799999999999997
Adelaide,4.9,13.4,6.8,0.6,5.5,SSW,39.0,4.0,7.0,91.0,67.0,1022.3,1025.5,4.45,4.51,8.2,11.8,1,1,8.5,-24.0,0.05999999999999961,3.2000000000000455,3.0,10.3,17.34,2.4799999999999995,3.134,5.14,7.040000000000001,-15.9,-2.5899999999999865,3.0,70.2,54.3,July,24.799999999999997
Adelaide,5.8,13.6,1.8,0.4,3.7,W,48.0,7.0,20.0,90.0,67.0,1029.6,1026.9,4.45,4.51,8.4,12.5,1,1,7.8,-23.0,0.05999999999999961,-2.699999999999818,13.0,10.319999999999999,16.93,3.1599999999999993,2.7539999999999996,4.83,6.610000000000001,-14.5,-2.109999999999991,3.0,71.0,56.5,July,31.599999999999994
Adelaide,7.3,12.5,3.8,5.47,0.0,W,31.0,0.0,13.0,95.0,83.0,1027.0,1024.9,4.45,4.51,9.6,12.1,1,1,5.2,-12.0,0.05999999999999961,-2.099999999999909,13.0,10.23,16.580000000000002,3.34,2.674,4.279999999999999,6.35,-15.1,-2.049999999999977,4.1,74.2,59.1,July,33.4
Adelaide,9.4,13.7,1.8,5.47,0.9,WSW,43.0,19.0,24.0,62.0,68.0,1022.8,1022.4,4.45,4.51,11.9,13.4,1,1,4.299999999999999,6.0,0.05999999999999961,-0.39999999999997726,5.0,10.120000000000001,15.920000000000002,3.7199999999999998,3.0609999999999995,3.4,5.8,-15.2,-1.9999999999999774,4.9,79.0,63.8,July,37.199999999999996
Adelaide,6.1,12.7,2.2,2.0,0.0,WSW,19.0,2.0,7.0,89.0,57.0,1029.7,1028.9,4.45,4.51,8.8,12.2,1,0,6.6,-32.0,0.05999999999999961,-0.7999999999999545,5.0,9.59,15.3,3.8999999999999995,3.368,3.4,5.71,-14.2,-1.7499999999999658,5.8,79.9,65.7,July,38.99999999999999
Adelaide,7.9,11.4,0.0,1.0,0.5,N,20.0,7.0,7.0,70.0,59.0,1028.7,1025.7,4.45,4.51,8.4,11.3,0,0,3.5,-11.0,0.05999999999999961,-3.0,0.0,8.65,14.35,4.1,3.3879999999999995,2.6399999999999997,5.7,-16.3,-1.3799999999999613,6.3,84.0,67.7,July,40.99999999999999
Adelaide,8.3,13.1,0.0,0.8,0.2,SE,28.0,9.0,6.0,76.0,70.0,1025.1,1023.8,4.45,4.51,9.5,12.9,0,0,4.799999999999999,-6.0,0.05999999999999961,-1.2999999999999545,-3.0,8.17,13.959999999999999,3.499999999999999,2.941,2.69,5.79,-17.0,-1.2299999999999613,6.3,81.8,64.8,July,34.99999999999999
Adelaide,6.5,13.9,0.0,0.8,8.6,SE,30.0,0.0,13.0,69.0,48.0,1032.6,1031.3,4.45,4.51,9.4,13.3,0,0,7.4,-21.0,0.05999999999999961,-1.2999999999999545,13.0,8.0,13.579999999999998,2.28,2.4739999999999998,1.9600000000000002,5.58,-12.5,-1.1099999999999568,5.1,80.3,67.8,July,22.799999999999997
Adelaide,6.1,14.8,0.0,1.4,4.7,ENE,30.0,7.0,7.0,67.0,41.0,1033.7,1028.7,4.45,4.51,10.1,14.6,0,0,8.700000000000001,-26.0,0.05999999999999961,-5.0,0.0,7.630000000000001,13.45,2.28,1.8939999999999997,2.58,5.819999999999999,-13.1,-1.2599999999999567,5.4,79.6,66.5,July,22.799999999999997
Adelaide,2.3,15.1,2.36,5.47,8.3,N,28.0,2.0,15.0,72.0,42.0,1024.7,1020.1,4.45,4.51,7.5,14.4,0,1,12.8,-30.0,0.05999999999999961,-4.600000000000023,13.0,7.25,13.4,1.7399999999999995,1.9139999999999997,2.63,6.15,-15.4,-1.6399999999999522,4.9,79.8,64.4,July,17.399999999999995
Adelaide,7.5,13.6,6.0,5.47,2.4,SSW,43.0,9.0,17.0,96.0,62.0,1017.7,1018.3,4.45,4.51,8.5,13.2,1,1,6.1,-34.0,0.05999999999999961,0.599999999999909,8.0,6.460000000000001,13.420000000000002,1.8759999999999994,2.3409999999999997,3.2399999999999998,6.959999999999999,-17.9,-1.7999999999999545,6.2,78.1,60.2,July,18.759999999999994
Adelaide,6.6,14.8,1.4,3.0,6.4,SW,35.0,6.0,17.0,90.0,50.0,1024.9,1024.4,4.45,4.51,9.1,14.5,1,0,8.200000000000001,-40.0,0.05999999999999961,-0.5,11.0,6.720000000000001,13.440000000000001,1.7959999999999994,2.828,2.9299999999999997,6.720000000000001,-18.9,-2.059999999999968,6.7,78.6,59.7,July,17.959999999999994
Adelaide,4.0,14.5,0.0,1.4,5.2,SE,28.0,0.0,15.0,85.0,53.0,1028.4,1026.1,4.45,4.51,8.8,13.6,0,0,10.5,-32.0,0.05999999999999961,-2.300000000000182,15.0,6.8,13.559999999999999,1.7559999999999991,3.088,3.2,6.76,-20.6,-1.8399999999999863,6.5,78.6,58.0,July,17.55999999999999
Adelaide,7.8,13.8,0.0,1.0,8.6,ESE,22.0,6.0,9.0,64.0,58.0,1028.2,1025.6,4.45,4.51,10.3,13.6,0,0,6.000000000000001,-6.0,0.05999999999999961,-2.6000000000001364,3.0,6.470000000000001,13.76,1.3759999999999997,2.6809999999999996,3.72,7.290000000000001,-22.6,-1.8600000000000136,6.7,77.6,55.0,July,13.759999999999996
Adelaide,3.8,14.7,0.0,1.0,9.6,WSW,19.0,7.0,11.0,67.0,50.0,1027.6,1024.4,4.45,4.51,9.4,14.5,0,0,10.899999999999999,-17.0,0.05999999999999961,-3.199999999999818,4.0,6.31,13.77,1.1959999999999995,2.2339999999999995,4.49,7.460000000000001,-23.8,-2.0800000000000294,6.5,77.8,54.0,July,11.959999999999996
Adelaide,1.3,15.9,0.0,0.8,9.6,N,17.0,0.0,6.0,71.0,38.0,1025.3,1022.5,4.45,4.51,6.9,15.3,0,0,14.6,-33.0,0.05999999999999961,-2.7999999999999545,6.0,6.08,13.969999999999999,0.9759999999999994,2.1339999999999995,5.45,7.890000000000001,-22.3,-2.320000000000016,6.4,75.6,53.3,July,9.759999999999994
Adelaide,5.7,17.5,2.36,5.47,4.3,WNW,28.0,7.0,13.0,62.0,44.0,1022.3,1020.1,4.45,4.51,10.0,16.7,0,1,11.8,-18.0,0.05999999999999961,-2.199999999999932,6.0,5.42,14.419999999999998,0.9759999999999994,2.114,6.36,9.0,-24.5,-2.3000000000000114,7.0,75.7,51.2,July,9.759999999999994
Adelaide,9.3,14.4,2.0,5.47,0.3,WSW,39.0,9.0,17.0,96.0,72.0,1017.9,1017.1,4.45,4.51,10.3,14.0,1,1,5.1,-24.0,0.05999999999999961,-0.7999999999999545,8.0,5.16,14.86,1.2119999999999993,2.5809999999999995,6.7700000000000005,9.7,-25.7,-2.390000000000009,7.9,74.3,48.6,July,12.119999999999994
Adelaide,10.3,15.9,6.2,2.8,6.2,SW,31.0,4.0,19.0,85.0,58.0,1021.8,1020.9,4.45,4.51,12.6,15.4,1,0,5.6,-27.0,0.05999999999999961,-0.8999999999999773,15.0,5.4399999999999995,14.91,1.4119999999999995,3.0479999999999996,5.94,9.47,-26.0,-2.340000000000009,7.4,77.0,51.0,July,14.119999999999994
Adelaide,6.7,15.7,0.0,1.2,5.2,WSW,22.0,4.0,17.0,83.0,49.0,1026.5,1025.6,4.45,4.51,10.0,15.3,0,0,9.0,-34.0,0.05999999999999961,-0.900000000000091,13.0,5.859999999999999,15.020000000000001,2.031999999999999,3.1879999999999997,6.09,9.16,-26.1,-1.9300000000000068,8.9,78.8,52.7,July,20.319999999999993
Adelaide,7.2,17.7,0.0,1.2,9.3,N,37.0,15.0,13.0,48.0,39.0,1026.7,1024.3,4.45,4.51,12.8,17.6,0,0,10.5,-9.0,0.05999999999999961,-2.400000000000091,-2.0,6.3,15.079999999999998,1.7959999999999994,2.7609999999999997,5.779999999999999,8.78,-26.5,-1.5600000000000136,8.9,79.9,53.4,July,17.959999999999994
Adelaide,9.6,20.5,0.0,1.8,7.61,N,35.0,13.0,13.0,47.0,32.0,1024.2,1020.3,4.45,4.51,14.9,19.8,0,0,10.9,-15.0,0.05999999999999961,-3.900000000000091,0.0,6.2700000000000005,15.49,1.1959999999999993,2.334,6.470000000000001,9.219999999999999,-24.0,-1.8600000000000136,7.9,75.1,51.1,July,11.959999999999994
Adelaide,13.9,19.8,0.0,3.0,1.1,NW,46.0,13.0,19.0,37.0,33.0,1017.7,1014.1,4.45,4.51,16.2,19.6,0,1,5.9,-4.0,0.05999999999999961,-3.6000000000000227,6.0,6.57,16.060000000000002,1.0559999999999996,2.2139999999999995,6.590999999999999,9.49,-21.5,-2.200000000000023,6.8,70.8,49.3,July,10.559999999999995
Adelaide,11.6,19.0,4.6,5.47,8.5,NE,28.0,7.0,15.0,81.0,51.0,1016.4,1014.6,4.45,4.51,13.3,18.2,1,0,7.4,-30.0,0.05999999999999961,-1.7999999999999545,8.0,7.56,16.59,1.0559999999999996,2.3739999999999997,6.180999999999999,9.030000000000001,-18.7,-2.3300000000000067,5.9,66.0,47.3,July,10.559999999999995
Adelaide,6.6,21.7,0.0,2.8,9.1,N,37.0,7.0,19.0,57.0,32.0,1018.0,1015.0,4.45,4.51,14.2,21.4,0,0,15.1,-25.0,0.05999999999999961,-3.0,12.0,7.94,17.11,1.5159999999999993,2.8209999999999997,6.170999999999999,9.169999999999998,-21.1,-2.2499999999999885,6.4,67.7,46.6,July,15.159999999999993
Adelaide,14.2,21.6,0.0,4.0,9.3,NNW,44.0,17.0,13.0,35.0,44.0,1015.7,1014.0,4.45,4.51,17.4,21.5,0,0,7.400000000000002,9.0,0.05999999999999961,-1.7000000000000455,-4.0,8.22,17.810000000000002,1.5159999999999993,3.001,6.121,9.59,-21.9,-2.2300000000000066,7.2,66.7,44.8,August,15.159999999999993
Adelaide,10.2,23.3,0.0,0.8,7.6,NW,41.0,11.0,28.0,56.0,36.0,1016.1,1013.9,4.45,4.51,16.3,23.1,0,0,13.100000000000001,-20.0,0.05999999999999961,-2.2000000000000455,17.0,9.51,18.380000000000003,1.5159999999999993,3.321,6.091,8.870000000000001,-17.7,-2.120000000000016,6.2,63.1,45.4,August,15.159999999999993
Adelaide,9.3,24.6,2.36,5.47,6.7,NNW,44.0,9.0,11.0,48.0,35.0,1013.2,1010.1,4.45,4.51,18.2,23.4,0,1,15.3,-13.0,0.05999999999999961,-3.1000000000000227,2.0,9.96,18.96,1.2799999999999994,2.8539999999999996,6.421000000000001,9.0,-17.9,-2.120000000000027,7.3,62.5,44.6,August,12.799999999999994
Adelaide,12.5,13.6,6.0,5.0,0.0,NNE,30.0,6.0,11.0,85.0,92.0,1018.1,1015.4,4.45,4.51,13.0,12.9,1,1,1.0999999999999996,7.0,0.05999999999999961,-2.7000000000000455,5.0,9.96,19.98,1.3159999999999994,2.854,7.061,10.02,-16.8,-2.3500000000000343,6.7,57.7,40.9,August,13.159999999999995
Adelaide,9.5,16.0,15.4,0.8,8.5,NNW,41.0,13.0,20.0,82.0,58.0,1016.9,1014.8,4.45,4.51,11.1,15.2,1,1,6.5,-24.0,0.05999999999999961,-2.1000000000000227,7.0,10.18,19.75,1.2959999999999994,3.0739999999999994,6.441,9.570000000000002,-13.4,-2.530000000000041,5.7,57.7,44.3,August,12.959999999999994
Adelaide,7.6,15.3,3.8,5.47,6.3,N,41.0,15.0,17.0,77.0,57.0,1015.7,1012.9,4.45,4.51,10.6,14.6,1,1,7.700000000000001,-20.0,0.05999999999999961,-2.800000000000068,2.0,10.459999999999999,19.78,2.8359999999999994,3.034,6.771000000000001,9.320000000000002,-12.4,-2.650000000000034,5.1,57.6,45.2,August,28.359999999999996
Adelaide,9.3,14.3,7.8,5.47,5.1,WSW,37.0,4.0,20.0,95.0,72.0,1015.4,1014.2,4.45,4.51,10.5,14.0,1,1,5.0,-23.0,0.05999999999999961,-1.1999999999999318,16.0,10.5,19.54,3.2159999999999997,3.461,6.471000000000001,9.040000000000001,-13.5,-2.690000000000032,5.5,60.5,47.0,August,32.16
Adelaide,9.3,14.4,6.2,4.6,7.7,WSW,48.0,19.0,22.0,92.0,66.0,1015.9,1014.8,4.45,4.51,11.7,13.4,1,1,5.1,-26.0,0.05999999999999961,-1.1000000000000227,3.0,10.469999999999999,18.919999999999998,3.9959999999999996,3.8280000000000003,6.22,8.45,-14.3,-2.420000000000016,7.1,65.3,51.0,August,39.959999999999994
Adelaide,10.4,15.0,7.8,1.6,4.0,W,31.0,9.0,15.0,95.0,63.0,1014.1,1010.9,4.45,4.51,11.0,14.0,1,1,4.6,-32.0,0.05999999999999961,-3.2000000000000455,6.0,10.010000000000002,18.380000000000003,4.616,3.9880000000000004,6.88,8.370000000000001,-16.5,-2.170000000000016,6.8,70.8,54.3,August,46.16
Adelaide,7.2,16.6,4.4,1.0,4.2,S,31.0,4.0,13.0,95.0,59.0,1010.2,1008.7,4.45,4.51,9.5,16.1,1,1,9.400000000000002,-36.0,0.05999999999999961,-1.5,9.0,9.889999999999999,17.98,4.935999999999999,3.600999999999999,6.43,8.09,-16.7,-2.310000000000025,6.6,72.2,55.5,August,49.35999999999999
Adelaide,9.5,17.5,8.4,1.4,9.0,SSE,30.0,7.0,13.0,74.0,47.0,1018.3,1017.0,4.45,4.51,13.2,17.3,1,0,8.0,-27.0,0.05999999999999961,-1.2999999999999545,6.0,9.95,17.47,5.3759999999999994,3.4209999999999994,5.9399999999999995,7.5200000000000005,-17.8,-2.160000000000025,6.3,76.0,58.2,August,53.75999999999999
Adelaide,6.4,18.1,0.0,1.8,5.1,SW,20.0,0.0,11.0,82.0,50.0,1021.7,1020.4,4.45,4.51,10.5,16.2,0,0,11.700000000000001,-32.0,0.05999999999999961,-1.3000000000000682,11.0,9.48,17.06,6.215999999999999,3.1609999999999996,5.909999999999999,7.580000000000001,-21.4,-2.120000000000016,7.3,79.9,58.5,August,62.16
Adelaide,8.9,19.0,2.36,5.47,5.9,NW,24.0,0.0,6.0,79.0,53.0,1022.5,1020.2,4.45,4.51,12.2,17.8,0,0,10.1,-26.0,0.05999999999999961,-2.2999999999999545,6.0,9.1,16.540000000000003,6.215999999999999,3.261,5.66,7.44,-22.6,-2.030000000000018,6.7,82.5,59.9,August,62.16
Adelaide,6.6,20.7,2.36,5.47,8.8,N,30.0,6.0,15.0,70.0,43.0,1024.2,1020.3,4.45,4.51,13.3,20.6,0,0,14.1,-27.0,0.05999999999999961,-3.900000000000091,9.0,9.059999999999999,15.98,6.215999999999999,3.261,5.58,6.92,-23.9,-1.9500000000000113,7.1,85.6,61.7,August,62.16
Adelaide,13.3,16.2,0.4,4.8,0.2,N,35.0,9.0,15.0,66.0,66.0,1018.5,1016.0,4.45,4.51,14.5,15.8,0,1,2.8999999999999986,0.0,0.05999999999999961,-2.5,6.0,8.47,16.69,5.851999999999999,3.308,6.459999999999999,8.219999999999999,-27.3,-2.070000000000016,7.5,84.1,56.8,August,58.519999999999996
Adelaide,12.2,17.9,5.6,0.6,0.0,N,50.0,9.0,22.0,89.0,58.0,1011.3,1002.1,4.45,4.51,14.0,16.9,1,1,5.699999999999999,-31.0,0.05999999999999961,-9.199999999999932,13.0,8.85,16.71,4.351999999999999,3.7079999999999997,5.630000000000001,7.859999999999999,-24.9,-2.1100000000000136,7.4,82.5,57.6,August,43.519999999999996
Adelaide,9.6,14.6,22.6,5.47,6.5,SW,52.0,15.0,26.0,87.0,45.0,1006.6,1009.2,4.45,4.51,10.3,14.1,1,1,5.0,-42.0,0.05999999999999961,2.6000000000000227,11.0,9.31,16.97,4.532,3.220999999999999,5.000000000000001,7.660000000000001,-26.0,-2.75,8.5,83.7,57.7,August,45.32
Adelaide,9.3,16.0,2.2,1.2,5.0,WSW,46.0,20.0,24.0,72.0,72.0,1018.8,1019.2,4.45,4.51,13.4,15.4,1,1,6.699999999999999,0.0,0.05999999999999961,0.40000000000009095,4.0,9.34,17.0,6.012,3.220999999999999,5.140000000000001,7.660000000000001,-27.9,-2.3700000000000045,8.0,82.9,55.0,August,60.12
Adelaide,9.9,17.1,1.4,1.6,7.61,WSW,30.0,9.0,13.0,77.0,64.0,1027.0,1026.5,4.45,4.51,13.2,15.1,1,0,7.200000000000001,-13.0,0.05999999999999961,-0.5,4.0,9.34,17.16,5.612,2.8809999999999993,4.87,7.8199999999999985,-25.3,-2.219999999999993,8.1,80.9,55.6,August,56.120000000000005
Adelaide,10.9,18.1,0.0,5.47,3.6,SW,20.0,6.0,11.0,75.0,58.0,1031.0,1029.3,4.45,4.51,13.9,17.0,0,0,7.200000000000001,-17.0,0.05999999999999961,-1.7000000000000455,5.0,9.290000000000001,17.369999999999997,4.9719999999999995,2.881,5.231,8.08,-23.4,-1.9499999999999886,7.9,79.1,55.7,August,49.72
Adelaide,8.4,21.3,0.0,5.47,8.4,N,31.0,9.0,9.0,61.0,47.0,1033.4,1031.3,4.45,4.51,16.5,19.7,0,0,12.9,-14.0,0.05999999999999961,-2.1000000000001364,0.0,9.66,17.520000000000003,4.532,3.3280000000000003,5.171000000000001,7.859999999999999,-21.5,-1.969999999999993,7.5,77.1,55.6,August,45.32
Adelaide,7.7,20.9,0.0,3.6,10.4,N,37.0,13.0,19.0,36.0,25.0,1035.6,1032.2,4.45,4.51,16.3,20.7,0,0,13.2,-11.0,0.05999999999999961,-3.3999999999998636,6.0,9.55,17.9,3.692,3.7349999999999994,5.111000000000001,8.35,-20.2,-2.0500000000000114,6.9,75.8,55.6,August,36.92
Adelaide,10.6,22.8,0.0,3.6,10.7,WNW,33.0,11.0,19.0,39.0,26.0,1032.2,1028.7,4.45,4.51,17.4,22.3,0,0,12.200000000000001,-13.0,0.05999999999999961,-3.5,8.0,9.68,18.18,3.692,3.915,5.641,8.5,-18.1,-2.259999999999991,6.4,71.2,53.1,August,36.92
Adelaide,7.7,23.2,0.0,2.4,10.7,NNW,39.0,13.0,19.0,33.0,22.0,1027.0,1022.4,4.45,4.51,17.3,22.9,0,0,15.5,-11.0,0.05999999999999961,-4.600000000000023,6.0,9.85,18.560000000000002,3.4560000000000004,3.728,6.121,8.709999999999999,-16.8,-2.3799999999999955,6.6,67.2,50.4,August,34.56
Adelaide,12.7,17.2,0.0,3.6,9.4,W,40.04,22.0,17.0,74.0,47.0,1022.0,1023.5,4.45,4.51,15.8,16.7,0,0,4.5,-27.0,0.05999999999999961,1.5,-5.0,9.959999999999999,18.81,3.22,3.4209999999999994,6.311,8.85,-15.2,-2.4499999999999886,6.3,63.5,48.3,August,32.2
Adelaide,6.6,17.4,0.0,3.0,7.61,W,26.0,7.0,15.0,66.0,37.0,1026.7,1023.3,4.45,4.51,12.4,16.4,0,0,10.799999999999999,-29.0,0.05999999999999961,-3.400000000000091,8.0,9.9,18.910000000000004,3.18,3.3009999999999997,7.231,9.01,-17.9,-2.0499999999999887,5.2,64.3,46.4,August,31.8
Adelaide,7.0,16.6,2.36,5.47,10.2,NW,24.0,7.0,11.0,74.0,47.0,1024.6,1022.0,4.45,4.51,11.6,15.9,0,0,9.600000000000001,-27.0,0.05999999999999961,-2.599999999999909,4.0,9.34,18.86,2.62,3.5409999999999995,7.992,9.52,-17.7,-1.4700000000000046,4.7,62.0,44.3,August,26.2
Adelaide,5.4,18.5,2.36,5.47,10.1,NW,37.0,9.0,20.0,63.0,46.0,1021.8,1017.7,4.45,4.51,12.5,17.2,0,0,13.1,-17.0,0.05999999999999961,-4.099999999999909,11.0,9.08,19.060000000000002,0.5959999999999996,3.5409999999999995,8.362,9.98,-16.2,-1.9899999999999978,4.0,60.7,44.5,August,5.959999999999996
Adelaide,11.9,16.4,0.4,6.6,8.0,W,39.0,9.0,19.0,67.0,39.0,1022.6,1022.7,4.45,4.51,13.6,15.5,0,0,4.499999999999998,-28.0,0.05999999999999961,0.10000000000002274,10.0,8.690000000000001,19.310000000000002,0.6119999999999995,3.968,8.872,10.62,-17.9,-2.4399999999999977,4.7,59.8,41.9,August,6.119999999999996
Adelaide,5.6,15.1,0.0,2.8,6.6,WSW,26.0,2.0,13.0,66.0,57.0,1027.8,1026.0,4.45,4.51,11.5,13.8,0,0,9.5,-9.0,0.05999999999999961,-1.7999999999999545,11.0,8.89,19.24,0.5119999999999996,4.468,8.911,10.35,-19.4,-2.3799999999999955,5.3,58.8,39.4,August,5.119999999999996
Adelaide,6.0,19.5,0.0,1.6,10.3,ESE,33.0,9.0,6.0,53.0,34.0,1026.7,1023.6,4.45,4.51,13.1,18.7,0,0,13.5,-19.0,0.05999999999999961,-3.1000000000000227,-3.0,8.36,18.939999999999998,0.5119999999999996,4.201,9.211,10.58,-18.6,-2.3899999999999864,5.9,57.9,39.3,August,5.119999999999996
Adelaide,11.3,21.6,0.0,2.6,10.9,ENE,31.0,13.0,11.0,42.0,27.0,1025.3,1022.2,4.45,4.51,16.3,20.7,0,0,10.3,-15.0,0.05999999999999961,-3.099999999999909,-2.0,8.120000000000001,18.76,0.5119999999999996,3.814,9.401,10.639999999999999,-19.1,-2.489999999999975,5.6,57.1,38.0,September,5.119999999999996
Adelaide,14.2,24.9,0.0,3.8,10.5,NNE,41.0,19.0,24.0,32.0,23.0,1022.0,1017.8,4.45,4.51,18.7,24.3,0,0,10.7,-9.0,0.05999999999999961,-4.2000000000000455,5.0,8.48,18.830000000000002,0.5119999999999996,3.714,9.450999999999999,10.35,-19.5,-2.4599999999999795,4.8,57.7,38.2,September,5.119999999999996
Adelaide,18.7,27.4,0.0,5.47,2.7,N,56.0,20.0,17.0,19.0,17.0,1014.1,1010.3,4.45,4.51,21.3,26.0,0,1,8.7,-2.0,0.05999999999999961,-3.800000000000068,-3.0,8.84,19.04,0.5119999999999996,3.7339999999999995,9.431000000000001,10.2,-19.1,-2.5299999999999843,4.5,57.0,37.9,September,5.119999999999996
Adelaide,10.4,18.5,2.0,5.47,9.5,WSW,37.0,4.0,15.0,81.0,42.0,1023.3,1021.9,4.45,4.51,13.0,18.0,1,0,8.1,-39.0,0.05999999999999961,-1.3999999999999773,11.0,9.940000000000001,19.46,0.5119999999999996,4.0409999999999995,8.631,9.52,-18.2,-2.4499999999999886,3.6,55.6,37.4,September,5.119999999999996
Adelaide,6.3,20.6,0.0,13.0,10.8,NW,37.0,13.0,19.0,54.0,33.0,1023.0,1017.4,4.45,4.51,14.6,20.3,0,1,14.3,-21.0,0.05999999999999961,-5.600000000000023,6.0,9.709999999999999,19.589999999999996,0.7119999999999995,4.228,8.641,9.879999999999999,-19.4,-2.7399999999999864,5.2,56.3,36.9,September,7.119999999999996
Adelaide,8.1,15.8,1.8,3.6,8.9,WSW,48.0,20.0,17.0,47.0,52.0,1020.1,1019.5,4.45,4.51,12.0,14.5,1,1,7.700000000000001,5.0,0.05999999999999961,-0.6000000000000227,-3.0,9.680000000000001,19.910000000000004,0.7119999999999995,5.228,8.959999999999999,10.23,-18.6,-2.9599999999999795,5.0,55.1,36.5,September,7.119999999999996
Adelaide,7.5,17.4,2.8,2.0,8.7,ESE,39.0,11.0,9.0,66.0,39.0,1020.8,1018.5,4.45,4.51,11.9,15.9,1,0,9.899999999999999,-27.0,0.05999999999999961,-2.2999999999999545,-2.0,9.790000000000001,19.83,0.6559999999999996,5.0409999999999995,8.830000000000002,10.040000000000001,-15.4,-2.759999999999991,4.3,52.4,37.0,September,6.559999999999996
Adelaide,11.4,17.3,0.0,2.6,4.3,ESE,43.0,9.0,7.0,48.0,50.0,1022.5,1020.9,4.45,4.51,13.9,15.6,0,1,5.9,2.0,0.05999999999999961,-1.6000000000000227,-2.0,10.0,19.720000000000002,0.6999999999999995,4.694,8.690000000000001,9.72,-16.4,-2.5799999999999956,3.0,52.7,36.3,September,6.999999999999996
Adelaide,7.5,14.8,3.0,1.6,7.6,SSW,54.0,15.0,17.0,62.0,70.0,1025.5,1025.6,4.45,4.51,13.1,12.7,1,1,7.300000000000001,8.0,0.05999999999999961,0.09999999999990905,2.0,9.95,19.810000000000002,0.6599999999999996,4.294,8.32,9.860000000000001,-13.4,-2.75,1.8,50.8,37.4,September,6.599999999999996
Adelaide,10.5,14.3,1.6,5.47,3.1,WSW,41.0,17.0,20.0,59.0,69.0,1027.6,1024.5,4.45,4.51,12.7,13.8,1,1,3.8000000000000007,10.0,0.05999999999999961,-3.099999999999909,3.0,10.14,19.78,0.9599999999999996,4.174,8.42,9.64,-11.7,-2.560000000000014,0.9,50.4,38.7,September,9.599999999999996
Adelaide,7.6,15.7,2.8,5.47,6.3,SW,33.0,11.0,15.0,75.0,72.0,1025.4,1024.6,4.45,4.51,13.0,14.3,1,0,8.1,-3.0,0.05999999999999961,-0.8000000000001819,4.0,10.59,19.26,1.1199999999999997,4.561,7.700000000000001,8.67,-8.8,-2.5600000000000023,1.5,51.0,42.2,September,11.199999999999996
Adelaide,5.0,16.3,0.8,4.4,5.4,WSW,28.0,4.0,11.0,64.0,50.0,1029.5,1027.2,4.45,4.51,11.5,15.4,0,0,11.3,-14.0,0.05999999999999961,-2.2999999999999545,7.0,10.22,18.669999999999998,1.3999999999999997,4.848,7.24,8.45,-7.6,-2.3300000000000294,2.1,54.3,46.7,September,13.999999999999996
Adelaide,5.2,21.9,0.0,2.0,10.6,NNW,43.0,17.0,26.0,55.0,30.0,1026.0,1021.3,4.45,4.51,13.9,21.4,0,0,16.7,-25.0,0.05999999999999961,-4.7000000000000455,9.0,9.3,17.810000000000002,1.4799999999999995,4.9079999999999995,6.7299999999999995,8.510000000000002,-8.1,-2.1400000000000206,2.3,57.5,49.4,September,14.799999999999995
Adelaide,10.3,17.6,0.0,3.6,8.4,WSW,33.0,13.0,15.0,65.0,40.0,1024.3,1023.8,4.45,4.51,14.8,17.3,0,0,7.300000000000001,-25.0,0.05999999999999961,-0.5,2.0,7.95,17.26,1.4799999999999995,4.561,7.5200000000000005,9.309999999999999,-10.4,-2.230000000000018,3.5,61.1,50.7,September,14.799999999999995
Adelaide,7.0,25.0,0.0,2.8,8.9,NW,20.0,0.0,11.0,53.0,23.0,1023.1,1018.3,4.45,4.51,15.8,24.8,0,0,18.0,-30.0,0.05999999999999961,-4.800000000000068,11.0,7.94,17.17,1.2799999999999996,4.374,7.409999999999999,9.23,-9.0,-2.1400000000000206,2.6,59.5,50.5,September,12.799999999999995
Adelaide,11.1,24.3,0.0,3.0,7.6,NNE,17.0,7.0,7.0,54.0,41.0,1018.1,1015.3,4.45,4.51,16.8,23.4,0,0,13.200000000000001,-13.0,0.05999999999999961,-2.800000000000068,0.0,8.01,17.610000000000003,1.2799999999999996,3.354,7.220000000000001,9.6,-9.9,-2.060000000000025,3.1,59.4,49.5,September,12.799999999999995
Adelaide,12.7,30.5,0.0,5.47,10.0,NW,63.0,20.0,24.0,10.0,25.0,1009.9,1007.8,4.45,4.51,23.1,25.6,0,0,17.8,15.0,0.05999999999999961,-2.1000000000000227,4.0,8.309999999999999,18.46,1.0999999999999994,3.2939999999999996,7.089999999999999,10.15,-11.7,-2.2800000000000296,3.4,60.1,48.4,September,10.999999999999995
Adelaide,9.3,26.0,0.0,5.47,10.7,NNE,30.0,11.0,13.0,69.0,32.0,1018.8,1013.5,4.45,4.51,15.3,23.1,0,0,16.7,-37.0,0.05999999999999961,-5.2999999999999545,2.0,8.83,19.77,0.8199999999999996,3.6409999999999996,7.220000000000001,10.940000000000001,-7.5,-2.260000000000036,4.0,54.5,47.0,September,8.199999999999996
Adelaide,15.2,25.1,0.0,14.6,1.4,NNW,61.0,19.0,28.0,14.0,69.0,1000.4,1005.0,4.45,4.51,24.5,16.2,0,1,9.900000000000002,55.0,0.05999999999999961,4.600000000000023,9.0,8.62,20.639999999999997,0.8199999999999996,3.9279999999999995,7.860000000000001,12.02,-11.4,-2.6300000000000296,4.4,56.6,45.2,September,8.199999999999996
Adelaide,10.2,17.8,4.8,2.0,8.0,W,44.0,20.0,15.0,67.0,51.0,1015.8,1017.1,4.45,4.51,13.6,16.9,1,1,7.600000000000001,-16.0,0.05999999999999961,1.3000000000000682,-5.0,9.389999999999999,21.67,0.5199999999999997,5.228,7.239999999999999,12.280000000000001,-6.7,-2.1800000000000184,5.1,51.8,45.1,September,5.199999999999997
Adelaide,11.3,22.7,1.6,2.4,8.8,NNW,28.0,9.0,13.0,76.0,46.0,1022.9,1018.6,4.45,4.51,14.4,21.6,1,0,11.399999999999999,-30.0,0.05999999999999961,-4.2999999999999545,4.0,9.36,22.02,0.8399999999999996,4.881,7.7299999999999995,12.66,-9.3,-1.7400000000000204,4.3,52.6,43.3,September,8.399999999999997
Adelaide,11.8,28.1,0.0,3.8,10.7,N,67.0,24.0,37.0,27.0,15.0,1013.3,1009.0,4.45,4.51,22.5,28.0,0,0,16.3,-12.0,0.05999999999999961,-4.2999999999999545,13.0,9.73,22.720000000000002,0.7199999999999995,4.574,7.980000000000001,12.99,-12.0,-2.0899999999999976,4.3,52.7,40.7,September,7.199999999999996
Adelaide,9.7,14.9,0.0,6.0,2.4,SW,35.0,13.0,9.0,40.0,47.0,1024.3,1022.8,4.45,4.51,14.1,13.9,0,0,5.200000000000001,7.0,0.05999999999999961,-1.5,-4.0,10.41,23.9,0.6399999999999997,4.514,8.51,13.49,-11.8,-2.289999999999998,4.9,49.0,37.2,September,6.399999999999997
Adelaide,7.6,16.0,0.0,5.47,4.4,SE,31.0,4.0,11.0,48.0,37.0,1024.6,1023.5,4.45,4.51,13.3,15.2,0,0,8.4,-11.0,0.05999999999999961,-1.099999999999909,7.0,10.86,23.200000000000003,0.6399999999999997,4.914,7.69,12.340000000000002,-8.6,-1.969999999999993,3.6,47.5,38.9,September,6.399999999999997
Adelaide,7.1,19.3,0.0,5.47,10.0,WSW,30.0,9.0,20.0,42.0,42.0,1025.4,1021.5,4.45,4.51,12.5,16.4,0,0,12.200000000000001,0.0,0.05999999999999961,-3.900000000000091,11.0,10.59,23.04,0.6399999999999997,5.101,7.290000000000001,12.45,-7.2,-2.0299999999999843,4.1,45.8,38.6,September,6.399999999999997
Adelaide,8.4,24.0,0.0,7.0,8.5,N,33.0,17.0,13.0,22.0,18.0,1017.6,1012.0,4.45,4.51,18.8,23.6,0,0,15.6,-4.0,0.05999999999999961,-5.600000000000023,-4.0,10.6,22.47,0.6399999999999997,5.368,7.4,11.870000000000001,-4.2,-1.9399999999999864,4.1,44.7,40.5,September,6.399999999999997
Adelaide,18.5,31.5,0.0,6.2,10.6,NW,41.0,15.0,20.0,16.0,13.0,1006.3,1001.2,4.45,4.51,23.9,29.9,0,1,13.0,-3.0,0.05999999999999961,-5.099999999999909,5.0,10.330000000000002,22.44,0.6399999999999997,5.768,7.49,12.11,-3.3,-2.219999999999982,3.7,41.5,38.2,September,6.399999999999997
Adelaide,13.3,21.5,6.2,4.8,5.0,W,61.0,9.0,24.0,93.0,46.0,1003.5,997.5,4.45,4.51,13.4,21.0,1,1,8.2,-47.0,0.05999999999999961,-6.0,15.0,10.91,22.54,0.6399999999999997,5.840999999999999,7.55,11.63,-5.1,-2.5199999999999703,3.8,42.1,37.0,September,6.399999999999997
Adelaide,10.1,17.0,10.8,4.0,8.7,W,61.0,28.0,31.0,59.0,58.0,1005.6,1008.0,4.45,4.51,14.0,15.6,1,1,6.9,-1.0,0.05999999999999961,2.3999999999999773,3.0,11.31,22.09,1.2599999999999996,5.774,6.9799999999999995,10.78,-6.1,-2.589999999999975,5.1,44.5,38.4,September,12.599999999999996
Adelaide,9.8,15.7,8.6,2.8,4.8,SW,52.0,19.0,24.0,90.0,55.0,1006.3,1005.5,4.45,4.51,10.7,14.0,1,1,5.899999999999999,-35.0,0.05999999999999961,-0.7999999999999545,5.0,10.8,21.279999999999998,2.34,4.714,7.710000000000001,10.48,-11.7,-2.8099999999999796,4.5,49.0,37.3,September,23.4
Adelaide,7.1,17.3,3.6,5.47,10.0,SSW,44.0,19.0,17.0,57.0,45.0,1016.6,1017.3,4.45,4.51,12.9,16.2,1,0,10.200000000000001,-12.0,0.05999999999999961,0.6999999999999318,-2.0,10.76,21.07,2.7199999999999998,4.794,7.390000000000001,10.309999999999999,-13.6,-3.019999999999982,5.5,51.3,37.7,October,27.199999999999996
Adelaide,7.1,18.1,0.4,5.47,11.3,ESE,30.0,11.0,9.0,51.0,35.0,1023.3,1021.4,4.45,4.51,12.1,17.1,0,0,11.000000000000002,-16.0,0.05999999999999961,-1.8999999999999773,-2.0,10.34,20.529999999999998,2.92,5.101,7.51,10.19,-11.8,-2.5199999999999934,4.9,49.4,37.6,October,29.2
Adelaide,10.6,22.2,0.0,5.47,11.4,ESE,28.0,13.0,9.0,42.0,31.0,1021.5,1018.6,4.45,4.51,16.0,21.8,0,0,11.6,-11.0,0.05999999999999961,-2.8999999999999773,-4.0,9.870000000000001,19.53,2.96,5.267999999999999,7.57,9.66,-12.2,-2.2799999999999954,3.4,51.8,39.6,October,29.599999999999998
Adelaide,15.9,21.5,0.0,14.2,0.0,ENE,43.0,15.0,13.0,32.0,32.0,1016.7,1014.9,4.45,4.51,18.5,20.8,0,1,5.6,0.0,0.05999999999999961,-1.8000000000000682,-2.0,9.959999999999999,20.259999999999998,2.96,5.214999999999999,8.47,10.3,-14.0,-2.4199999999999933,3.4,52.0,38.0,October,29.599999999999998
Adelaide,13.4,17.0,8.6,1.8,0.2,NNE,26.0,9.0,11.0,93.0,82.0,1013.0,1011.0,4.45,4.51,13.7,16.1,1,0,3.5999999999999996,-11.0,0.05999999999999961,-2.0,2.0,10.790000000000001,20.81,2.96,6.087999999999999,8.030000000000001,10.02,-12.9,-2.490000000000009,2.5,50.4,37.5,October,29.599999999999998
Adelaide,13.6,19.4,0.8,0.6,3.3,WSW,26.0,9.0,13.0,85.0,69.0,1015.3,1013.7,4.45,4.51,15.7,18.5,0,0,5.799999999999999,-16.0,0.05999999999999961,-1.599999999999909,4.0,11.42,20.580000000000002,3.8199999999999994,5.720999999999999,7.05,9.16,-14.0,-2.3,1.6,55.5,41.5,October,38.199999999999996
Adelaide,14.3,18.6,0.0,2.6,5.4,SW,35.0,13.0,19.0,78.0,54.0,1015.1,1013.6,4.45,4.51,15.4,17.9,0,0,4.300000000000001,-24.0,0.05999999999999961,-1.5,6.0,11.940000000000001,20.12,3.9,5.0809999999999995,6.529999999999999,8.180000000000001,-15.2,-1.8999999999999886,2.4,61.8,46.6,October,39.0
Adelaide,11.5,19.5,0.2,5.47,9.5,W,30.0,4.0,13.0,75.0,48.0,1016.7,1015.1,4.45,4.51,14.8,18.5,0,0,8.0,-27.0,0.05999999999999961,-1.6000000000000227,9.0,11.52,18.830000000000002,3.9,4.721,6.01,7.3100000000000005,-17.3,-1.5399999999999978,2.5,68.0,50.7,October,39.0
Adelaide,13.3,20.2,0.6,5.47,7.3,WSW,35.0,9.0,15.0,79.0,43.0,1015.1,1012.9,4.45,4.51,15.1,19.8,0,0,6.899999999999999,-36.0,0.05999999999999961,-2.2000000000000455,6.0,11.34,18.630000000000003,3.2999999999999994,4.787999999999999,6.459999999999999,7.290000000000001,-15.3,-1.1,1.9,66.2,50.9,October,32.99999999999999
Adelaide,9.6,17.4,0.0,9.8,2.7,SW,39.0,17.0,24.0,49.0,51.0,1015.9,1015.6,4.45,4.51,13.1,16.0,0,0,7.799999999999999,2.0,0.05999999999999961,-0.2999999999999545,7.0,11.66,18.95,2.28,4.935,6.32,7.289999999999999,-18.8,-1.5600000000000023,2.2,68.2,49.4,October,22.799999999999997
Adelaide,11.4,19.3,0.6,2.4,8.9,W,31.0,13.0,19.0,63.0,47.0,1018.6,1017.1,4.45,4.51,14.4,18.3,0,0,7.9,-16.0,0.05999999999999961,-1.5,6.0,11.64,19.119999999999997,1.4199999999999995,5.635,6.109999999999999,7.480000000000001,-15.1,-1.5100000000000022,2.4,64.1,49.0,October,14.199999999999996
Adelaide,7.7,19.9,0.0,3.4,11.4,W,30.0,13.0,15.0,56.0,43.0,1021.2,1018.1,4.45,4.51,14.1,19.4,0,0,12.2,-13.0,0.05999999999999961,-3.1000000000000227,2.0,12.07,19.32,1.1199999999999997,5.328,6.0,7.25,-15.5,-1.7299999999999955,3.2,64.7,49.2,October,11.199999999999996
Adelaide,12.3,26.7,0.0,4.2,10.3,E,31.0,11.0,13.0,36.0,22.0,1016.9,1012.8,4.45,4.51,19.2,25.9,0,0,14.399999999999999,-14.0,0.05999999999999961,-4.100000000000023,2.0,12.129999999999999,19.5,1.0799999999999996,5.121,6.01,7.369999999999999,-15.2,-1.85,3.6,65.2,50.0,October,10.799999999999995
Adelaide,19.2,22.0,0.0,6.4,2.8,NW,70.0,24.0,9.0,35.0,81.0,1010.7,1008.2,4.45,4.51,20.8,17.3,0,1,2.8000000000000007,46.0,0.05999999999999961,-2.5,-15.0,12.3,19.95,1.0799999999999996,4.994,5.9,7.65,-15.5,-1.9700000000000046,4.2,64.6,49.1,October,10.799999999999995
Adelaide,14.1,20.1,4.2,5.47,8.3,W,57.0,24.0,31.0,71.0,37.0,1014.6,1015.6,4.45,4.51,16.4,19.1,1,0,6.000000000000002,-34.0,0.05999999999999961,1.0,7.0,12.63,20.0,1.0799999999999996,4.214,6.180000000000001,7.369999999999999,-10.9,-2.039999999999998,2.9,64.9,54.0,October,10.799999999999995
Adelaide,11.5,18.8,0.2,5.47,11.3,SW,41.0,11.0,20.0,57.0,41.0,1025.7,1026.7,4.45,4.51,14.7,18.3,0,0,7.300000000000001,-16.0,0.05999999999999961,1.0,9.0,12.7,20.31,0.6399999999999997,4.581,6.99,7.609999999999999,-13.2,-1.7399999999999978,3.4,62.7,49.5,October,6.399999999999997
Adelaide,8.1,24.1,0.0,10.8,12.3,ENE,28.0,17.0,13.0,49.0,28.0,1032.3,1028.2,4.45,4.51,14.9,22.5,0,0,16.0,-21.0,0.05999999999999961,-4.099999999999909,-4.0,12.49,20.25,0.5799999999999997,5.068,7.790000000000001,7.76,-13.2,-1.4800000000000069,3.9,59.9,46.7,October,5.799999999999997
Adelaide,13.2,29.8,0.0,4.8,12.5,NNE,44.0,19.0,24.0,17.0,9.0,1026.5,1021.5,4.45,4.51,20.9,28.2,0,0,16.6,-8.0,0.05999999999999961,-5.0,5.0,11.870000000000001,20.8,0.5799999999999997,5.888,8.48,8.930000000000001,-12.9,-1.7399999999999978,2.9,57.0,44.1,October,5.799999999999997
Adelaide,18.7,34.5,0.0,7.4,11.4,NNW,54.0,13.0,20.0,27.0,11.0,1019.5,1016.4,4.45,4.51,27.3,33.7,0,0,15.8,-16.0,0.05999999999999961,-3.1000000000000227,7.0,12.040000000000001,21.830000000000002,0.5599999999999997,5.821,8.78,9.790000000000001,-11.0,-2.0799999999999956,2.5,51.2,40.2,October,5.599999999999997
Adelaide,22.1,25.3,0.0,7.8,1.2,WNW,48.0,9.0,13.0,43.0,70.0,1018.9,1021.0,4.45,4.51,24.4,19.7,0,1,3.1999999999999993,27.0,0.05999999999999961,2.1000000000000227,4.0,12.58,23.26,0.49999999999999967,6.014,9.190000000000001,10.68,-9.0,-2.1699999999999933,2.6,46.0,37.0,October,4.9999999999999964
Adelaide,15.8,21.9,8.2,1.8,0.7,NE,22.0,7.0,9.0,76.0,68.0,1023.8,1021.7,4.45,4.51,16.6,19.7,1,0,6.099999999999998,-8.0,0.05999999999999961,-2.099999999999909,2.0,13.830000000000002,24.05,0.49999999999999967,5.814,9.040000000000001,10.22,-6.5,-1.9299999999999955,2.3,45.4,38.9,October,4.9999999999999964
Adelaide,16.3,26.0,0.0,5.47,10.5,W,22.0,2.0,15.0,74.0,48.0,1022.0,1019.2,4.45,4.51,18.7,25.4,0,0,9.7,-26.0,0.05999999999999961,-2.7999999999999545,13.0,14.27,24.31,1.2599999999999996,5.754,8.22,10.04,-5.7,-1.9899999999999864,1.9,46.7,41.0,October,12.599999999999996
Adelaide,16.7,31.8,0.0,5.47,4.4,NNW,31.0,2.0,6.0,69.0,47.0,1016.0,1011.6,4.45,4.51,21.9,25.9,0,0,15.100000000000001,-22.0,0.05999999999999961,-4.399999999999977,4.0,15.13,24.92,1.2599999999999996,5.961,8.13,9.790000000000001,-7.0,-1.9599999999999795,3.0,48.5,41.5,October,12.599999999999996
Adelaide,19.0,22.5,0.2,10.0,1.7,SE,54.0,11.0,17.0,66.0,65.0,1008.9,1010.9,4.45,4.51,22.1,16.8,0,0,3.5,-1.0,0.05999999999999961,2.0,6.0,15.569999999999999,25.43,1.2599999999999996,6.087999999999999,7.540000000000001,9.86,-7.8,-1.989999999999975,3.2,51.8,44.0,October,12.599999999999996
Adelaide,9.8,19.1,0.0,4.2,12.4,SE,50.0,22.0,15.0,48.0,32.0,1019.6,1018.4,4.45,4.51,12.6,18.4,0,0,9.3,-16.0,0.05999999999999961,-1.2000000000000455,-7.0,15.55,25.48,1.2799999999999996,6.448,7.4300000000000015,9.930000000000001,-12.5,-1.539999999999975,5.3,54.9,42.4,October,12.799999999999995
Adelaide,10.7,20.7,0.0,3.6,10.9,ESE,46.0,6.0,13.0,54.0,42.0,1021.4,1019.1,4.45,4.51,13.9,19.2,0,0,10.0,-12.0,0.05999999999999961,-2.2999999999999545,7.0,15.120000000000001,25.380000000000003,0.8599999999999994,6.321,7.840000000000001,10.260000000000002,-10.7,-1.7599999999999796,3.9,52.6,41.9,October,8.599999999999994
Adelaide,9.8,27.6,0.0,1.0,10.1,W,28.0,11.0,11.0,44.0,25.0,1017.2,1013.5,4.45,4.51,18.3,25.6,0,0,17.8,-19.0,0.05999999999999961,-3.7000000000000455,0.0,15.040000000000001,25.57,0.8399999999999995,6.134,7.8,10.530000000000001,-10.3,-2.089999999999975,3.7,52.3,42.0,October,8.399999999999995
Adelaide,18.3,24.8,0.0,5.4,1.4,SW,35.0,9.0,9.0,54.0,91.0,1009.4,1009.9,4.45,4.51,22.7,18.7,0,1,6.5,37.0,0.05999999999999961,0.5,0.0,15.209999999999999,25.919999999999998,0.8399999999999995,5.154,7.580000000000001,10.71,-10.1,-2.0499999999999887,4.1,51.8,41.7,October,8.399999999999995
Adelaide,12.1,19.2,15.0,5.47,11.1,WSW,43.0,9.0,20.0,89.0,59.0,1017.4,1018.1,4.45,4.51,13.9,16.8,1,0,7.1,-30.0,0.05999999999999961,0.7000000000000455,11.0,15.719999999999999,25.419999999999998,0.8399999999999995,5.214,6.470000000000001,9.7,-5.6,-1.4999999999999887,3.6,55.5,49.9,October,8.399999999999995
Adelaide,11.3,19.5,0.0,5.47,11.5,SSE,43.0,13.0,19.0,49.0,38.0,1025.4,1023.9,4.45,4.51,14.0,18.9,0,0,8.2,-11.0,0.05999999999999961,-1.5000000000001137,6.0,15.060000000000002,23.889999999999997,2.3399999999999994,5.021,6.44,8.83,-7.0,-1.119999999999982,4.0,61.7,54.7,October,23.399999999999995
Adelaide,9.5,20.6,0.0,10.6,10.9,SSE,35.0,6.0,15.0,54.0,37.0,1028.7,1025.5,4.45,4.51,13.0,20.1,0,0,11.100000000000001,-17.0,0.05999999999999961,-3.2000000000000455,9.0,13.979999999999999,23.31,2.3399999999999994,4.787999999999999,7.470000000000001,9.33,-10.8,-1.4799999999999955,4.2,62.3,51.5,October,23.399999999999995
Adelaide,8.1,21.9,0.0,4.4,12.6,WSW,35.0,6.0,17.0,57.0,46.0,1025.4,1022.2,4.45,4.51,14.1,20.3,0,0,13.799999999999999,-11.0,0.05999999999999961,-3.2000000000000455,11.0,13.35,23.18,1.5199999999999996,5.668,8.49,9.830000000000002,-11.7,-1.5900000000000092,4.9,60.1,48.4,November,15.199999999999996
Adelaide,9.3,21.2,0.0,5.0,12.6,W,41.0,7.0,22.0,59.0,51.0,1021.4,1019.0,4.45,4.51,16.3,20.4,0,0,11.899999999999999,-8.0,0.05999999999999961,-2.3999999999999773,15.0,12.53,22.77,1.5199999999999996,5.561,8.7,10.24,-10.2,-1.630000000000018,4.7,58.4,48.2,November,15.199999999999996
Adelaide,13.3,24.2,0.0,5.4,7.5,SSE,30.0,2.0,11.0,68.0,47.0,1019.8,1017.5,4.45,4.51,16.0,23.0,0,0,10.899999999999999,-21.0,0.05999999999999961,-2.2999999999999545,9.0,11.79,21.71,1.5199999999999996,5.514,9.52,9.92,-8.8,-1.4300000000000181,5.8,57.4,48.6,November,15.199999999999996
Adelaide,11.5,32.2,0.0,3.8,11.8,ENE,26.0,6.0,7.0,54.0,18.0,1018.4,1013.6,4.45,4.51,18.9,30.0,0,0,20.700000000000003,-36.0,0.05999999999999961,-4.7999999999999545,1.0,11.220000000000002,21.880000000000003,1.4999999999999996,5.054,10.1,10.66,-10.8,-1.8600000000000136,6.1,57.6,46.8,November,14.999999999999996
Adelaide,18.0,34.8,0.0,5.47,8.3,N,43.0,15.0,20.0,23.0,13.0,1010.8,1006.2,4.45,4.51,28.2,33.5,0,0,16.799999999999997,-10.0,0.05999999999999961,-4.599999999999909,5.0,11.39,23.189999999999998,1.4999999999999996,5.014,10.040000000000001,11.8,-12.8,-2.2200000000000046,6.9,58.2,45.4,November,14.999999999999996
Adelaide,17.8,24.0,0.4,5.47,6.2,WNW,26.0,13.0,9.0,76.0,54.0,1010.8,1010.6,4.45,4.51,18.3,22.6,0,0,6.199999999999999,-22.0,0.05999999999999961,-0.1999999999999318,-4.0,12.120000000000001,24.6,1.4999999999999996,5.201,9.78,12.48,-12.6,-2.45,6.7,55.1,42.5,November,14.999999999999996
Adelaide,12.9,33.4,0.0,16.8,6.8,SSW,46.0,19.0,17.0,49.0,27.0,1009.6,1006.7,4.45,4.51,22.5,29.2,0,1,20.5,-22.0,0.05999999999999961,-2.8999999999999773,-2.0,12.919999999999998,24.240000000000002,1.5399999999999996,5.648,9.39,11.319999999999999,-12.9,-2.0999999999999885,6.3,58.3,45.4,November,15.399999999999997
Adelaide,18.0,29.5,5.6,4.4,7.4,NW,24.0,7.0,13.0,84.0,45.0,1010.6,1007.1,4.45,4.51,20.5,28.5,1,0,11.5,-39.0,0.05999999999999961,-3.5,6.0,12.379999999999999,25.1,1.5399999999999996,6.787999999999999,9.93,12.719999999999999,-18.8,-2.439999999999986,6.1,57.8,39.0,November,15.399999999999997
Adelaide,20.0,29.9,0.2,4.6,9.7,NNW,50.0,15.0,22.0,48.0,62.0,1006.5,1006.1,4.45,4.51,25.0,23.5,0,1,9.899999999999999,14.0,0.05999999999999961,-0.39999999999997726,7.0,12.970000000000002,26.130000000000003,0.5999999999999996,6.681,9.559999999999999,13.16,-19.7,-2.859999999999991,5.6,57.3,37.6,November,5.9999999999999964
Adelaide,13.2,21.4,3.4,6.8,11.9,WSW,41.0,19.0,15.0,60.0,46.0,1019.1,1020.3,4.45,4.51,17.0,20.3,1,0,8.2,-14.0,0.05999999999999961,1.1999999999999318,-4.0,13.84,27.169999999999998,0.6199999999999997,6.593999999999999,9.379999999999999,13.330000000000002,-17.2,-2.7499999999999774,5.7,57.2,40.0,November,6.199999999999997
Adelaide,11.9,26.3,0.0,4.8,9.9,WNW,35.0,11.0,17.0,48.0,24.0,1023.9,1020.0,4.45,4.51,18.4,25.7,0,0,14.4,-24.0,0.05999999999999961,-3.8999999999999773,6.0,14.209999999999999,27.25,0.9599999999999996,6.214,9.48,13.039999999999997,-16.9,-2.3099999999999796,4.4,57.8,40.9,November,9.599999999999996
Adelaide,12.0,30.9,0.0,5.47,7.7,NW,31.0,9.0,13.0,30.0,13.0,1018.8,1015.4,4.45,4.51,21.7,30.1,0,0,18.9,-17.0,0.05999999999999961,-3.3999999999999773,4.0,14.59,27.689999999999998,0.9599999999999996,6.254,9.209999999999999,13.1,-18.2,-2.379999999999973,3.9,56.9,38.7,November,9.599999999999996
Adelaide,21.4,32.8,0.0,5.47,8.3,W,43.0,7.0,26.0,32.0,26.0,1010.0,1005.4,4.45,4.51,23.8,31.8,0,0,11.399999999999999,-6.0,0.05999999999999961,-4.600000000000023,19.0,14.86,28.659999999999997,0.9599999999999996,6.301,8.72,13.8,-19.1,-2.479999999999973,2.8,54.0,34.9,November,9.599999999999996
Adelaide,14.5,25.1,0.0,17.0,12.3,NW,35.0,11.0,17.0,66.0,48.0,1013.7,1014.0,4.45,4.51,19.3,24.3,0,0,10.600000000000001,-18.0,0.05999999999999961,0.2999999999999545,6.0,15.670000000000002,29.52,0.9599999999999996,6.308,8.8,13.85,-17.6,-2.7099999999999795,3.8,50.4,32.8,November,9.599999999999996
Adelaide,14.6,29.0,0.0,5.6,10.7,SSE,37.0,13.0,19.0,44.0,29.0,1015.7,1014.1,4.45,4.51,22.9,27.1,0,0,14.4,-15.0,0.05999999999999961,-1.6000000000000227,6.0,15.970000000000002,28.810000000000002,0.9599999999999996,7.628,8.85,12.839999999999998,-15.8,-2.1999999999999886,4.3,51.6,35.8,November,9.599999999999996
Adelaide,14.3,27.7,0.2,6.2,10.5,E,33.0,6.0,7.0,50.0,26.0,1021.0,1016.1,4.45,4.51,16.5,26.1,0,0,13.399999999999999,-24.0,0.05999999999999961,-4.899999999999977,1.0,15.63,28.23,0.9599999999999996,7.641,9.09,12.6,-16.3,-1.9,4.4,53.7,37.4,November,9.599999999999996
Adelaide,16.5,32.9,0.0,7.0,12.5,ENE,37.0,17.0,15.0,39.0,28.0,1013.5,1011.3,4.45,4.51,25.9,31.0,0,0,16.4,-11.0,0.05999999999999961,-2.2000000000000455,-2.0,15.280000000000001,28.6,0.9399999999999997,7.714,9.52,13.320000000000002,-16.5,-2.3700000000000045,4.9,51.1,34.6,November,9.399999999999997
Adelaide,21.8,36.8,0.0,8.4,8.9,NW,61.0,13.0,22.0,28.0,19.0,1010.2,1007.4,4.45,4.51,29.6,36.5,0,0,14.999999999999996,-9.0,0.05999999999999961,-2.800000000000068,9.0,15.639999999999997,28.55,0.9399999999999997,6.734,10.09,12.91,-15.4,-2.3000000000000114,4.9,50.1,34.7,November,9.399999999999997
Adelaide,19.2,23.4,0.0,5.47,1.9,SW,41.0,11.0,19.0,63.0,59.0,1013.1,1012.9,4.45,4.51,21.3,20.8,0,0,4.199999999999999,-4.0,0.05999999999999961,-0.20000000000004547,8.0,16.02,29.279999999999994,0.37999999999999967,7.134,10.239999999999998,13.26,-12.4,-2.230000000000018,5.2,44.5,32.1,November,3.7999999999999967
Adelaide,11.8,21.5,0.2,5.47,10.8,W,41.0,4.0,15.0,68.0,40.0,1020.0,1019.2,4.45,4.51,15.4,20.5,0,0,9.7,-28.0,0.05999999999999961,-0.7999999999999545,11.0,15.939999999999998,28.630000000000003,0.35999999999999965,7.221000000000001,9.46,12.69,-14.2,-2.210000000000025,5.3,46.0,31.8,November,3.5999999999999965
Adelaide,11.4,23.0,0.0,14.0,8.5,WNW,30.0,6.0,9.0,58.0,34.0,1020.5,1016.4,4.45,4.51,16.3,21.9,0,0,11.6,-24.0,0.05999999999999961,-4.100000000000023,3.0,15.8,28.639999999999997,0.03999999999999965,7.087999999999999,9.35,12.839999999999998,-15.6,-2.4100000000000135,6.8,46.8,31.2,November,0.39999999999999647
Adelaide,12.7,21.7,0.0,6.0,5.3,SW,43.0,4.0,20.0,68.0,33.0,1015.2,1014.3,4.45,4.51,16.6,21.1,0,0,9.0,-35.0,0.05999999999999961,-0.900000000000091,16.0,15.75,28.310000000000002,0.03999999999999965,8.008,9.209999999999999,12.559999999999999,-15.6,-2.4300000000000184,6.5,47.8,32.2,November,0.39999999999999647
Adelaide,12.8,21.9,0.0,5.3,10.2,SSE,61.0,9.0,19.0,68.0,30.0,1023.7,1022.4,4.45,4.51,15.1,20.9,0,0,9.099999999999998,-38.0,0.05999999999999961,-1.3000000000000682,10.0,15.819999999999999,27.389999999999997,0.03999999999999965,8.061,8.97,11.569999999999999,-17.4,-2.1800000000000295,7.7,51.6,34.2,November,0.39999999999999647
Adelaide,11.6,24.8,0.0,7.0,10.6,SE,65.0,11.0,13.0,44.0,27.0,1024.7,1020.0,4.45,4.51,17.4,23.1,0,1,13.200000000000001,-17.0,0.05999999999999961,-4.7000000000000455,2.0,14.959999999999999,26.3,0.03999999999999965,8.044,9.16,11.339999999999998,-20.6,-1.850000000000034,6.8,55.2,34.6,November,0.39999999999999647
Adelaide,15.3,18.7,3.0,5.0,0.0,SW,37.0,9.0,19.0,90.0,75.0,1016.7,1013.6,4.45,4.51,16.2,17.4,1,1,3.3999999999999986,-15.0,0.05999999999999961,-3.1000000000000227,10.0,14.669999999999998,26.27,0.03999999999999965,7.044,8.989999999999998,11.599999999999998,-20.5,-2.3500000000000343,6.4,53.0,32.5,November,0.39999999999999647
Adelaide,14.9,21.6,6.0,5.47,5.3,SW,41.0,17.0,19.0,82.0,63.0,1011.4,1011.7,4.45,4.51,17.5,20.1,1,1,6.700000000000001,-19.0,0.05999999999999961,0.3000000000000682,2.0,14.74,25.240000000000002,0.33999999999999964,6.984,7.919999999999999,10.499999999999998,-20.5,-2.500000000000034,6.8,57.6,37.1,November,3.3999999999999964
Adelaide,12.0,28.5,2.8,5.47,12.4,NNW,24.0,9.0,13.0,68.0,34.0,1013.4,1012.7,4.45,4.51,16.8,26.2,1,0,16.5,-34.0,0.05999999999999961,-0.6999999999999318,4.0,14.8,24.63,0.9199999999999996,6.911,7.4,9.83,-20.0,-1.9800000000000295,6.9,60.8,40.8,November,9.199999999999996
Adelaide,16.0,33.5,0.0,10.2,6.4,NNW,41.0,17.0,9.0,32.0,22.0,1010.7,1007.2,4.45,4.51,26.1,31.3,0,0,17.5,-10.0,0.05999999999999961,-3.5,-8.0,14.35,24.189999999999998,1.1999999999999997,6.758,7.390000000000001,9.84,-22.3,-1.8300000000000183,7.5,63.7,41.4,November,11.999999999999996
Adelaide,20.4,30.2,0.0,6.6,2.5,SW,46.0,6.0,6.0,60.0,34.0,1005.5,1002.5,4.45,4.51,23.4,28.2,0,1,9.8,-26.0,0.05999999999999961,-3.0,0.0,13.770000000000001,23.86,1.1999999999999997,6.938,7.139999999999999,10.09,-22.4,-1.9000000000000115,5.8,64.1,41.7,November,11.999999999999996
Adelaide,13.7,19.7,3.4,4.2,12.8,W,50.0,28.0,24.0,43.0,27.0,1018.1,1020.9,4.45,4.51,15.6,18.9,1,0,6.0,-16.0,0.05999999999999961,2.7999999999999545,-4.0,13.89,24.54,1.1999999999999997,7.050999999999999,7.2,10.65,-24.6,-2.180000000000007,5.0,63.8,39.2,November,11.999999999999996
Adelaide,9.5,22.5,0.0,7.0,8.0,ESE,41.0,15.0,19.0,48.0,36.0,1027.6,1025.0,4.45,4.51,16.2,21.2,0,0,13.0,-12.0,0.05999999999999961,-2.599999999999909,4.0,14.080000000000002,24.36,1.5199999999999996,6.9239999999999995,7.4,10.28,-23.4,-1.8200000000000158,3.5,61.3,37.9,December,15.199999999999996
Adelaide,12.4,25.1,0.0,4.8,13.5,WSW,39.0,11.0,20.0,39.0,34.0,1025.0,1020.9,4.45,4.51,17.4,22.4,0,0,12.700000000000001,-5.0,0.05999999999999961,-4.100000000000023,9.0,13.89,24.31,1.5199999999999996,6.223999999999999,7.35,10.42,-22.2,-1.6700000000000046,3.6,60.3,38.1,December,15.199999999999996
Adelaide,12.9,25.7,0.0,5.47,13.5,SSE,48.0,9.0,13.0,56.0,36.0,1021.6,1018.6,4.45,4.51,18.2,24.1,0,0,12.799999999999999,-20.0,0.05999999999999961,-3.0,4.0,13.86,24.65,1.5199999999999996,6.104,8.17,10.790000000000001,-19.2,-1.9899999999999978,2.9,57.4,38.2,December,15.199999999999996
Adelaide,11.9,22.9,0.0,5.47,13.5,SE,41.0,13.0,20.0,41.0,25.0,1023.7,1020.1,4.45,4.51,15.8,22.3,0,0,10.999999999999998,-16.0,0.05999999999999961,-3.6000000000000227,7.0,13.87,25.029999999999998,1.5199999999999996,6.121,8.5,11.16,-17.4,-2.159999999999991,2.3,56.2,38.8,December,15.199999999999996
Adelaide,12.2,28.2,0.0,21.6,13.5,E,44.0,17.0,13.0,40.0,16.0,1019.8,1014.9,4.45,4.51,16.7,26.2,0,0,16.0,-24.0,0.05999999999999961,-4.899999999999977,-4.0,13.9,24.84,1.5199999999999996,5.968,8.790000000000001,10.940000000000001,-17.3,-2.0499999999999887,2.8,55.9,38.6,December,15.199999999999996
Adelaide,16.3,30.2,0.0,7.0,13.4,ESE,43.0,15.0,22.0,17.0,13.0,1013.9,1011.2,4.45,4.51,24.7,28.7,0,0,13.899999999999999,-4.0,0.05999999999999961,-2.699999999999932,7.0,13.589999999999998,25.79,1.2199999999999995,7.628,10.14,12.2,-18.2,-2.229999999999984,1.4,50.9,32.7,December,12.199999999999996
Adelaide,17.0,33.1,0.0,9.2,13.5,ESE,37.0,6.0,15.0,24.0,14.0,1010.5,1008.2,4.45,4.51,25.5,31.8,0,0,16.1,-10.0,0.05999999999999961,-2.2999999999999545,9.0,13.73,26.65,0.6199999999999996,7.781000000000001,10.95,12.919999999999998,-16.7,-2.5299999999999843,1.9,44.4,27.7,December,6.199999999999996
Adelaide,18.1,31.4,0.0,8.2,0.0,NW,44.0,2.0,4.0,40.0,21.0,1006.8,1004.5,4.45,4.51,23.0,30.5,0,1,13.299999999999997,-19.0,0.05999999999999961,-2.2999999999999545,2.0,14.23,27.110000000000003,0.33999999999999964,8.154,11.06,12.879999999999999,-14.3,-2.689999999999986,2.4,40.0,25.7,December,3.3999999999999964
Adelaide,18.5,23.0,2.4,3.6,0.0,NNE,50.0,11.0,22.0,89.0,60.0,1007.3,1005.6,4.45,4.51,18.8,21.7,1,1,4.5,-29.0,0.05999999999999961,-1.6999999999999318,11.0,14.440000000000001,26.9,0.33999999999999964,7.953999999999999,10.42,12.459999999999999,-15.2,-2.5699999999999816,3.4,40.8,25.6,December,3.3999999999999964
Adelaide,18.5,23.7,1.6,5.47,5.8,WSW,39.0,13.0,22.0,85.0,58.0,1007.3,1006.8,4.45,4.51,19.4,22.8,1,0,5.199999999999999,-27.0,0.05999999999999961,-0.5,9.0,14.25,26.18,0.5799999999999996,7.654000000000001,10.17,11.929999999999998,-15.5,-2.439999999999975,4.5,43.7,28.2,December,5.799999999999996
Adelaide,14.6,22.2,0.0,5.47,9.0,W,44.0,13.0,22.0,51.0,36.0,1012.3,1010.7,4.45,4.51,17.1,21.4,0,0,7.6,-15.0,0.05999999999999961,-1.599999999999909,9.0,14.73,26.580000000000002,0.39999999999999963,7.781000000000001,9.47,11.849999999999998,-16.6,-2.7699999999999703,5.8,47.9,31.3,December,3.9999999999999964
Adelaide,15.2,22.1,0.0,14.2,4.9,W,39.0,7.0,20.0,54.0,42.0,1013.5,1013.2,4.45,4.51,16.9,21.1,0,0,6.900000000000002,-12.0,0.05999999999999961,-0.2999999999999545,13.0,15.24,26.55,0.39999999999999963,7.628,9.57,11.309999999999999,-16.9,-2.6699999999999706,6.3,48.2,31.3,December,3.9999999999999964
Adelaide,14.2,23.6,0.2,4.8,10.3,SE,35.0,9.0,17.0,50.0,33.0,1018.1,1016.2,4.45,4.51,16.7,23.3,0,0,9.400000000000002,-17.0,0.05999999999999961,-1.8999999999999773,8.0,15.52,26.25,0.39999999999999963,8.568000000000001,8.71,10.729999999999999,-17.6,-2.2899999999999636,6.7,49.7,32.1,December,3.9999999999999964
Adelaide,12.9,26.8,0.0,7.4,10.3,ESE,41.0,19.0,7.0,39.0,27.0,1018.0,1014.8,4.45,4.51,17.4,26.2,0,0,13.9,-12.0,0.05999999999999961,-3.2000000000000455,-12.0,15.65,26.04,0.41999999999999965,8.501000000000001,8.39,10.389999999999999,-17.3,-2.1799999999999615,7.1,49.1,31.8,December,4.199999999999997
Adelaide,17.3,30.8,0.0,6.8,10.9,SE,54.0,13.0,19.0,30.0,18.0,1015.5,1013.0,4.45,4.51,22.5,29.8,0,0,13.5,-12.0,0.05999999999999961,-2.5,6.0,15.75,26.43,0.41999999999999965,8.693999999999999,8.07,10.68,-16.9,-2.1399999999999637,5.2,48.9,32.0,December,4.199999999999997
Adelaide,20.3,33.9,0.0,8.4,9.8,SE,48.0,17.0,17.0,33.0,12.0,1014.1,1011.3,4.45,4.51,25.2,32.5,0,0,13.599999999999998,-21.0,0.05999999999999961,-2.800000000000068,0.0,16.259999999999998,26.690000000000005,0.41999999999999965,7.214,7.8100000000000005,10.43,-15.7,-1.899999999999966,6.2,47.9,32.2,December,4.199999999999997
Adelaide,24.7,25.4,0.0,5.47,0.0,NNE,56.0,24.0,28.0,51.0,62.0,1009.9,1005.1,4.45,4.51,25.1,24.8,0,1,0.6999999999999993,11.0,0.05999999999999961,-4.7999999999999545,4.0,16.660000000000004,27.060000000000002,0.41999999999999965,7.353999999999999,7.45,10.4,-17.4,-1.9099999999999795,5.5,49.5,32.1,December,4.199999999999997
Adelaide,18.7,20.7,8.6,5.47,0.9,WNW,41.0,15.0,13.0,74.0,92.0,1004.7,1005.1,4.45,4.51,19.9,18.8,1,1,2.0,18.0,0.05999999999999961,0.39999999999997726,-2.0,17.43,26.29,0.41999999999999965,6.980999999999999,6.1,8.860000000000001,-15.3,-2.1599999999999797,5.0,52.2,36.9,December,4.199999999999997
Adelaide,16.5,25.0,5.4,12.6,10.9,WSW,35.0,11.0,11.0,61.0,45.0,1012.1,1011.8,4.45,4.51,19.3,23.7,1,0,8.5,-16.0,0.05999999999999961,-0.3000000000000682,0.0,17.49,25.22,1.2799999999999998,6.708,6.1899999999999995,7.730000000000001,-11.6,-1.8899999999999864,4.6,55.6,44.0,December,12.799999999999997
Adelaide,14.4,24.9,0.0,6.4,4.4,ESE,30.0,7.0,11.0,61.0,48.0,1016.6,1015.6,4.45,4.51,17.8,22.8,0,0,10.499999999999998,-13.0,0.05999999999999961,-1.0,4.0,17.29,25.419999999999998,1.5799999999999996,7.608,7.280000000000001,8.13,-10.3,-1.75,3.5,52.8,42.5,December,15.799999999999995
Adelaide,17.8,30.9,0.0,4.2,13.6,E,39.0,19.0,17.0,43.0,24.0,1016.8,1014.2,4.45,4.51,23.1,30.4,0,0,13.099999999999998,-19.0,0.05999999999999961,-2.599999999999909,-2.0,16.88,25.54,1.4199999999999995,7.700999999999999,7.140000000000001,8.66,-8.9,-1.8,3.0,50.4,41.5,December,14.199999999999996
Adelaide,15.7,32.1,0.0,9.2,12.6,SW,28.0,6.0,17.0,36.0,17.0,1014.8,1012.9,4.45,4.51,23.9,31.6,0,0,16.400000000000002,-19.0,0.05999999999999961,-1.8999999999999773,11.0,17.2,26.409999999999997,1.4199999999999995,7.574,7.6,9.209999999999999,-9.3,-1.9,1.9,49.6,40.3,December,14.199999999999996
Adelaide,17.5,33.3,0.0,8.0,12.7,WSW,33.0,0.0,13.0,31.0,9.0,1012.5,1010.7,4.45,4.51,25.1,32.4,0,0,15.799999999999997,-22.0,0.05999999999999961,-1.7999999999999545,13.0,17.25,27.410000000000004,1.4199999999999995,7.074,8.370000000000001,10.16,-10.0,-2.0600000000000023,1.7,47.8,37.8,December,14.199999999999996
Adelaide,20.2,39.0,0.0,5.47,9.3,SW,24.0,6.0,13.0,40.0,12.0,1010.1,1006.2,4.45,4.51,26.6,35.7,0,0,18.8,-28.0,0.05999999999999961,-3.8999999999999773,7.0,17.58,28.380000000000003,1.3999999999999997,7.394,8.61,10.8,-10.5,-2.05,2.2,45.9,35.4,December,13.999999999999996
Adelaide,22.3,29.9,0.0,5.47,8.4,S,35.0,11.0,9.0,65.0,48.0,1006.7,1005.4,4.45,4.51,24.6,26.2,0,0,7.599999999999998,-17.0,0.05999999999999961,-1.3000000000000682,-2.0,18.31,29.6,1.3999999999999997,7.200999999999999,8.510000000000002,11.29,-12.1,-2.119999999999993,4.1,46.0,33.9,December,13.999999999999996
Adelaide,16.7,24.1,0.0,22.4,11.2,SW,48.0,13.0,24.0,58.0,40.0,1013.2,1012.7,4.45,4.51,18.2,23.0,0,0,7.400000000000002,-18.0,0.05999999999999961,-0.5,11.0,18.81,29.509999999999998,1.3999999999999997,7.068,8.26,10.7,-12.6,-2.0,3.3,49.5,36.9,December,13.999999999999996
Adelaide,15.5,22.8,0.0,5.47,3.4,WSW,33.0,15.0,17.0,50.0,52.0,1016.8,1016.0,4.45,4.51,19.8,21.5,0,0,7.300000000000001,2.0,0.05999999999999961,-0.7999999999999545,2.0,18.45,28.53,1.3999999999999997,8.468,8.4,10.08,-12.3,-1.7699999999999931,4.4,52.0,39.7,December,13.999999999999996
Adelaide,14.4,28.8,0.0,11.6,13.3,W,31.0,17.0,13.0,55.0,19.0,1018.1,1014.9,4.45,4.51,20.0,28.1,0,0,14.4,-36.0,0.05999999999999961,-3.2000000000000455,-4.0,17.53,28.270000000000003,1.3999999999999997,8.468,8.74,10.739999999999998,-13.2,-1.3699999999999932,4.2,51.9,38.7,December,13.999999999999996
Adelaide,13.3,31.0,0.0,5.47,13.2,SSE,37.0,7.0,20.0,40.0,29.0,1017.9,1016.0,4.45,4.51,20.3,28.1,0,0,17.7,-11.0,0.05999999999999961,-1.8999999999999773,13.0,17.1,29.079999999999995,0.5399999999999997,9.081,9.98,11.98,-18.6,-1.7299999999999955,4.0,50.0,31.4,December,5.399999999999997
Adelaide,17.1,34.5,0.0,5.47,13.1,SW,35.0,4.0,19.0,34.0,16.0,1015.9,1014.1,4.45,4.51,26.8,33.1,0,0,17.4,-18.0,0.05999999999999961,-1.7999999999999545,15.0,16.779999999999998,29.679999999999996,0.0,8.368,10.21,12.9,-18.1,-1.8899999999999864,5.3,47.9,29.8,December,0.0
Adelaide,19.8,38.0,0.0,24.4,7.61,SW,35.0,13.0,20.0,15.0,9.0,1013.8,1012.2,4.45,4.51,31.7,36.4,0,0,18.2,-6.0,0.05999999999999961,-1.599999999999909,7.0,17.05,30.639999999999997,0.0,8.275,11.08,13.589999999999998,-18.6,-1.9699999999999818,6.4,45.2,26.6,December,0.0
Adelaide,25.1,41.6,2.36,5.47,13.2,WNW,35.0,6.0,13.0,26.0,9.0,1010.9,1008.7,4.45,4.51,31.8,41.1,0,0,16.5,-17.0,0.05999999999999961,-2.199999999999932,7.0,17.25,31.35,0.0,10.294999999999998,10.481,14.1,-17.3,-1.869999999999982,7.3,42.4,25.1,January,0.0
Adelaide,29.2,40.6,2.36,5.47,11.4,NNW,56.0,17.0,17.0,14.0,19.0,1010.0,1009.1,4.45,4.51,34.7,35.2,0,0,11.400000000000002,5.0,0.05999999999999961,-0.8999999999999773,0.0,18.19,32.3,0.23599999999999963,9.922,10.541,14.11,-17.1,-1.8999999999999773,6.9,41.4,24.3,January,2.3599999999999963
Adelaide,25.3,35.9,0.2,35.0,10.4,SW,44.0,9.0,15.0,61.0,24.0,1013.4,1011.3,4.45,4.51,26.8,35.0,0,0,10.599999999999998,-37.0,0.05999999999999961,-2.1000000000000227,6.0,19.360000000000003,33.03,0.47199999999999964,9.669,10.411,13.670000000000002,-14.4,-1.8099999999999796,5.6,39.7,25.3,January,4.719999999999996
Adelaide,17.5,26.4,0.0,9.4,13.3,SSE,41.0,17.0,17.0,68.88,32.0,1020.9,1019.1,4.45,4.51,16.99,26.3,0,0,8.899999999999999,-36.879999999999995,0.05999999999999961,-1.7999999999999545,0.0,19.869999999999997,32.72,0.49199999999999966,12.621999999999998,10.520999999999999,12.85,-15.3,-1.6299999999999841,5.5,41.8,26.5,January,4.919999999999996
Adelaide,15.5,27.9,0.0,8.6,13.6,SE,50.0,13.0,19.0,44.0,27.0,1018.9,1016.5,4.45,4.51,19.9,26.5,0,0,12.399999999999999,-17.0,0.05999999999999961,-2.3999999999999773,6.0,19.39,32.37,0.49199999999999966,13.014999999999997,11.011,12.98,-17.288,-1.6799999999999726,5.7,42.188,24.9,January,4.919999999999996
Adelaide,15.2,33.1,0.0,8.4,12.5,E,50.0,19.0,15.0,37.0,16.0,1016.0,1010.9,4.45,4.51,19.1,30.4,0,0,17.900000000000002,-21.0,0.05999999999999961,-5.100000000000023,-4.0,19.27,32.75,0.49199999999999966,11.635,11.251000000000001,13.479999999999999,-17.188,-1.8699999999999704,5.2,40.788,23.6,January,4.919999999999996
Adelaide,19.1,33.1,0.0,5.47,0.9,NW,61.0,13.0,19.0,18.0,51.0,1002.3,1002.8,4.45,4.51,31.1,29.7,0,1,14.0,33.0,0.05999999999999961,0.5,6.0,19.240000000000002,33.779999999999994,0.49199999999999966,11.928,12.161,14.540000000000001,-19.488,-2.299999999999977,4.6,39.488,20.0,January,4.919999999999996
Adelaide,17.9,22.2,7.8,5.47,4.3,WSW,56.0,24.0,22.0,66.0,60.0,1007.4,1008.8,4.45,4.51,20.3,18.9,1,1,4.300000000000001,-6.0,0.05999999999999961,1.3999999999999773,-2.0,19.71,34.21,0.49199999999999966,11.315000000000001,10.921,14.5,-12.588,-1.9299999999999726,5.6,35.788,23.2,January,4.919999999999996
Adelaide,14.1,22.5,4.6,16.0,5.6,WSW,48.0,20.0,20.0,47.0,46.0,1015.3,1015.8,4.45,4.51,17.6,21.4,1,1,8.4,-1.0,0.05999999999999961,0.5,0.0,20.17,33.33,1.2719999999999996,11.315,10.030999999999999,13.16,-12.088,-1.5999999999999772,4.1,38.388,26.3,January,12.719999999999995
Adelaide,15.7,22.1,1.2,4.2,9.7,SW,39.0,17.0,19.0,66.0,40.0,1017.5,1016.3,4.45,4.51,18.1,21.3,1,0,6.400000000000002,-26.0,0.05999999999999961,-1.2000000000000455,2.0,19.87,32.13,1.7319999999999998,12.367999999999999,9.281,12.26,-10.388,-1.369999999999982,2.6,39.688,29.3,January,17.319999999999997
Adelaide,15.8,22.8,0.0,6.2,9.6,SW,52.0,20.0,22.0,52.0,38.0,1018.5,1019.4,4.45,4.51,17.3,21.1,0,0,7.0,-14.0,0.05999999999999961,0.8999999999999773,2.0,19.46,30.540000000000003,1.8519999999999996,10.348,9.49,11.08,-12.388,-1.3299999999999954,2.1,44.788,32.4,January,18.519999999999996
Adelaide,14.4,25.6,0.0,6.0,8.2,SSE,35.0,9.0,15.0,56.0,35.0,1024.2,1020.7,4.45,4.51,15.6,23.6,0,0,11.200000000000001,-21.0,0.05999999999999961,-3.5,6.0,18.53,28.660000000000004,1.6159999999999997,10.421,9.129999999999999,10.129999999999999,-12.088,-1.0200000000000045,1.6,47.388,35.3,January,16.159999999999997
Adelaide,15.6,26.8,0.0,5.6,9.3,SSE,39.0,4.0,19.0,56.0,30.0,1021.7,1019.4,4.45,4.51,19.4,26.6,0,0,11.200000000000001,-26.0,0.05999999999999961,-2.300000000000068,15.0,17.05,27.160000000000004,1.3799999999999997,10.474,8.81,10.110000000000001,-14.687999999999999,-1.280000000000007,2.2,51.588,36.9,January,13.799999999999997
Adelaide,14.4,25.3,0.0,5.47,13.5,ESE,43.0,9.0,20.0,51.0,31.0,1021.0,1018.2,4.45,4.51,17.8,24.0,0,0,10.9,-20.0,0.05999999999999961,-2.7999999999999545,11.0,16.080000000000002,26.25,1.3599999999999997,7.534000000000001,8.7,10.17,-13.588,-1.3000000000000114,3.1,51.088,37.5,January,13.599999999999996
Adelaide,14.4,30.0,0.0,5.47,13.5,ESE,33.0,9.0,20.0,48.0,36.0,1018.6,1015.1,4.45,4.51,19.4,27.2,0,0,15.6,-12.0,0.05999999999999961,-3.5,11.0,15.770000000000001,26.139999999999997,1.3599999999999997,7.141,8.72,10.370000000000001,-11.9,-1.4000000000000115,4.2,49.3,37.4,January,13.599999999999996
Adelaide,15.1,37.4,0.0,20.0,13.5,WNW,33.0,11.0,15.0,25.0,19.0,1012.6,1010.0,4.45,4.51,28.1,36.3,0,0,22.299999999999997,-6.0,0.05999999999999961,-2.6000000000000227,4.0,15.660000000000002,26.35,1.3599999999999997,6.828,8.709999999999999,10.690000000000001,-11.4,-1.5100000000000136,4.7,49.7,38.3,January,13.599999999999996
Adelaide,21.6,39.2,0.0,10.4,6.0,NNW,56.0,17.0,19.0,27.0,23.0,1010.4,1009.1,4.45,4.51,31.7,34.3,0,0,17.6,-4.0,0.05999999999999961,-1.2999999999999545,2.0,15.65,26.78,1.3599999999999997,7.9879999999999995,8.809999999999999,11.129999999999999,-9.9,-1.2600000000000136,5.5,48.5,38.6,January,13.599999999999996
Adelaide,20.8,28.9,0.0,8.0,13.2,SSE,33.0,11.0,17.0,57.0,42.0,1015.4,1015.3,4.45,4.51,23.0,27.6,0,0,8.099999999999998,-15.0,0.05999999999999961,-0.10000000000002274,6.0,15.9,27.389999999999997,1.3599999999999997,8.481,9.32,11.49,-13.6,-1.440000000000009,5.1,49.4,35.8,January,13.599999999999996
Adelaide,16.0,32.3,0.0,8.0,12.5,SSE,43.0,7.0,17.0,32.0,29.0,1017.5,1015.3,4.45,4.51,22.0,31.0,0,0,16.299999999999997,-3.0,0.05999999999999961,-2.2000000000000455,10.0,16.19,28.060000000000002,0.5799999999999996,8.734,10.21,11.870000000000001,-14.5,-1.5900000000000092,5.9,48.5,34.0,January,5.799999999999996
Adelaide,19.0,32.0,0.0,8.8,10.9,SSE,33.0,7.0,15.0,57.0,31.0,1015.9,1013.1,4.45,4.51,21.6,31.4,0,0,13.0,-26.0,0.05999999999999961,-2.7999999999999545,8.0,16.380000000000003,29.040000000000003,0.11999999999999963,7.934,10.9,12.66,-14.7,-1.8600000000000136,6.9,47.0,32.3,January,1.1999999999999964
Adelaide,16.5,32.2,0.0,5.47,13.4,ESE,30.0,6.0,11.0,51.0,33.0,1015.2,1012.6,4.45,4.51,20.8,30.2,0,0,15.700000000000003,-18.0,0.05999999999999961,-2.6000000000000227,5.0,16.71,30.03,0.0,8.394,11.02,13.319999999999999,-14.7,-2.0200000000000045,7.5,46.1,31.4,January,0.0
Adelaide,20.8,36.8,0.0,5.47,13.3,ENE,43.0,6.0,17.0,38.0,26.0,1013.6,1012.0,4.45,4.51,29.9,36.2,0,0,15.999999999999996,-12.0,0.05999999999999961,-1.6000000000000227,11.0,16.78,30.97,0.0,8.321,11.4,14.190000000000001,-15.1,-2.3700000000000045,7.8,46.0,30.9,January,0.0
Adelaide,27.6,38.0,0.0,26.8,13.2,NE,43.0,11.0,22.0,33.0,25.0,1013.8,1010.8,4.45,4.51,30.9,37.5,0,0,10.399999999999999,-8.0,0.05999999999999961,-3.0,11.0,17.419999999999998,32.09,0.0,8.268,11.91,14.669999999999998,-14.2,-2.180000000000007,8.3,44.2,30.0,January,0.0
Adelaide,24.3,37.3,0.0,10.0,13.2,SE,43.0,7.0,17.0,38.0,26.0,1012.7,1010.8,4.45,4.51,30.3,36.3,0,0,12.999999999999996,-12.0,0.05999999999999961,-1.900000000000091,10.0,18.619999999999997,33.21,0.0,10.388000000000002,12.3,14.589999999999998,-12.4,-2.25,7.9,41.9,29.5,January,0.0
Adelaide,22.4,35.8,0.0,11.2,13.2,ESE,43.0,7.0,13.0,50.0,32.0,1012.9,1010.9,4.45,4.51,26.1,35.1,0,0,13.399999999999999,-18.0,0.05999999999999961,-2.0,6.0,19.61,34.41,0.0,10.841000000000001,12.27,14.799999999999997,-11.6,-2.1600000000000135,7.8,40.6,29.0,January,0.0
Adelaide,19.2,32.0,0.0,5.47,13.1,SE,43.0,13.0,20.0,50.0,38.0,1015.3,1013.0,4.45,4.51,22.8,31.6,0,0,12.8,-12.0,0.05999999999999961,-2.2999999999999545,7.0,20.41,34.989999999999995,0.0,11.414000000000001,12.239999999999998,14.579999999999998,-12.2,-2.0100000000000136,7.3,40.8,28.6,January,0.0
Adelaide,19.8,34.2,0.0,18.8,13.1,ESE,52.0,9.0,15.0,49.0,28.0,1012.5,1008.5,4.45,4.51,23.9,32.8,0,0,14.400000000000002,-21.0,0.05999999999999961,-4.0,6.0,20.82,34.45,0.0,9.961000000000002,12.2,13.629999999999999,-12.8,-1.9800000000000069,7.6,43.3,30.5,January,0.0
Adelaide,22.9,35.1,0.0,5.47,11.3,E,63.0,13.0,11.0,50.0,35.0,1007.5,1003.9,4.45,4.51,29.2,33.5,0,1,12.200000000000003,-15.0,0.05999999999999961,-3.6000000000000227,-2.0,20.64,33.949999999999996,0.0,10.801,12.91,13.309999999999999,-14.5,-2.2500000000000115,8.0,45.5,31.0,January,0.0
Adelaide,23.4,31.3,4.2,5.47,7.6,NE,33.0,13.0,17.0,69.0,50.0,1002.5,998.0,4.45,4.51,25.2,30.3,1,0,7.900000000000002,-19.0,0.05999999999999961,-4.5,4.0,20.85,34.57,0.0,10.548,12.719999999999999,13.719999999999999,-14.5,-2.600000000000011,7.2,44.8,30.3,January,0.0
Adelaide,19.9,24.8,0.0,25.6,10.1,SW,61.0,20.0,31.0,73.0,47.0,1000.5,1005.0,4.45,4.51,20.3,23.0,0,0,4.900000000000002,-26.0,0.05999999999999961,4.5,11.0,21.589999999999996,34.47,0.41999999999999965,10.295,12.23,12.88,-16.1,-2.8300000000000067,6.6,48.5,32.4,January,4.199999999999997
Adelaide,15.1,22.3,0.0,7.4,7.8,SE,54.0,13.0,20.0,45.0,37.0,1017.8,1017.2,4.45,4.51,17.2,20.5,0,0,7.200000000000001,-8.0,0.05999999999999961,-0.599999999999909,7.0,21.68,33.75,0.41999999999999965,11.975,12.15,12.07,-16.1,-2.100000000000011,6.9,50.1,34.0,January,4.199999999999997
Adelaide,13.6,23.9,0.0,7.0,12.4,ESE,65.0,13.0,17.0,51.0,29.0,1018.2,1014.7,4.45,4.51,16.5,23.5,0,0,10.299999999999999,-22.0,0.05999999999999961,-3.5,4.0,21.54,32.76,0.41999999999999965,12.168000000000001,11.59,11.22,-15.1,-1.9,7.1,49.5,34.4,February,4.199999999999997
Adelaide,15.0,29.0,0.0,6.0,13.0,SW,46.0,6.0,24.0,56.0,30.0,1012.1,1008.1,4.45,4.51,18.9,27.7,0,0,14.0,-26.0,0.05999999999999961,-4.0,18.0,20.82,31.47,0.41999999999999965,12.321000000000002,11.5,10.650000000000002,-16.1,-2.0899999999999976,6.4,50.8,34.7,February,4.199999999999997
Adelaide,14.3,27.7,0.0,8.8,11.5,WSW,30.0,6.0,15.0,55.0,31.0,1008.6,1006.2,4.45,4.51,19.1,26.8,0,0,13.399999999999999,-24.0,0.05999999999999961,-2.3999999999999773,9.0,19.559999999999995,30.57,0.41999999999999965,10.241,11.48,11.010000000000002,-17.9,-2.1899999999999977,7.1,53.1,35.2,February,4.199999999999997
Adelaide,14.9,30.4,0.0,5.47,5.9,WSW,24.0,2.0,6.0,56.0,31.0,1003.5,999.6,4.45,4.51,20.6,28.4,0,1,15.499999999999998,-25.0,0.05999999999999961,-3.8999999999999773,4.0,18.56,29.610000000000003,0.41999999999999965,10.120999999999999,11.309999999999999,11.05,-19.1,-2.2399999999999864,7.0,54.8,35.7,February,4.199999999999997
Adelaide,14.2,20.5,14.6,5.47,7.61,WSW,57.0,19.0,24.0,85.0,55.0,1000.2,1004.2,4.45,4.51,16.2,18.6,1,1,6.300000000000001,-30.0,0.05999999999999961,4.0,5.0,17.81,29.07,0.41999999999999965,9.547999999999998,10.580000000000002,11.260000000000002,-19.8,-2.429999999999984,6.8,55.4,35.6,February,4.199999999999997
Adelaide,14.0,22.4,1.4,12.6,11.8,W,41.0,15.0,17.0,52.0,44.0,1011.8,1011.3,4.45,4.51,16.8,21.6,1,0,8.399999999999999,-8.0,0.05999999999999961,-0.5,2.0,17.31,27.919999999999998,1.8799999999999997,9.547999999999998,10.031,10.610000000000001,-21.6,-1.7999999999999887,6.6,58.9,37.3,February,18.799999999999997
Adelaide,13.9,21.7,0.8,5.0,1.4,SSW,37.0,9.0,15.0,62.0,45.0,1014.4,1013.9,4.45,4.51,17.1,21.3,0,0,7.799999999999999,-17.0,0.05999999999999961,-0.5,6.0,16.729999999999997,26.74,2.0199999999999996,8.928,9.901,10.010000000000002,-20.3,-1.4499999999999886,6.2,59.2,38.9,February,20.199999999999996
Adelaide,13.3,21.1,0.0,5.0,0.4,SW,28.0,9.0,11.0,55.0,39.0,1017.7,1016.2,4.45,4.51,16.1,20.7,0,0,7.800000000000001,-16.0,0.05999999999999961,-1.5,2.0,15.829999999999998,25.4,2.0999999999999996,8.881,8.911000000000001,9.57,-20.5,-1.1399999999999864,7.0,60.4,39.9,February,20.999999999999996
Adelaide,12.6,22.5,0.0,2.2,3.9,SE,33.0,7.0,15.0,49.0,41.0,1016.0,1014.1,4.45,4.51,16.5,20.7,0,0,9.9,-8.0,0.05999999999999961,-1.8999999999999773,8.0,14.820000000000002,24.38,1.6799999999999997,8.834,8.190999999999999,9.559999999999999,-20.2,-0.8399999999999863,6.8,59.0,38.8,February,16.799999999999997
Adelaide,14.3,20.2,0.0,4.0,2.4,SSW,39.0,11.0,19.0,67.0,75.0,1016.4,1015.6,4.45,4.51,16.3,18.2,0,1,5.899999999999999,8.0,0.05999999999999961,-0.7999999999999545,8.0,14.09,24.15,1.6799999999999997,6.494,7.571000000000001,10.059999999999999,-18.4,-1.479999999999984,6.5,56.6,38.2,February,16.799999999999997
Adelaide,15.1,23.8,6.8,5.47,6.7,SSE,35.0,15.0,13.0,77.0,44.0,1018.0,1017.0,4.45,4.51,17.1,21.8,1,0,8.700000000000001,-33.0,0.05999999999999961,-1.0,-2.0,14.01,23.939999999999998,1.6799999999999997,6.154,7.031000000000001,9.929999999999998,-16.8,-1.4999999999999887,6.6,58.8,42.0,February,16.799999999999997
Adelaide,12.0,24.1,0.0,5.47,12.7,SSE,43.0,7.0,17.0,62.0,43.0,1019.9,1017.5,4.45,4.51,17.6,22.9,0,0,12.100000000000001,-19.0,0.05999999999999961,-2.3999999999999773,10.0,14.16,23.93,2.3599999999999994,6.001,6.461,9.77,-17.9,-1.2499999999999887,6.0,61.4,43.5,February,23.599999999999994
Adelaide,14.2,30.1,0.0,11.2,12.4,W,40.04,4.0,2.0,56.0,25.0,1018.5,1016.6,4.45,4.51,20.6,29.6,0,0,15.900000000000002,-31.0,0.05999999999999961,-1.8999999999999773,-2.0,13.86,23.439999999999998,2.3599999999999994,5.948,6.431,9.58,-17.2,-1.0899999999999863,5.2,62.0,44.8,February,23.599999999999994
Adelaide,17.9,35.3,0.0,7.2,6.3,NNW,39.0,17.0,15.0,22.0,14.0,1016.0,1014.0,4.45,4.51,26.9,34.1,0,0,17.4,-8.0,0.05999999999999961,-2.0,-2.0,13.85,23.68,2.3599999999999994,6.188,6.521000000000001,9.830000000000002,-17.9,-1.0399999999999863,4.1,62.1,44.2,February,23.599999999999994
Adelaide,23.6,28.3,0.0,7.8,7.8,SW,33.0,4.0,13.0,59.0,46.0,1013.0,1012.8,4.45,4.51,25.3,27.1,0,0,4.699999999999999,-13.0,0.05999999999999961,-0.20000000000004547,9.0,14.15,24.169999999999998,2.3599999999999994,6.361,6.561,10.02,-16.2,-0.8499999999999887,3.5,58.7,42.5,February,23.599999999999994
Adelaide,17.0,29.2,0.2,4.6,12.7,SSW,35.0,9.0,22.0,68.0,46.0,1016.2,1014.4,4.45,4.51,20.3,26.0,0,0,12.2,-22.0,0.05999999999999961,-1.8000000000000682,13.0,15.09,24.95,0.8999999999999995,6.593999999999999,6.580000000000001,9.860000000000001,-14.5,-1.2699999999999931,3.9,56.1,41.6,February,8.999999999999995
Adelaide,15.1,31.6,0.0,5.8,9.2,WNW,30.0,6.0,17.0,62.0,32.0,1016.1,1014.3,4.45,4.51,18.8,29.9,0,0,16.5,-30.0,0.05999999999999961,-1.8000000000000682,11.0,15.39,25.630000000000003,0.7799999999999995,5.794,6.67,10.24,-15.9,-1.4,5.0,57.7,41.8,February,7.7999999999999945
Adelaide,18.8,35.9,0.0,5.47,11.1,ESE,39.0,7.0,13.0,43.0,24.0,1014.4,1011.5,4.45,4.51,26.0,33.9,0,0,17.099999999999998,-19.0,0.05999999999999961,-2.8999999999999773,6.0,15.51,26.619999999999997,0.6999999999999995,5.874,7.45,11.11,-17.2,-1.530000000000007,5.5,57.7,40.5,February,6.999999999999995
Adelaide,22.4,32.7,0.6,5.47,5.0,WSW,31.0,7.0,20.0,48.0,22.0,1012.1,1013.3,4.45,4.51,26.1,32.0,0,0,10.300000000000004,-26.0,0.05999999999999961,1.1999999999999318,13.0,16.060000000000002,28.1,0.6999999999999995,5.920999999999999,8.52,12.040000000000001,-17.5,-1.6700000000000046,5.9,56.5,39.0,February,6.999999999999995
Adelaide,18.7,28.0,0.0,20.6,12.1,S,39.0,13.0,19.0,63.0,38.0,1015.1,1013.6,4.45,4.51,21.6,26.8,0,0,9.3,-25.0,0.05999999999999961,-1.5,6.0,17.04,29.119999999999997,0.7599999999999995,6.247999999999999,8.629999999999999,12.08,-19.3,-1.3600000000000136,6.4,56.4,37.1,February,7.599999999999994
Adelaide,16.0,27.4,0.0,6.6,11.6,SE,35.0,9.0,13.0,66.0,39.0,1015.9,1014.1,4.45,4.51,18.9,25.3,0,0,11.399999999999999,-27.0,0.05999999999999961,-1.7999999999999545,4.0,17.48,29.9,0.7599999999999995,7.9079999999999995,9.6,12.420000000000002,-22.6,-1.4300000000000181,6.2,56.0,33.4,February,7.599999999999994
Adelaide,15.1,30.0,0.0,5.6,12.1,SW,35.0,4.0,15.0,60.0,31.0,1016.4,1014.8,4.45,4.51,20.0,29.3,0,0,14.9,-29.0,0.05999999999999961,-1.6000000000000227,11.0,17.57,30.26,0.07999999999999947,8.021,10.09,12.690000000000001,-22.0,-1.5100000000000136,6.8,54.9,32.9,February,0.7999999999999947
Adelaide,15.4,34.8,0.0,5.8,12.4,WNW,26.0,0.0,13.0,47.0,17.0,1018.9,1017.3,4.45,4.51,22.5,33.5,0,0,19.4,-30.0,0.05999999999999961,-1.6000000000000227,13.0,17.880000000000003,30.85,0.07999999999999947,8.034,10.03,12.969999999999999,-23.0,-1.4300000000000181,6.9,54.7,31.7,February,0.7999999999999947
Adelaide,22.2,39.2,0.0,8.0,12.4,N,41.0,11.0,15.0,16.0,11.0,1016.6,1013.7,4.45,4.51,30.9,38.4,0,0,17.000000000000004,-5.0,0.05999999999999961,-2.8999999999999773,4.0,18.0,31.32,0.07999999999999947,7.494,10.03,13.319999999999999,-22.9,-1.4000000000000228,8.4,53.8,30.9,February,0.7999999999999947
Adelaide,25.4,40.3,0.0,5.47,12.0,N,37.0,17.0,15.0,24.0,18.0,1012.2,1009.3,4.45,4.51,32.6,39.7,0,0,14.899999999999999,-6.0,0.05999999999999961,-2.900000000000091,-2.0,18.43,31.71,0.07999999999999947,7.574,10.639999999999999,13.280000000000001,-22.6,-1.4900000000000204,9.0,53.2,30.6,February,0.7999999999999947
Adelaide,28.1,33.1,0.0,5.47,2.6,N,48.0,15.0,15.0,25.0,37.0,1008.6,1008.8,4.45,4.51,30.7,30.7,0,0,5.0,12.0,0.05999999999999961,0.1999999999999318,0.0,18.61,32.91,0.07999999999999947,7.340999999999999,11.059999999999999,14.3,-21.9,-1.760000000000025,7.9,49.7,27.8,February,0.7999999999999947
Adelaide,23.0,32.3,0.2,24.2,6.0,SE,31.0,11.0,13.0,70.0,40.0,1011.3,1009.7,4.45,4.51,23.3,31.8,0,0,9.299999999999997,-30.0,0.05999999999999961,-1.599999999999909,2.0,19.72,33.3,0.05999999999999948,7.428,10.05,13.579999999999998,-18.5,-1.560000000000025,6.6,45.4,26.9,February,0.5999999999999948
Adelaide,19.0,23.5,0.0,6.4,0.9,SSE,37.0,11.0,15.0,61.0,45.0,1014.0,1013.9,4.45,4.51,19.1,22.7,0,0,4.5,-16.0,0.05999999999999961,-0.10000000000002274,4.0,20.509999999999998,33.37,0.07999999999999947,9.267999999999999,9.73,12.86,-18.5,-1.5400000000000091,5.7,46.2,27.7,February,0.7999999999999947
Adelaide,18.6,19.1,0.4,4.0,0.0,SE,33.0,4.0,17.0,79.0,84.0,1012.3,1010.8,4.45,4.51,18.7,15.5,0,1,0.5,5.0,0.05999999999999961,-1.5,13.0,20.53,32.13,0.07999999999999947,9.361,8.709999999999999,11.6,-18.2,-1.2600000000000136,5.5,48.0,29.8,February,0.7999999999999947
Adelaide,14.8,24.9,15.6,0.6,8.2,SSE,54.0,11.0,17.0,72.0,55.0,1009.4,1009.2,4.45,4.51,19.0,23.1,1,0,10.099999999999998,-17.0,0.05999999999999961,-0.1999999999999318,6.0,20.15,30.77,0.05999999999999948,9.214,8.209999999999999,10.620000000000001,-15.1,-1.530000000000007,5.5,51.1,36.0,March,0.5999999999999948
Adelaide,15.4,25.3,0.0,4.2,8.2,ESE,65.0,13.0,15.0,61.0,43.0,1012.2,1008.9,4.45,4.51,17.7,24.6,0,0,9.9,-18.0,0.05999999999999961,-3.300000000000068,2.0,19.759999999999998,30.46,1.6199999999999997,7.214,7.82,10.7,-14.3,-1.4,5.5,52.0,37.7,March,16.199999999999996
Adelaide,15.2,27.2,0.0,5.47,8.5,WSW,31.0,0.0,9.0,79.0,40.0,1008.0,1006.5,4.45,4.51,18.4,26.1,0,0,12.0,-39.0,0.05999999999999961,-1.5,9.0,19.7,30.25,1.6199999999999997,6.973999999999999,7.4799999999999995,10.55,-13.4,-1.5500000000000114,5.3,51.5,38.1,March,16.199999999999996
Adelaide,17.4,23.4,0.2,5.47,9.5,WSW,43.0,17.0,24.0,64.0,49.0,1013.5,1015.1,4.45,4.51,19.2,22.5,0,0,6.0,-15.0,0.05999999999999961,1.6000000000000227,7.0,19.71,29.97,1.6199999999999997,6.961,7.12,10.26,-14.4,-1.5400000000000091,5.1,53.4,39.0,March,16.199999999999996
Adelaide,13.6,24.6,0.2,13.2,8.7,SW,39.0,7.0,15.0,70.0,48.0,1021.8,1021.4,4.45,4.51,17.9,22.4,0,0,11.000000000000002,-22.0,0.05999999999999961,-0.39999999999997726,8.0,19.91,28.830000000000002,1.6399999999999995,6.928,6.83,8.92,-12.9,-1.2200000000000046,4.5,55.1,42.2,March,16.399999999999995
Adelaide,15.5,23.6,0.0,4.4,10.6,SSE,46.0,11.0,20.0,53.0,44.0,1025.8,1024.3,4.45,4.51,17.5,22.5,0,0,8.100000000000001,-9.0,0.05999999999999961,-1.5,9.0,19.05,27.369999999999997,1.6599999999999995,7.448,6.459999999999999,8.32,-14.6,-0.9700000000000045,4.9,60.5,45.9,March,16.599999999999994
Adelaide,15.0,27.7,0.0,5.2,11.4,SE,43.0,11.0,17.0,65.0,25.0,1025.3,1021.3,4.45,4.51,16.4,26.2,0,0,12.7,-40.0,0.05999999999999961,-4.0,6.0,18.06,25.7,1.6599999999999995,7.340999999999999,6.319999999999999,7.639999999999999,-14.9,-0.8299999999999954,6.0,63.4,48.5,March,16.599999999999994
Adelaide,13.2,26.9,0.0,5.8,11.3,WSW,30.0,9.0,17.0,45.0,26.0,1019.6,1016.7,4.45,4.51,19.5,25.7,0,0,13.7,-19.0,0.05999999999999961,-2.8999999999999773,8.0,16.75,25.16,1.6599999999999995,7.314,7.2,8.41,-20.1,-1.2499999999999887,6.6,67.4,47.3,March,16.599999999999994
Adelaide,12.4,27.8,0.0,5.6,11.4,W,33.0,6.0,17.0,51.0,22.0,1016.2,1015.5,4.45,4.51,18.4,26.5,0,0,15.4,-29.0,0.05999999999999961,-0.7000000000000455,11.0,15.77,24.62,1.6399999999999995,5.474,7.7299999999999995,8.85,-19.0,-1.3799999999999955,7.2,64.9,45.9,March,16.399999999999995
Adelaide,13.6,24.1,0.0,5.47,11.0,WSW,31.0,0.0,17.0,67.0,42.0,1019.6,1017.6,4.45,4.51,17.9,23.0,0,0,10.500000000000002,-25.0,0.05999999999999961,-2.0,17.0,15.11,25.05,1.6399999999999995,5.394,8.78,9.94,-20.3,-1.4399999999999977,7.9,63.9,43.6,March,16.399999999999995
Adelaide,12.5,27.3,0.0,5.47,10.0,W,30.0,0.0,13.0,60.0,32.0,1019.2,1017.3,4.45,4.51,17.0,26.5,0,0,14.8,-28.0,0.05999999999999961,-1.900000000000091,13.0,14.61,25.55,1.5999999999999994,5.541,9.879999999999999,10.940000000000001,-23.3,-1.4899999999999978,8.3,62.7,39.4,March,15.999999999999995
Adelaide,13.9,29.7,0.0,5.47,11.4,SW,24.0,0.0,17.0,49.0,28.0,1018.0,1015.5,4.45,4.51,19.5,28.2,0,0,15.799999999999999,-21.0,0.05999999999999961,-2.5,17.0,14.379999999999999,25.790000000000003,0.03999999999999947,6.0280000000000005,10.059999999999999,11.41,-24.4,-1.6600000000000137,9.0,61.5,37.1,March,0.3999999999999947
Adelaide,13.8,35.0,0.0,19.0,10.7,NW,30.0,6.0,13.0,44.0,17.0,1014.4,1010.5,4.45,4.51,20.3,34.0,0,0,21.2,-27.0,0.05999999999999961,-3.8999999999999773,7.0,14.229999999999999,26.23,0.03999999999999947,6.154999999999999,10.38,12.0,-24.7,-1.5800000000000067,10.5,60.3,35.6,March,0.3999999999999947
Adelaide,20.3,34.8,0.0,6.8,5.2,WSW,61.0,13.0,7.0,25.0,53.0,1007.9,1003.3,4.45,4.51,27.3,27.8,0,1,14.499999999999996,28.0,0.05999999999999961,-4.600000000000023,-6.0,14.09,27.01,0.03999999999999947,7.508,10.6,12.919999999999998,-23.5,-1.8200000000000045,10.3,56.8,33.3,March,0.3999999999999947
Adelaide,18.1,24.3,24.4,6.4,8.5,NW,35.0,15.0,22.0,68.0,54.0,1007.8,1007.1,4.45,4.51,18.6,21.9,1,0,6.199999999999999,-14.0,0.05999999999999961,-0.6999999999999318,7.0,14.379999999999999,28.15,0.01999999999999947,7.641,10.17,13.77,-19.2,-2.4400000000000093,9.0,52.9,33.7,March,0.19999999999999468
Adelaide,16.3,22.3,0.8,2.4,10.4,SW,37.0,15.0,19.0,73.0,50.0,1013.3,1014.0,4.45,4.51,18.2,22.0,0,0,6.0,-23.0,0.05999999999999961,0.7000000000000455,4.0,14.830000000000002,28.119999999999997,2.439999999999999,6.961,10.15,13.289999999999997,-18.4,-2.4700000000000046,8.9,52.7,34.3,March,24.39999999999999
Adelaide,11.8,24.3,0.4,5.47,11.1,SE,30.0,0.0,13.0,74.0,38.0,1021.1,1019.5,4.45,4.51,16.5,23.2,0,0,12.5,-36.0,0.05999999999999961,-1.6000000000000227,13.0,14.91,27.990000000000002,2.519999999999999,6.761,10.13,13.080000000000002,-19.8,-2.25,8.4,54.7,34.9,March,25.199999999999992
Adelaide,15.4,27.3,0.0,5.47,7.61,E,44.0,17.0,13.0,54.0,32.0,1022.7,1019.5,4.45,4.51,18.4,26.5,0,0,11.9,-22.0,0.05999999999999961,-3.2000000000000455,-4.0,14.59,27.65,2.559999999999999,6.787999999999999,10.1,13.059999999999999,-19.4,-2.0100000000000025,9.1,55.6,36.2,March,25.59999999999999
Adelaide,18.3,31.4,0.0,14.4,11.0,NE,50.0,24.0,20.0,48.0,27.0,1016.9,1012.8,4.45,4.51,23.0,30.5,0,0,13.099999999999998,-21.0,0.05999999999999961,-4.100000000000023,-4.0,14.810000000000002,27.689999999999998,2.559999999999999,6.755,9.731,12.879999999999999,-19.7,-2.040000000000009,7.9,56.5,36.8,March,25.59999999999999
Adelaide,23.0,33.7,0.0,8.6,9.9,W,52.0,17.0,28.0,41.0,29.0,1008.7,1004.3,4.45,4.51,25.4,33.2,0,1,10.700000000000003,-12.0,0.05999999999999961,-4.400000000000091,11.0,15.4,28.05,2.559999999999999,7.635000000000001,9.690999999999999,12.65,-18.9,-2.380000000000007,6.4,56.2,37.3,March,25.59999999999999
Adelaide,14.3,20.0,17.2,7.6,9.8,SW,43.0,20.0,17.0,52.0,33.0,1013.0,1012.7,4.45,4.51,15.9,19.4,1,0,5.699999999999999,-19.0,0.05999999999999961,-0.2999999999999545,-3.0,16.34,29.01,2.559999999999999,7.948,9.581,12.67,-17.6,-2.620000000000016,5.8,53.6,36.0,March,25.59999999999999
Adelaide,11.3,19.7,0.0,4.6,3.1,WSW,44.0,4.0,11.0,55.0,42.0,1014.8,1012.6,4.45,4.51,15.0,18.8,0,1,8.399999999999999,-13.0,0.05999999999999961,-2.199999999999932,7.0,16.520000000000003,28.28,4.279999999999999,8.161000000000001,9.561,11.76,-16.7,-2.460000000000002,4.2,52.8,36.1,March,42.79999999999999
Adelaide,14.1,18.7,2.0,2.8,2.7,WSW,50.0,15.0,26.0,72.0,55.0,1014.9,1015.7,4.45,4.51,14.7,18.1,1,1,4.6,-17.0,0.05999999999999961,0.8000000000000682,11.0,16.26,27.28,4.279999999999999,8.074000000000002,8.731,11.02,-15.9,-2.4299999999999953,3.2,53.4,37.5,March,42.79999999999999
Adelaide,13.2,20.8,3.2,5.47,7.6,W,31.0,4.0,17.0,96.0,59.0,1019.9,1019.6,4.45,4.51,14.6,19.7,1,0,7.600000000000001,-37.0,0.05999999999999961,-0.2999999999999545,13.0,16.29,25.65,4.479999999999999,6.454000000000001,7.931,9.36,-14.9,-1.9599999999999909,3.6,56.2,41.3,March,44.79999999999999
Adelaide,11.8,23.2,0.2,5.47,8.2,SE,28.0,0.0,13.0,80.0,53.0,1023.7,1021.6,4.45,4.51,15.8,22.3,0,0,11.399999999999999,-27.0,0.05999999999999961,-2.1000000000000227,13.0,15.580000000000002,24.25,4.799999999999999,6.321,8.171000000000001,8.67,-21.4,-1.529999999999984,5.5,63.3,41.9,March,47.99999999999999
Adelaide,11.8,25.1,0.0,8.4,9.6,WSW,30.0,4.0,13.0,59.0,34.0,1022.7,1020.5,4.45,4.51,16.6,23.4,0,0,13.3,-25.0,0.05999999999999961,-2.2000000000000455,9.0,14.95,24.14,2.379999999999999,6.228,8.141,9.190000000000001,-22.7,-1.6699999999999933,6.1,64.5,41.8,March,23.79999999999999
Adelaide,15.5,25.4,0.0,4.4,0.9,WNW,24.0,9.0,11.0,47.0,39.0,1021.5,1019.9,4.45,4.51,18.9,24.5,0,0,9.899999999999999,-8.0,0.05999999999999961,-1.6000000000000227,2.0,14.5,24.42,2.299999999999999,6.828,8.061,9.92,-22.9,-1.9600000000000022,6.6,63.1,40.2,March,22.99999999999999
Adelaide,16.3,28.8,0.0,2.4,10.3,WNW,24.0,0.0,11.0,57.0,28.0,1019.9,1017.7,4.45,4.51,19.0,28.2,0,0,12.5,-29.0,0.05999999999999961,-2.199999999999932,11.0,14.87,24.53,2.259999999999999,6.720999999999999,7.0409999999999995,9.66,-20.1,-1.9600000000000022,5.5,60.4,40.3,March,22.59999999999999
Adelaide,15.1,30.4,0.0,4.6,10.5,W,28.0,2.0,17.0,57.0,25.0,1017.7,1015.1,4.45,4.51,20.2,29.4,0,0,15.299999999999999,-32.0,0.05999999999999961,-2.6000000000000227,15.0,14.959999999999999,24.68,2.259999999999999,6.414,7.31,9.719999999999999,-20.8,-1.859999999999991,7.0,60.7,39.9,March,22.59999999999999
Adelaide,15.3,31.4,0.0,4.4,10.1,NNW,35.0,13.0,15.0,77.0,28.0,1015.8,1012.0,4.45,4.51,18.4,29.5,0,0,16.099999999999998,-49.0,0.05999999999999961,-3.7999999999999545,2.0,14.64,24.58,2.259999999999999,5.433999999999999,7.26,9.94,-21.9,-1.7099999999999909,8.9,61.6,39.7,March,22.59999999999999
Adelaide,18.4,22.3,0.0,6.0,8.4,WNW,44.0,17.0,15.0,62.0,49.0,1016.7,1016.8,4.45,4.51,19.2,21.5,0,0,3.900000000000002,-13.0,0.05999999999999961,0.09999999999990905,-2.0,13.870000000000001,24.35,2.259999999999999,5.014,7.279999999999999,10.479999999999999,-25.6,-1.6499999999999773,8.0,65.2,39.6,March,22.59999999999999
Adelaide,12.4,24.2,0.0,5.47,9.7,SW,26.0,9.0,13.0,54.0,42.0,1020.3,1015.8,4.45,4.51,19.0,23.0,0,0,11.799999999999999,-12.0,0.05999999999999961,-4.5,4.0,14.280000000000001,24.580000000000002,0.5399999999999994,4.854,7.140000000000001,10.299999999999999,-25.0,-1.609999999999991,8.1,66.2,41.2,April,5.399999999999993
Adelaide,14.9,33.1,0.0,7.6,8.0,NNW,41.0,9.0,24.0,36.0,26.0,1012.6,1008.2,4.45,4.51,24.2,32.2,0,0,18.200000000000003,-10.0,0.05999999999999961,-4.399999999999977,15.0,14.389999999999997,25.03,0.5399999999999994,4.941,7.8,10.639999999999999,-24.9,-1.8399999999999976,7.8,66.1,41.2,April,5.399999999999993
Adelaide,17.3,25.8,0.6,3.8,9.3,W,26.0,7.0,13.0,70.0,49.0,1016.8,1015.4,4.45,4.51,20.6,25.4,0,0,8.5,-21.0,0.05999999999999961,-1.3999999999999773,6.0,14.469999999999999,26.47,0.3399999999999993,5.421,8.33,12.0,-24.2,-2.360000000000002,8.2,62.5,38.3,April,3.3999999999999932
Adelaide,14.4,30.1,0.0,2.8,8.0,NW,26.0,4.0,13.0,60.0,29.0,1017.4,1014.9,4.45,4.51,21.4,29.2,0,0,15.700000000000001,-31.0,0.05999999999999961,-2.5,9.0,14.88,26.97,0.0799999999999993,5.254,8.5,12.09,-22.6,-2.4700000000000046,7.5,59.9,37.3,April,0.7999999999999929
Adelaide,14.3,34.6,0.0,2.8,10.5,NNW,26.0,0.0,13.0,46.0,18.0,1017.8,1013.4,4.45,4.51,24.7,33.6,0,0,20.3,-28.0,0.05999999999999961,-4.399999999999977,13.0,15.14,27.659999999999997,0.0599999999999993,4.987,8.48,12.52,-23.0,-2.5100000000000025,7.1,57.9,34.9,April,0.599999999999993
Adelaide,19.1,24.8,0.0,5.47,8.8,WSW,65.0,19.0,31.0,55.0,49.0,1014.0,1019.3,4.45,4.51,24.6,19.9,0,0,5.699999999999999,-6.0,0.05999999999999961,5.2999999999999545,12.0,15.39,28.610000000000003,0.0599999999999993,4.427,8.569999999999999,13.219999999999999,-23.3,-2.7299999999999955,7.5,56.6,33.3,April,0.599999999999993
Adelaide,13.5,20.1,0.0,5.47,8.8,WSW,30.0,7.0,17.0,40.0,37.0,1025.8,1022.8,4.45,4.51,16.9,18.5,0,0,6.600000000000001,-3.0,0.05999999999999961,-3.0,10.0,15.75,28.55,0.0599999999999993,4.534,9.360000000000001,12.8,-23.1,-2.039999999999998,8.5,57.4,34.3,April,0.599999999999993
Adelaide,11.3,20.2,0.0,5.47,6.4,WSW,39.0,9.0,20.0,57.0,47.0,1022.1,1020.6,4.45,4.51,15.1,19.7,0,1,8.899999999999999,-10.0,0.05999999999999961,-1.5,11.0,15.469999999999999,27.68,0.0599999999999993,4.840999999999999,9.21,12.21,-20.5,-2.1200000000000045,8.4,55.7,35.2,April,0.599999999999993
Adelaide,12.4,19.4,3.4,5.47,4.5,SW,35.0,13.0,17.0,51.0,43.0,1027.1,1027.2,4.45,4.51,16.3,18.8,1,0,6.999999999999998,-8.0,0.05999999999999961,0.10000000000013642,4.0,15.09,26.660000000000004,0.0599999999999993,4.927999999999999,8.8,11.57,-18.3,-2.0100000000000025,8.0,55.7,37.4,April,0.599999999999993
Adelaide,12.9,19.5,0.0,18.4,7.1,ESE,37.0,13.0,15.0,45.0,32.0,1036.4,1033.4,4.45,4.51,14.0,18.7,0,0,6.6,-13.0,0.05999999999999961,-3.0,2.0,14.8,25.46,0.3999999999999993,5.034999999999999,8.24,10.66,-14.2,-1.6199999999999932,8.2,53.1,38.9,April,3.999999999999993
Adelaide,8.5,20.4,0.0,2.8,10.8,W,24.0,11.0,15.0,47.0,42.0,1036.4,1031.9,4.45,4.51,14.0,19.0,0,0,11.899999999999999,-5.0,0.05999999999999961,-4.5,4.0,14.250000000000004,25.18,0.3999999999999993,6.275,8.11,10.930000000000001,-14.2,-1.9299999999999842,8.6,51.4,37.2,April,3.999999999999993
Adelaide,8.2,24.1,0.0,3.2,10.9,WNW,28.0,9.0,13.0,42.0,25.0,1032.8,1029.4,4.45,4.51,16.7,23.0,0,0,15.900000000000002,-17.0,0.05999999999999961,-3.3999999999998636,4.0,13.860000000000003,24.8,0.3999999999999993,6.008,8.22,10.940000000000001,-13.5,-1.9299999999999842,8.6,50.7,37.2,April,3.999999999999993
Adelaide,8.9,26.2,0.0,3.4,10.8,W,24.0,6.0,15.0,33.0,15.0,1028.8,1024.5,4.45,4.51,19.5,25.6,0,0,17.299999999999997,-18.0,0.05999999999999961,-4.2999999999999545,9.0,13.190000000000001,23.9,0.3999999999999993,5.568,8.510000000000002,10.709999999999999,-14.2,-1.8299999999999728,7.5,51.3,37.1,April,3.999999999999993
Adelaide,11.8,28.3,0.0,5.47,10.1,NNW,39.0,9.0,19.0,29.0,20.0,1022.4,1019.0,4.45,4.51,21.9,27.7,0,0,16.5,-9.0,0.05999999999999961,-3.3999999999999773,10.0,12.35,23.939999999999998,0.3399999999999993,5.5280000000000005,8.66,11.59,-13.9,-2.1199999999999704,7.8,47.6,33.7,April,3.399999999999993
Adelaide,11.7,29.1,0.0,5.47,10.6,WNW,26.0,9.0,13.0,27.0,17.0,1021.6,1019.7,4.45,4.51,22.9,28.3,0,0,17.400000000000002,-10.0,0.05999999999999961,-1.8999999999999773,4.0,12.09,23.759999999999998,0.3399999999999993,5.795,8.87,11.67,-11.7,-2.209999999999968,7.9,44.5,32.8,April,3.399999999999993
Adelaide,11.8,28.1,0.0,11.4,10.6,ESE,20.0,2.0,9.0,56.0,24.0,1024.8,1021.7,4.45,4.51,20.0,27.8,0,0,16.3,-32.0,0.05999999999999961,-3.099999999999909,7.0,11.830000000000002,23.21,0.3399999999999993,6.061999999999999,8.879999999999999,11.38,-9.9,-1.9599999999999682,7.0,42.6,32.7,April,3.399999999999993
Adelaide,12.8,29.7,0.0,3.6,7.61,SE,24.0,4.0,7.0,47.0,22.0,1023.1,1019.6,4.45,4.51,20.6,28.9,0,0,16.9,-25.0,0.05999999999999961,-3.5,3.0,11.1,23.54,0.3399999999999993,6.654999999999999,9.059999999999999,12.440000000000001,-12.5,-2.7999999999999545,6.5,42.7,30.2,April,3.399999999999993
Adelaide,14.9,31.2,0.0,4.4,7.61,NW,30.0,7.0,11.0,28.0,19.0,1018.6,1014.9,4.45,4.51,24.8,30.6,0,0,16.299999999999997,-9.0,0.05999999999999961,-3.7000000000000455,4.0,11.03,24.5,0.3399999999999993,6.467999999999999,8.940999999999999,13.469999999999999,-14.7,-2.8499999999999543,5.8,43.4,28.7,April,3.399999999999993
Adelaide,17.1,29.6,0.0,4.4,7.61,S,28.0,11.0,7.0,27.0,24.0,1015.6,1013.2,4.45,4.51,24.5,28.4,0,0,12.5,-3.0,0.05999999999999961,-2.3999999999999773,-4.0,11.39,25.6,0.3399999999999993,6.361,9.062,14.209999999999999,-14.6,-3.069999999999959,5.1,40.5,25.9,April,3.399999999999993
Adelaide,15.4,29.9,0.0,3.6,7.61,NW,20.0,2.0,7.0,49.0,19.0,1017.1,1014.2,4.45,4.51,20.8,28.9,0,0,14.499999999999998,-30.0,0.05999999999999961,-2.8999999999999773,5.0,11.86,26.619999999999997,0.0,6.254,9.373,14.76,-14.1,-3.3199999999999705,4.3,38.1,24.0,April,0.0
Adelaide,18.7,22.6,2.36,5.47,7.61,N,31.0,9.0,13.0,41.0,81.0,1012.3,1011.2,4.45,4.51,21.3,18.3,0,1,3.900000000000002,40.0,0.05999999999999961,-1.099999999999909,4.0,12.11,27.660000000000004,0.0,4.774,9.424000000000001,15.55,-15.8,-3.309999999999968,4.6,38.5,22.7,April,0.0
Adelaide,16.1,21.3,6.0,5.47,7.61,W,50.0,26.0,24.0,58.0,50.0,1009.2,1007.6,4.45,4.51,18.1,20.8,1,1,5.199999999999999,-8.0,0.05999999999999961,-1.6000000000000227,-2.0,13.13,27.880000000000003,0.23599999999999927,5.0409999999999995,9.105,14.75,-11.3,-2.969999999999959,4.6,37.9,26.6,April,2.3599999999999928
Adelaide,11.1,16.5,12.2,8.8,7.61,WSW,54.0,13.0,17.0,84.0,86.0,1012.3,1013.6,4.45,4.51,13.1,11.0,1,1,5.4,2.0,0.05999999999999961,1.3000000000000682,4.0,13.920000000000002,27.6,0.8359999999999992,5.267999999999999,8.776,13.679999999999998,-10.4,-2.789999999999975,4.0,39.5,29.1,April,8.359999999999992
Adelaide,7.6,17.9,2.4,0.6,7.61,SW,43.0,13.0,17.0,62.0,69.0,1022.1,1022.3,4.45,4.51,14.1,14.6,1,0,10.299999999999999,7.0,0.05999999999999961,0.1999999999999318,4.0,14.14,26.630000000000003,2.055999999999999,5.808,8.457,12.489999999999998,-8.4,-2.229999999999973,3.5,44.6,36.2,April,20.55999999999999
Adelaide,10.7,18.1,0.4,5.47,7.61,SW,31.0,13.0,15.0,68.0,72.0,1025.8,1023.8,4.45,4.51,15.2,16.5,0,1,7.400000000000002,4.0,0.05999999999999961,-2.0,2.0,13.719999999999999,25.59,2.295999999999999,5.321,8.208,11.87,-6.8,-1.869999999999982,2.9,47.9,41.1,April,22.95999999999999
Adelaide,9.9,17.9,2.0,3.2,7.61,WSW,26.0,7.0,17.0,93.0,58.0,1025.8,1023.5,4.45,4.51,14.1,17.0,1,0,7.999999999999998,-35.0,0.05999999999999961,-2.2999999999999545,10.0,13.62,24.490000000000002,2.3359999999999994,5.321,7.909000000000001,10.87,-5.4,-1.8799999999999841,2.7,52.0,46.6,April,23.359999999999992
Adelaide,8.6,19.4,0.0,0.8,7.61,SW,19.0,0.0,2.0,79.0,64.0,1025.9,1023.2,4.45,4.51,14.3,18.3,0,0,10.799999999999999,-15.0,0.05999999999999961,-2.7000000000000455,2.0,13.430000000000001,23.470000000000002,2.535999999999999,4.501,7.61,10.04,-5.7,-1.7999999999999887,3.0,55.7,50.0,April,25.359999999999992
Adelaide,8.0,19.7,0.0,5.47,7.61,SW,30.0,0.0,17.0,74.0,58.0,1024.6,1023.1,4.45,4.51,14.5,19.2,0,0,11.7,-16.0,0.05999999999999961,-1.4999999999998863,17.0,13.010000000000002,22.44,2.535999999999999,4.221,7.61,9.43,-4.7,-1.719999999999993,2.9,58.9,54.2,April,25.359999999999992
Adelaide,8.8,20.2,0.0,5.47,7.61,SE,30.0,6.0,11.0,77.0,61.0,1025.9,1023.1,4.45,4.51,15.0,19.4,0,0,11.399999999999999,-16.0,0.05999999999999961,-2.800000000000068,5.0,12.32,21.29,2.535999999999999,4.328,7.61,8.97,-5.4,-1.4999999999999774,4.2,63.5,58.1,April,25.359999999999992
Adelaide,13.6,24.6,0.0,4.6,7.61,NW,30.0,11.0,15.0,48.0,30.0,1020.7,1016.7,4.45,4.51,17.3,23.3,0,0,11.000000000000002,-18.0,0.05999999999999961,-4.0,4.0,11.489999999999998,20.35,2.535999999999999,4.4350000000000005,7.61,8.86,-6.7,-1.5399999999999863,5.1,68.5,61.8,April,25.359999999999992
Adelaide,16.1,18.1,0.0,3.0,7.61,WSW,30.0,13.0,13.0,43.0,96.0,1017.7,1018.3,4.45,4.51,17.8,16.0,0,1,2.0,53.0,0.05999999999999961,0.599999999999909,0.0,11.31,19.82,2.535999999999999,4.535,7.61,8.51,-5.5,-1.6499999999999886,5.0,68.4,62.9,May,25.359999999999992
Adelaide,9.4,16.5,12.4,0.8,7.61,SSE,39.0,9.0,15.0,53.0,47.0,1029.6,1028.5,4.45,4.51,13.5,14.6,1,0,7.1,-6.0,0.05999999999999961,-1.099999999999909,6.0,11.05,19.37,2.2999999999999994,4.288,7.61,8.319999999999999,-4.2,-1.4800000000000069,4.6,68.6,64.4,May,22.999999999999993
Adelaide,5.9,17.1,0.0,2.0,7.61,SSW,33.0,7.0,17.0,64.0,77.0,1028.7,1025.6,4.45,4.51,11.6,14.0,0,0,11.200000000000001,13.0,0.05999999999999961,-3.1000000000001364,10.0,10.38,18.89,2.939999999999999,3.821,7.61,8.51,-4.0,-1.4299999999999955,5.4,68.1,64.1,May,29.39999999999999
Adelaide,6.6,17.7,0.8,1.2,7.61,WSW,28.0,4.0,15.0,83.0,65.0,1027.2,1024.1,4.45,4.51,11.5,16.5,0,0,11.1,-18.0,0.05999999999999961,-3.1000000000001364,11.0,9.86,18.95,1.7199999999999993,3.1409999999999996,7.61,9.09,-2.9,-1.8700000000000159,6.0,66.1,63.2,May,17.199999999999992
Adelaide,7.4,17.1,2.36,5.47,7.61,W,19.0,0.0,7.0,79.0,51.0,1025.0,1021.0,4.45,4.51,12.2,17.1,0,0,9.700000000000001,-28.0,0.05999999999999961,-4.0,7.0,9.760000000000002,18.93,1.5599999999999992,3.2009999999999996,7.61,9.17,-5.4,-2.200000000000023,6.7,68.2,62.8,May,15.599999999999993
Adelaide,11.5,18.5,2.36,5.47,7.61,NNW,31.0,9.0,17.0,55.0,47.0,1019.0,1016.1,4.45,4.51,14.9,17.5,0,0,7.0,-8.0,0.05999999999999961,-2.8999999999999773,8.0,9.43,18.830000000000002,1.7559999999999991,3.2009999999999996,7.61,9.4,-8.6,-2.4000000000000226,7.2,69.3,60.7,May,17.55999999999999
Adelaide,13.3,23.2,0.4,4.2,7.61,NNW,50.0,13.0,20.0,40.0,53.0,1013.6,1011.3,4.45,4.51,17.0,21.9,0,0,9.899999999999999,13.0,0.05999999999999961,-2.300000000000068,7.0,9.59,18.89,1.7919999999999991,3.428,7.61,9.3,-5.9,-2.460000000000025,7.0,65.5,59.6,May,17.91999999999999
Adelaide,11.2,27.4,0.0,2.4,7.61,N,43.0,13.0,24.0,33.0,22.0,1012.5,1008.5,4.45,4.51,19.1,25.0,0,0,16.2,-11.0,0.05999999999999961,-4.0,11.0,10.059999999999999,19.27,1.8319999999999994,3.768,7.61,9.209999999999999,-3.1,-2.4200000000000275,7.5,61.6,58.5,May,18.319999999999993
Adelaide,14.6,21.7,0.2,2.8,7.61,NW,43.0,15.0,26.0,85.0,48.0,1018.0,1017.9,4.45,4.51,17.0,20.9,0,0,7.1,-37.0,0.05999999999999961,-0.10000000000002274,11.0,10.379999999999999,20.04,1.8319999999999994,3.4609999999999994,7.61,9.66,-2.6,-2.6700000000000386,6.9,57.5,54.9,May,18.319999999999993
Adelaide,9.7,21.4,0.0,1.4,7.61,NW,24.0,0.0,13.0,76.0,36.0,1022.9,1019.0,4.45,4.51,14.8,21.1,0,1,11.7,-40.0,0.05999999999999961,-3.8999999999999773,13.0,10.96,20.19,1.8519999999999992,3.194,7.61,9.23,-4.7,-2.400000000000034,7.5,58.3,53.6,May,18.519999999999992
Adelaide,10.6,17.5,3.8,2.6,7.61,SSW,35.0,7.0,19.0,66.0,42.0,1023.5,1022.3,4.45,4.51,13.8,16.9,1,0,6.9,-24.0,0.05999999999999961,-1.2000000000000455,12.0,10.569999999999999,19.869999999999997,1.8519999999999992,2.8739999999999997,7.61,9.3,-6.9,-2.3900000000000317,8.4,61.1,54.2,May,18.519999999999992
Adelaide,8.0,17.0,2.36,5.47,7.61,W,35.0,4.0,19.0,73.0,41.0,1025.7,1023.7,4.45,4.51,12.0,16.3,0,0,9.0,-32.0,0.05999999999999961,-2.0,15.0,10.02,19.81,2.2319999999999993,2.834,7.61,9.790000000000001,-14.6,-2.5700000000000274,9.6,63.4,48.8,May,22.319999999999993
Adelaide,9.7,16.9,2.36,5.47,7.61,SW,41.0,0.0,17.0,81.0,55.0,1026.5,1025.5,4.45,4.51,12.7,15.9,0,0,7.199999999999999,-26.0,0.05999999999999961,-1.0,17.0,9.879999999999999,19.86,1.2279999999999993,3.3009999999999997,7.61,9.98,-17.2,-2.6600000000000366,10.5,65.4,48.2,May,12.279999999999992
Adelaide,9.5,16.0,1.0,4.6,7.61,SE,20.0,2.0,7.0,79.0,57.0,1031.0,1029.9,4.45,4.51,13.2,15.6,0,0,6.5,-22.0,0.05999999999999961,-1.099999999999909,5.0,10.26,19.84,1.4639999999999993,3.6479999999999997,7.61,9.58,-21.1,-2.450000000000023,11.2,67.1,46.0,May,14.639999999999993
Adelaide,6.9,17.3,0.0,1.8,7.61,W,20.0,6.0,11.0,62.0,53.0,1030.8,1027.5,4.45,4.51,13.7,16.7,0,0,10.4,-9.0,0.05999999999999961,-3.2999999999999545,5.0,10.55,19.669999999999998,1.4839999999999993,3.9880000000000004,7.61,9.120000000000001,-21.5,-2.25,10.6,66.7,45.2,May,14.839999999999993
Adelaide,4.6,19.2,0.0,1.4,7.61,NNW,24.0,6.0,9.0,65.0,27.0,1026.4,1022.9,4.45,4.51,12.3,18.7,0,0,14.6,-38.0,0.05999999999999961,-3.5000000000001137,3.0,10.5,19.689999999999998,1.2479999999999993,3.6209999999999996,7.61,9.19,-19.6,-2.1799999999999953,10.4,65.0,45.4,May,12.479999999999993
Adelaide,6.9,20.8,0.0,1.8,7.61,W,35.0,11.0,20.0,47.0,31.0,1022.7,1019.5,4.45,4.51,14.2,19.8,0,0,13.9,-16.0,0.05999999999999961,-3.2000000000000455,9.0,9.809999999999999,19.759999999999998,1.0119999999999993,3.214,7.61,9.95,-22.6,-2.240000000000009,9.9,66.0,43.4,May,10.119999999999994
Adelaide,11.3,19.0,0.0,2.2,7.61,WSW,22.0,11.0,9.0,51.0,64.0,1022.5,1021.5,4.45,4.51,14.1,18.0,0,0,7.699999999999999,13.0,0.05999999999999961,-1.0,-2.0,9.169999999999998,19.52,0.9719999999999992,2.9739999999999998,7.61,10.349999999999998,-25.5,-2.3300000000000067,10.1,66.7,41.2,May,9.719999999999992
Adelaide,10.0,18.0,2.36,5.47,7.61,SE,31.0,0.0,13.0,96.0,65.0,1026.4,1025.5,4.45,4.51,12.8,16.5,0,0,8.0,-31.0,0.05999999999999961,-0.900000000000091,13.0,9.18,18.68,0.9719999999999992,2.9539999999999997,7.61,9.5,-23.1,-2.030000000000007,8.8,68.5,45.4,May,9.719999999999992
Adelaide,8.7,17.0,2.36,5.47,7.61,ENE,20.0,0.0,9.0,57.0,43.0,1028.9,1024.8,4.45,4.51,12.2,16.1,0,1,8.3,-14.0,0.05999999999999961,-4.100000000000136,9.0,8.719999999999999,18.31,1.1879999999999993,3.221,7.61,9.59,-22.5,-2.1100000000000136,9.0,69.6,47.1,May,11.879999999999994
Adelaide,5.6,18.4,4.2,4.0,7.61,NW,31.0,7.0,19.0,69.0,47.0,1024.2,1021.5,4.45,4.51,10.8,17.0,1,0,12.799999999999999,-22.0,0.05999999999999961,-2.7000000000000455,12.0,8.620000000000001,17.869999999999997,1.4239999999999993,3.628,7.61,9.25,-19.9,-2.1300000000000296,8.6,67.7,47.8,May,14.239999999999993
Adelaide,9.2,17.3,0.0,1.4,7.61,NW,43.0,11.0,15.0,74.0,75.0,1021.9,1018.8,4.45,4.51,12.1,16.5,0,0,8.100000000000001,1.0,0.05999999999999961,-3.1000000000000227,4.0,8.12,17.96,1.4639999999999993,3.768,7.61,9.84,-19.7,-2.2800000000000296,8.6,68.0,48.3,May,14.639999999999993
Adelaide,12.1,20.1,0.6,1.2,7.61,NW,63.0,17.0,20.0,51.0,65.0,1013.0,1011.0,4.45,4.51,14.9,15.0,0,1,8.000000000000002,14.0,0.05999999999999961,-2.0,3.0,8.239999999999998,17.990000000000002,1.2279999999999993,3.3609999999999998,7.61,9.75,-16.4,-2.3900000000000317,7.5,68.1,51.7,May,12.279999999999994
Adelaide,8.1,12.3,19.6,2.2,7.61,SSE,46.0,24.0,11.0,81.0,81.0,1016.6,1015.4,4.45,4.51,8.5,11.2,1,1,4.200000000000001,0.0,0.05999999999999961,-1.2000000000000455,-13.0,8.48,18.31,1.0519999999999994,2.934,7.61,9.83,-12.4,-2.4900000000000317,6.1,65.1,52.7,May,10.519999999999994
Adelaide,5.8,14.1,12.4,0.8,7.61,W,35.0,6.0,13.0,73.0,91.0,1019.9,1018.4,4.45,4.51,10.7,12.4,1,0,8.3,18.0,0.05999999999999961,-1.5,7.0,8.34,17.94,2.9119999999999995,2.694,7.61,9.6,-10.2,-2.5000000000000453,4.3,65.3,55.1,May,29.119999999999994
Adelaide,10.7,17.4,2.36,5.47,7.61,WNW,35.0,0.0,17.0,96.0,65.0,1019.6,1019.5,4.45,4.51,12.7,16.6,0,0,6.699999999999999,-31.0,0.05999999999999961,-0.10000000000002274,17.0,8.23,17.62,4.151999999999999,2.594,7.61,9.39,-7.5,-2.32000000000005,4.5,66.4,58.9,May,41.519999999999996
Adelaide,9.6,17.1,2.36,5.47,7.61,SSE,31.0,0.0,11.0,68.0,45.0,1029.7,1029.0,4.45,4.51,13.4,17.0,0,1,7.500000000000002,-23.0,0.05999999999999961,-0.7000000000000455,11.0,8.84,17.439999999999998,4.388,3.001,7.61,8.6,-6.8,-1.9800000000000408,5.9,69.5,62.7,May,43.879999999999995
Adelaide,9.0,15.7,7.0,3.0,7.61,SW,24.0,7.0,11.0,76.0,72.0,1033.8,1031.8,4.45,4.51,13.1,15.1,1,0,6.699999999999999,-4.0,0.05999999999999961,-2.0,4.0,9.11,17.07,4.624,3.368,7.61,7.960000000000001,-7.5,-1.7300000000000408,6.1,71.6,64.1,May,46.239999999999995
Adelaide,10.2,15.5,0.0,0.6,7.61,SE,30.0,9.0,13.0,70.0,56.0,1035.6,1033.8,4.45,4.51,12.6,14.7,0,0,5.300000000000001,-14.0,0.05999999999999961,-1.7999999999999545,4.0,8.879999999999999,16.740000000000002,5.324,3.4479999999999995,7.61,7.860000000000001,-9.2,-1.830000000000041,6.7,74.1,64.9,May,53.239999999999995
Adelaide,10.3,17.4,0.0,1.0,7.61,ENE,31.0,15.0,15.0,59.0,47.0,1035.4,1031.9,4.45,4.51,14.1,16.8,0,0,7.099999999999998,-12.0,0.05999999999999961,-3.5,0.0,8.9,16.490000000000002,5.087999999999999,2.961,7.61,7.590000000000001,-7.5,-1.9200000000000272,5.8,71.5,64.0,May,50.879999999999995
Adelaide,7.1,21.3,0.0,1.6,7.61,E,22.0,0.0,11.0,69.0,45.0,1030.0,1026.2,4.45,4.51,12.3,20.5,0,0,14.200000000000001,-24.0,0.05999999999999961,-3.7999999999999545,11.0,9.059999999999999,16.53,4.851999999999999,2.5140000000000002,7.61,7.470000000000001,-7.3,-1.8600000000000136,4.9,71.7,64.4,May,48.519999999999996
Adelaide,9.6,18.5,0.0,1.4,7.61,SSE,15.0,0.0,0.0,83.0,62.0,1027.2,1023.9,4.45,4.51,12.8,18.5,0,0,8.9,-21.0,0.05999999999999961,-3.300000000000068,0.0,9.21,16.82,4.4319999999999995,2.274,7.61,7.610000000000001,-7.5,-1.9700000000000046,4.8,71.7,64.2,June,44.31999999999999
Adelaide,10.0,18.6,0.2,5.47,7.61,SSE,35.0,0.0,19.0,76.0,52.0,1024.6,1022.8,4.45,4.51,12.8,17.7,0,0,8.600000000000001,-24.0,0.05999999999999961,-1.7999999999999545,19.0,9.25,16.939999999999998,4.4319999999999995,2.274,7.61,7.6899999999999995,-9.7,-1.990000000000009,4.4,72.6,62.9,June,44.31999999999999
Adelaide,8.4,13.7,0.0,5.47,7.61,SSE,30.0,9.0,15.0,70.0,76.0,1022.7,1018.2,4.45,4.51,10.6,12.3,0,1,5.299999999999999,6.0,0.05999999999999961,-4.5,6.0,9.04,16.79,4.3919999999999995,2.7009999999999996,7.61,7.75,-13.5,-1.9700000000000046,6.0,75.1,61.6,June,43.919999999999995
Adelaide,7.1,13.7,18.2,4.0,7.61,SSE,43.0,9.0,20.0,87.0,78.0,1014.1,1013.2,4.45,4.51,9.7,13.2,1,1,6.6,-9.0,0.05999999999999961,-0.8999999999999773,11.0,9.07,16.93,2.4319999999999995,3.028,7.61,7.860000000000001,-12.9,-2.3,7.9,74.0,61.1,June,24.319999999999993
Adelaide,9.7,15.0,3.0,0.2,7.61,SE,61.0,15.0,22.0,60.0,48.0,1019.9,1019.8,4.45,4.51,12.7,14.2,1,0,5.300000000000001,-12.0,0.05999999999999961,-0.10000000000002274,7.0,9.2,16.889999999999997,3.011999999999999,3.348,7.61,7.6899999999999995,-15.6,-2.2399999999999975,8.3,75.4,59.8,June,30.11999999999999
Adelaide,8.3,15.2,0.0,2.2,7.61,SSE,39.0,11.0,13.0,58.0,45.0,1026.5,1024.9,4.45,4.51,11.8,13.4,0,0,6.899999999999999,-13.0,0.05999999999999961,-1.599999999999909,2.0,9.1,16.65,3.0759999999999996,2.821,7.61,7.55,-13.7,-2.2399999999999975,7.3,71.8,58.1,June,30.759999999999994
Adelaide,5.5,14.1,0.0,2.0,7.61,SSE,30.0,2.0,9.0,70.0,48.0,1029.2,1028.1,4.45,4.51,9.0,13.4,0,0,8.6,-22.0,0.05999999999999961,-1.1000000000001364,7.0,8.97,16.46,2.8399999999999994,2.494,7.61,7.489999999999999,-12.7,-2.329999999999984,6.4,70.8,58.1,June,28.399999999999995
Adelaide,3.3,14.1,0.0,1.6,7.61,SSE,20.0,0.0,11.0,71.0,47.0,1031.5,1029.8,4.45,4.51,9.5,13.5,0,0,10.8,-24.0,0.05999999999999961,-1.7000000000000455,11.0,8.620000000000001,16.3,2.1399999999999997,2.3939999999999997,7.61,7.6800000000000015,-14.5,-2.2399999999999975,6.7,70.2,55.7,June,21.399999999999995
Adelaide,2.4,12.7,0.0,5.47,7.61,SSE,26.0,4.0,11.0,82.0,51.0,1031.0,1028.0,4.45,4.51,6.8,12.5,0,0,10.299999999999999,-31.0,0.05999999999999961,-3.0,7.0,7.93,16.16,2.1399999999999997,2.494,7.61,8.23,-15.5,-2.2300000000000066,7.4,70.3,54.8,June,21.399999999999995
Adelaide,2.6,14.7,0.0,5.47,7.61,SE,22.0,4.0,9.0,71.0,47.0,1029.2,1025.6,4.45,4.51,7.0,13.7,0,0,12.1,-24.0,0.05999999999999961,-3.6000000000001364,5.0,7.140000000000001,15.690000000000001,2.1399999999999997,2.941,7.61,8.55,-17.4,-2.180000000000007,8.1,72.6,55.2,June,21.399999999999995
Adelaide,2.5,15.4,0.0,5.47,7.61,NE,33.0,9.0,15.0,56.0,36.0,1024.1,1020.6,4.45,4.51,10.1,14.7,0,0,12.9,-20.0,0.05999999999999961,-3.4999999999998863,6.0,6.6899999999999995,15.030000000000001,2.1399999999999997,3.3280000000000003,7.61,8.34,-17.4,-2.160000000000025,7.5,72.8,55.4,June,21.399999999999995
Adelaide,10.1,17.9,0.0,4.4,7.61,N,39.0,15.0,20.0,51.0,33.0,1017.2,1014.1,4.45,4.51,13.4,17.5,0,1,7.799999999999999,-18.0,0.05999999999999961,-3.1000000000000227,5.0,5.98,14.720000000000002,2.1399999999999997,3.7350000000000003,7.61,8.74,-17.3,-2.180000000000007,8.1,70.1,52.8,June,21.399999999999995
Adelaide,11.8,18.6,1.2,1.6,7.61,NNE,52.0,13.0,13.0,55.0,41.0,1014.9,1009.9,4.45,4.51,13.8,18.2,1,1,6.800000000000001,-14.0,0.05999999999999961,-5.0,0.0,5.99,14.65,2.1199999999999997,3.628,7.61,8.66,-16.7,-2.310000000000014,6.7,67.6,50.9,June,21.199999999999996
Adelaide,11.1,16.0,7.4,3.8,7.61,NW,56.0,22.0,26.0,84.0,63.0,1007.4,1008.2,4.45,4.51,12.3,14.7,1,0,4.9,-21.0,0.05999999999999961,0.8000000000000682,4.0,6.33,15.14,2.2399999999999993,3.2409999999999997,7.61,8.809999999999999,-18.7,-2.3600000000000136,6.1,66.1,47.4,June,22.399999999999995
Adelaide,8.9,15.5,0.0,1.2,7.61,NNW,37.0,11.0,20.0,83.0,60.0,1012.7,1011.2,4.45,4.51,10.5,15.3,0,0,6.6,-23.0,0.05999999999999961,-1.5,9.0,6.7299999999999995,15.37,1.1599999999999997,3.221,7.61,8.64,-19.9,-2.1900000000000093,5.4,65.8,45.9,June,11.599999999999998
Adelaide,7.4,16.1,2.36,5.47,7.61,W,33.0,11.0,19.0,68.0,69.0,1015.8,1016.3,4.45,4.51,10.1,15.3,0,0,8.700000000000001,1.0,0.05999999999999961,0.5,8.0,6.65,15.419999999999998,0.8599999999999998,3.321,7.61,8.77,-21.0,-2.3300000000000067,5.6,68.1,47.1,June,8.599999999999998
Adelaide,9.0,14.6,2.36,5.47,7.61,NW,31.0,7.0,9.0,89.0,88.0,1025.5,1025.5,4.45,4.51,12.1,14.0,0,1,5.6,-1.0,0.05999999999999961,0.0,2.0,6.5600000000000005,15.51,1.0959999999999996,3.6479999999999997,7.61,8.95,-19.6,-2.120000000000016,6.2,69.1,49.5,June,10.959999999999997
Adelaide,11.7,16.1,8.6,2.8,7.61,WSW,35.0,7.0,11.0,96.0,89.0,1027.2,1025.3,4.45,4.51,13.2,14.4,1,0,4.400000000000002,-7.0,0.05999999999999961,-1.900000000000091,4.0,6.910000000000001,15.559999999999999,1.3319999999999996,3.995,7.61,8.65,-17.5,-2.0100000000000025,5.7,71.0,53.5,June,13.319999999999997
Adelaide,11.0,17.7,0.8,0.4,7.61,NNE,26.0,11.0,17.0,96.0,57.0,1026.5,1021.8,4.45,4.51,11.6,16.4,0,0,6.699999999999999,-39.0,0.05999999999999961,-4.7000000000000455,6.0,7.75,15.760000000000002,2.1919999999999993,4.115,7.61,8.01,-15.8,-2.030000000000007,5.0,73.5,57.7,June,21.919999999999995
Adelaide,10.2,18.3,0.0,1.2,7.61,N,59.0,24.0,22.0,56.0,47.0,1013.8,1009.2,4.45,4.51,12.4,16.2,0,1,8.100000000000001,-9.0,0.05999999999999961,-4.599999999999909,-2.0,8.61,16.259999999999998,2.2719999999999994,3.6079999999999997,7.61,7.65,-16.6,-2.2000000000000113,4.9,74.9,58.3,June,22.719999999999995
Adelaide,10.5,11.5,35.6,2.4,7.61,WSW,44.0,11.0,7.0,96.0,93.0,1005.0,1002.2,4.45,4.51,10.6,9.6,1,1,1.0,-3.0,0.05999999999999961,-2.7999999999999545,-4.0,9.370000000000001,16.619999999999997,2.2719999999999994,3.181,7.61,7.25,-15.1,-2.2999999999999887,4.2,73.4,58.3,June,22.719999999999995
Adelaide,6.1,10.8,27.6,0.0,7.61,SW,31.0,13.0,9.0,82.0,90.0,1014.7,1018.9,4.45,4.51,8.4,9.3,1,1,4.700000000000001,8.0,0.05999999999999961,4.199999999999932,-4.0,10.17,16.23,5.831999999999999,2.8739999999999997,7.61,6.0600000000000005,-13.4,-2.2299999999999955,3.2,77.4,64.0,June,58.31999999999999
Adelaide,4.5,13.4,7.2,5.47,7.61,WNW,39.0,11.0,20.0,87.0,70.0,1028.1,1027.8,4.45,4.51,7.6,13.1,1,1,8.9,-17.0,0.05999999999999961,-0.2999999999999545,9.0,9.77,15.520000000000001,8.592,2.434,7.61,5.750000000000001,-10.8,-1.5,2.3,80.5,69.7,June,85.92
Adelaide,7.6,16.1,1.6,5.47,7.61,WNW,30.0,7.0,17.0,94.0,69.0,1033.3,1032.2,4.45,4.51,11.0,14.8,1,1,8.500000000000002,-25.0,0.05999999999999961,-1.099999999999909,10.0,9.040000000000001,15.0,9.192,2.8209999999999997,7.61,5.96,-11.1,-1.0299999999999954,3.2,83.7,72.6,June,91.92
Adelaide,10.8,15.4,2.4,2.4,7.61,WSW,22.0,6.0,11.0,95.0,73.0,1033.7,1031.4,4.45,4.51,12.1,14.9,1,0,4.6,-22.0,0.05999999999999961,-2.2999999999999545,5.0,8.690000000000001,15.01,8.612,2.988,7.61,6.32,-11.5,-1.219999999999993,3.8,84.7,73.2,June,86.12
Adelaide,6.6,15.0,0.6,0.2,7.61,ENE,20.0,7.0,13.0,97.0,69.0,1032.9,1030.5,4.45,4.51,10.5,14.7,0,0,8.4,-28.0,0.05999999999999961,-2.400000000000091,6.0,8.879999999999999,15.0,8.852,3.1079999999999997,7.61,6.120000000000001,-11.4,-1.2999999999999887,3.4,85.9,74.5,June,88.52000000000001
Adelaide,4.5,14.9,0.0,1.0,7.61,N,24.0,7.0,9.0,66.0,43.0,1029.4,1024.5,4.45,4.51,9.1,14.5,0,0,10.4,-23.0,0.05999999999999961,-4.900000000000091,2.0,8.8,14.89,8.676,2.581,7.61,6.090000000000001,-14.3,-1.5899999999999976,3.2,88.8,74.5,June,86.76
Adelaide,8.6,16.1,0.0,1.6,7.61,W,40.04,11.0,28.0,56.0,45.0,1017.65,1011.8,4.45,4.51,11.8,15.7,0,1,7.500000000000002,-11.0,0.05999999999999961,-5.850000000000023,17.0,8.35,14.920000000000002,8.440000000000001,2.134,7.61,6.57,-16.5,-2.0800000000000067,3.2,86.5,70.0,June,84.4
Adelaide,8.9,14.5,6.4,1.6,7.61,W,61.0,6.0,19.0,87.0,84.0,1008.3,1008.7,4.45,4.51,9.9,11.4,1,1,5.6,-3.0,0.05999999999999961,0.40000000000009095,13.0,8.040000000000001,14.920000000000002,7.58,2.014,7.61,6.88,-16.9,-2.475,4.5,82.5,65.6,June,75.8
Adelaide,7.9,13.6,5.6,5.47,7.61,W,44.0,11.0,19.0,78.0,55.0,1014.2,1014.7,4.45,4.51,10.0,12.8,1,1,5.699999999999999,-23.0,0.05999999999999961,0.5,8.0,7.830000000000001,14.6,8.14,2.134,7.61,6.7700000000000005,-13.3,-1.9649999999999863,5.2,81.6,68.3,June,81.4
Adelaide,3.9,12.6,1.4,5.47,7.61,SW,41.0,0.0,17.0,94.0,69.0,1023.0,1023.8,4.45,4.51,7.6,11.8,1,1,8.7,-25.0,0.05999999999999961,0.7999999999999545,17.0,7.6,14.13,8.7,2.561,7.61,6.530000000000001,-14.7,-1.4549999999999954,6.2,83.8,69.1,July,87.0
Adelaide,6.6,13.2,1.4,3.2,7.61,SW,26.0,0.0,11.0,83.0,62.0,1028.3,1027.2,4.45,4.51,9.7,12.0,1,0,6.6,-21.0,0.05999999999999961,-1.099999999999909,11.0,6.94,14.24,5.28,2.868,7.61,7.3,-16.9,-1.0950000000000046,8.3,83.6,66.7,July,52.800000000000004
Adelaide,4.0,14.4,0.0,0.6,7.61,N,22.0,0.0,9.0,86.0,62.0,1029.3,1026.9,4.45,4.51,6.9,13.5,0,0,10.4,-24.0,0.05999999999999961,-2.3999999999998636,9.0,6.99,14.479999999999999,2.66,3.1879999999999997,7.61,7.49,-19.8,-1.6249999999999887,9.8,83.7,63.9,July,26.6
Adelaide,6.9,14.0,0.4,0.8,7.61,SE,26.0,0.0,7.0,95.0,74.0,1032.1,1031.4,4.45,4.51,9.5,13.5,0,0,7.1,-21.0,0.05999999999999961,-0.6999999999998181,7.0,6.94,14.580000000000002,1.94,2.7009999999999996,7.61,7.639999999999999,-20.5,-1.8349999999999795,9.8,83.6,63.1,July,19.4
Adelaide,7.3,15.2,0.4,0.6,7.61,SSE,35.0,9.0,11.0,60.0,43.0,1036.4,1034.4,4.45,4.51,11.4,13.8,0,0,7.8999999999999995,-17.0,0.05999999999999961,-2.0,2.0,6.87,14.37,1.8199999999999998,2.234,7.61,7.5,-20.1,-1.7949999999999704,9.5,83.7,63.6,July,18.2
Adelaide,2.3,14.8,0.0,2.0,7.61,NNW,24.0,0.0,13.0,69.0,38.0,1034.6,1030.6,4.45,4.51,7.7,14.4,0,0,12.5,-31.0,0.05999999999999961,-4.0,13.0,6.5200000000000005,14.35,1.6199999999999999,2.054,7.61,7.83,-19.6,-1.764999999999975,9.2,80.2,60.6,July,16.2
Adelaide,5.4,16.0,0.0,5.47,7.61,N,35.0,11.0,13.0,45.0,32.0,1028.9,1026.0,4.45,4.51,11.1,15.0,0,0,10.6,-13.0,0.05999999999999961,-2.900000000000091,2.0,6.09,14.329999999999998,1.56,2.234,7.61,8.239999999999998,-19.9,-1.9249999999999658,9.9,77.4,57.5,July,15.6
Adelaide,6.0,17.8,0.0,5.47,7.61,E,30.0,9.0,2.0,45.0,44.0,1023.1,1019.4,4.45,4.51,11.9,16.6,0,0,11.8,-1.0,0.05999999999999961,-3.7000000000000455,-7.0,6.18,14.440000000000001,1.56,2.681,7.61,8.260000000000002,-18.9,-1.724999999999966,9.9,75.3,56.4,July,15.6
Adelaide,8.7,16.2,0.0,3.6,7.61,ENE,26.0,13.0,13.0,68.0,59.0,1018.8,1015.9,4.45,4.51,14.0,16.2,0,1,7.5,-9.0,0.05999999999999961,-2.8999999999999773,0.0,5.92,14.61,1.56,3.068,7.61,8.690000000000001,-17.9,-1.5099999999999683,7.5,74.2,56.3,July,15.6
Adelaide,10.7,16.3,2.4,0.8,7.61,WNW,31.0,7.0,17.0,92.0,60.0,1014.2,1012.2,4.45,4.51,11.2,15.3,1,0,5.600000000000001,-32.0,0.05999999999999961,-2.0,10.0,5.9,14.779999999999998,0.9199999999999999,3.268,7.61,8.879999999999999,-18.5,-1.839999999999975,6.2,72.3,53.8,July,9.2
Adelaide,9.7,16.1,0.0,1.2,7.61,NE,31.0,9.0,15.0,80.0,48.0,1015.1,1011.2,4.45,4.51,11.4,15.1,0,1,6.400000000000002,-32.0,0.05999999999999961,-3.8999999999999773,6.0,6.18,15.05,0.6,2.801,7.61,8.87,-19.4,-2.089999999999975,6.4,73.7,54.3,July,6.0
Adelaide,9.5,18.7,2.4,1.0,7.61,NE,28.0,7.0,11.0,79.0,72.0,1006.4,1003.9,4.45,4.51,12.4,16.9,1,1,9.2,-7.0,0.05999999999999961,-2.5,4.0,6.76,15.4,0.45999999999999996,2.3739999999999997,7.61,8.64,-20.1,-2.559999999999968,5.3,72.3,52.2,July,4.6
Adelaide,11.7,14.5,7.4,1.2,7.61,WNW,39.0,17.0,17.0,91.0,82.0,1010.4,1009.8,4.45,4.51,12.3,12.2,1,1,2.8000000000000007,-9.0,0.05999999999999961,-0.6000000000000227,0.0,7.05,15.95,0.5599999999999999,2.154,7.61,8.9,-18.7,-2.699999999999977,4.6,71.9,53.2,July,5.6
Adelaide,8.1,13.2,8.0,5.47,7.61,WSW,44.0,22.0,20.0,75.0,52.0,1013.1,1015.4,4.45,4.51,10.9,12.9,1,0,5.1,-23.0,0.05999999999999961,2.2999999999999545,-2.0,7.82,15.960000000000003,1.3,2.214,7.61,8.14,-17.2,-2.5199999999999934,3.7,72.4,55.2,July,13.0
Adelaide,8.0,15.0,0.6,5.47,7.61,NW,41.0,13.0,22.0,88.0,74.0,1023.0,1022.8,4.45,4.51,9.4,14.7,0,0,7.0,-14.0,0.05999999999999961,-0.20000000000004547,9.0,7.9399999999999995,15.88,2.06,2.681,7.61,7.94,-17.4,-2.2200000000000157,2.8,70.4,53.0,July,20.6
Adelaide,9.4,16.9,0.0,3.0,7.61,NNW,44.0,11.0,26.0,74.0,46.0,1027.2,1023.8,4.45,4.51,11.4,16.3,0,0,7.499999999999998,-28.0,0.05999999999999961,-3.400000000000091,15.0,8.01,15.86,2.08,3.168,7.61,7.85,-17.1,-2.0400000000000205,3.5,73.2,56.1,July,20.8
Adelaide,8.5,16.7,0.0,2.0,7.61,N,44.0,15.0,19.0,60.0,44.0,1021.6,1018.6,4.45,4.51,10.9,16.5,0,1,8.2,-16.0,0.05999999999999961,-3.0,4.0,8.72,16.07,2.08,3.268,7.61,7.35,-16.8,-1.9800000000000295,3.7,73.7,56.9,July,20.8
Adelaide,8.1,13.1,2.0,1.6,7.61,W,46.0,0.0,20.0,83.0,41.0,1023.2,1023.0,4.45,4.51,9.8,12.7,1,1,5.0,-42.0,0.05999999999999961,-0.20000000000004547,20.0,9.03,16.14,2.08,2.9210000000000003,7.61,7.110000000000001,-17.1,-1.9900000000000204,3.9,75.2,58.1,July,20.8
Adelaide,6.0,14.8,1.2,1.8,7.61,NW,31.0,9.0,17.0,83.0,62.0,1026.2,1025.0,4.45,4.51,8.3,14.4,1,1,8.8,-21.0,0.05999999999999961,-1.2000000000000455,8.0,9.239999999999998,15.669999999999998,2.2800000000000002,2.534,7.61,6.43,-21.2,-1.6400000000000206,6.6,79.0,57.8,July,22.8
Adelaide,8.3,15.9,1.6,1.2,7.61,NNW,17.0,9.0,4.0,90.0,71.0,1030.5,1030.0,4.45,4.51,11.1,15.2,1,0,7.6,-19.0,0.05999999999999961,-0.5,-5.0,8.969999999999999,15.530000000000001,2.4,2.354,7.61,6.56,-22.4,-1.4700000000000273,7.4,80.5,58.1,July,24.0
Adelaide,8.5,17.1,0.8,5.47,7.61,SW,22.0,6.0,13.0,96.0,68.0,1035.4,1033.7,4.45,4.51,10.3,15.9,0,0,8.600000000000001,-28.0,0.05999999999999961,-1.7000000000000455,7.0,8.73,15.49,2.32,2.3939999999999997,7.61,6.76,-21.1,-1.3200000000000274,5.9,80.3,59.2,July,23.2
Adelaide,6.0,16.1,0.0,5.47,7.61,WSW,19.0,0.0,7.0,91.0,73.0,1033.9,1030.8,4.45,4.51,10.0,13.8,0,0,10.100000000000001,-18.0,0.05999999999999961,-3.1000000000001364,7.0,8.61,15.59,2.4,2.821,7.61,6.9799999999999995,-20.7,-1.100000000000034,6.0,81.9,61.2,July,24.0
Adelaide,7.9,17.3,0.0,3.2,7.61,N,30.0,9.0,11.0,64.0,39.0,1029.2,1024.3,4.45,4.51,12.8,17.0,0,0,9.4,-25.0,0.05999999999999961,-4.900000000000091,2.0,8.26,15.329999999999998,2.16,3.268,7.61,7.07,-21.8,-1.1600000000000477,6.3,83.1,61.3,July,21.6
Adelaide,10.1,19.0,0.0,2.2,7.61,NE,31.0,11.0,17.0,45.0,36.0,1022.6,1017.7,4.45,4.51,13.5,18.5,0,0,8.9,-9.0,0.05999999999999961,-4.899999999999977,6.0,7.88,15.610000000000003,1.42,3.468,7.61,7.7299999999999995,-23.4,-1.5900000000000545,6.5,80.4,57.0,July,14.2
Adelaide,11.2,14.5,0.2,2.0,7.61,NW,57.0,15.0,28.0,71.0,59.0,1012.2,1010.5,4.45,4.51,11.3,13.2,0,1,3.3000000000000007,-12.0,0.05999999999999961,-1.7000000000000455,13.0,8.08,16.19,0.62,3.141,7.61,8.11,-22.0,-2.3100000000000476,7.3,77.4,55.4,July,6.2
Adelaide,10.0,14.6,3.4,1.6,7.61,W,46.0,19.0,22.0,72.0,51.0,1012.7,1012.6,4.45,4.51,12.0,14.2,1,1,4.6,-21.0,0.05999999999999961,-0.10000000000002274,3.0,8.4,16.14,0.5800000000000001,2.7939999999999996,7.61,7.739999999999999,-21.8,-2.460000000000048,7.7,75.7,53.9,July,5.800000000000001
Adelaide,9.8,13.8,30.8,2.6,7.61,SW,41.0,15.0,20.0,91.0,44.0,1021.0,1021.2,4.45,4.51,10.9,13.3,1,1,4.0,-47.0,0.05999999999999961,0.20000000000004547,5.0,8.459999999999999,15.91,0.9200000000000002,2.654,7.61,7.450000000000001,-21.1,-2.1300000000000407,6.5,75.5,54.4,July,9.200000000000001
Adelaide,8.5,15.4,1.2,5.47,7.61,SSW,30.0,0.0,15.0,94.0,71.0,1027.1,1026.4,4.45,4.51,11.4,14.6,1,0,6.9,-23.0,0.05999999999999961,-0.6999999999998181,15.0,8.59,15.620000000000001,4.0,2.714,7.61,7.030000000000001,-24.2,-1.8100000000000365,6.6,78.6,54.4,July,40.0
Adelaide,8.9,13.6,0.2,5.47,7.61,SSW,28.0,6.0,11.0,77.0,83.0,1032.3,1031.2,4.45,4.51,10.8,11.6,0,0,4.699999999999999,6.0,0.05999999999999961,-1.099999999999909,5.0,8.629999999999999,15.85,3.9200000000000004,3.101,7.61,7.220000000000001,-22.3,-1.8600000000000136,6.1,79.7,57.4,July,39.2
Adelaide,5.0,14.5,0.4,3.2,7.61,SSE,28.0,4.0,13.0,80.0,47.0,1035.3,1032.7,4.45,4.51,9.7,13.4,0,0,9.5,-33.0,0.05999999999999961,-2.599999999999909,9.0,8.92,15.73,3.8200000000000003,3.468,7.61,6.81,-19.6,-1.85,5.8,79.1,59.5,July,38.2
Adelaide,7.7,13.8,0.0,1.4,7.61,SE,24.0,7.0,15.0,68.0,57.0,1033.1,1029.1,4.45,4.51,10.4,12.2,0,0,6.1000000000000005,-11.0,0.05999999999999961,-4.0,8.0,8.59,15.59,3.7000000000000006,3.668,7.61,7.0,-21.0,-2.0599999999999907,7.2,78.1,57.1,July,37.00000000000001
Adelaide,2.2,15.5,0.0,1.6,7.61,N,26.0,7.0,13.0,71.0,44.0,1027.8,1022.6,4.45,4.51,8.4,15.1,0,0,13.3,-27.0,0.05999999999999961,-5.199999999999932,6.0,8.510000000000002,15.26,3.62,3.261,7.61,6.75,-19.3,-2.2899999999999863,7.3,75.3,56.0,August,36.2
Adelaide,8.4,17.6,0.0,1.8,7.61,N,43.0,13.0,17.0,48.0,42.0,1019.6,1015.4,4.45,4.51,11.9,15.0,0,0,9.200000000000001,-6.0,0.05999999999999961,-4.2000000000000455,4.0,8.13,15.2,3.62,2.8739999999999997,7.61,7.07,-20.2,-2.499999999999966,7.2,73.3,53.1,August,36.2
Adelaide,8.0,16.5,0.0,1.4,7.61,NNW,44.0,13.0,24.0,99.0,54.0,1018.6,1016.2,4.45,4.51,9.1,16.2,0,0,8.5,-45.0,0.05999999999999961,-2.3999999999999773,11.0,8.18,15.23,3.62,2.734,7.61,7.05,-18.3,-2.4299999999999615,7.4,71.7,53.4,August,36.2
Adelaide,8.8,16.9,0.2,5.47,7.61,NNW,37.0,11.0,20.0,96.0,60.0,1018.9,1014.3,4.45,4.51,10.5,16.8,0,1,8.099999999999998,-36.0,0.05999999999999961,-4.600000000000023,9.0,7.970000000000001,14.98,3.62,2.654,7.61,7.010000000000001,-21.9,-2.1799999999999615,7.9,77.1,55.2,August,36.2
Adelaide,10.4,16.4,1.4,5.47,7.61,SW,56.0,17.0,24.0,87.0,68.0,1015.8,1016.3,4.45,4.51,13.0,15.0,1,1,5.999999999999998,-19.0,0.05999999999999961,0.5,7.0,7.730000000000001,15.219999999999999,3.62,3.0010000000000003,7.61,7.49,-24.3,-2.469999999999959,7.5,79.6,55.3,August,36.2
Adelaide,6.7,16.0,3.4,4.2,7.61,WSW,31.0,4.0,13.0,79.0,48.0,1024.3,1023.6,4.45,4.51,11.1,15.3,1,0,9.3,-31.0,0.05999999999999961,-0.6999999999999318,9.0,7.7700000000000005,15.4,3.4200000000000004,3.3879999999999995,7.61,7.63,-24.1,-2.4099999999999566,7.9,81.1,57.0,August,34.2
Adelaide,6.9,20.2,0.0,1.4,7.61,N,44.0,11.0,24.0,54.0,31.0,1021.4,1016.8,4.45,4.51,12.0,20.0,0,0,13.299999999999999,-23.0,0.05999999999999961,-4.600000000000023,13.0,7.460000000000001,15.62,0.6800000000000004,3.5479999999999996,7.61,8.16,-22.5,-2.4999999999999547,8.3,79.9,57.4,August,6.800000000000003
Adelaide,11.5,15.7,0.0,4.0,7.61,SW,41.0,9.0,19.0,51.0,76.0,1016.6,1016.6,4.45,4.51,13.4,15.4,0,1,4.199999999999999,25.0,0.05999999999999961,0.0,10.0,7.300000000000002,16.1,0.5600000000000003,3.141,7.61,8.8,-22.5,-2.889999999999975,8.1,75.9,53.4,August,5.600000000000003
Adelaide,7.0,15.0,5.4,0.8,7.61,SW,44.0,4.0,22.0,75.0,61.0,1027.8,1028.2,4.45,4.51,11.3,14.3,1,0,8.0,-14.0,0.05999999999999961,0.40000000000009095,18.0,7.56,16.31,0.5400000000000003,2.994,7.61,8.75,-20.6,-2.7799999999999843,8.6,73.3,52.7,August,5.400000000000003
Adelaide,5.4,14.6,0.4,1.6,7.61,SSW,33.0,6.0,17.0,72.0,52.0,1033.9,1032.7,4.45,4.51,10.5,13.9,0,0,9.2,-20.0,0.05999999999999961,-1.2000000000000455,11.0,7.76,16.36,1.0400000000000005,2.754,7.61,8.6,-18.7,-2.479999999999984,9.5,72.8,54.1,August,10.400000000000004
Adelaide,5.4,14.2,0.0,5.47,7.61,SSE,30.0,0.0,11.0,80.0,53.0,1035.1,1032.4,4.45,4.51,9.5,13.5,0,0,8.799999999999999,-27.0,0.05999999999999961,-2.699999999999818,11.0,7.529999999999999,16.44,1.0800000000000005,2.774,7.61,8.91,-19.6,-2.1999999999999886,9.8,73.2,53.6,August,10.800000000000004
Adelaide,4.7,14.8,2.36,5.47,7.61,SSE,20.0,0.0,7.0,77.0,50.0,1032.3,1027.4,4.45,4.51,9.8,13.6,0,0,10.100000000000001,-27.0,0.05999999999999961,-4.899999999999864,7.0,7.85,16.31,1.0800000000000005,3.161,7.61,8.459999999999999,-19.6,-1.9499999999999773,10.3,74.1,54.5,August,10.800000000000004
Adelaide,5.4,17.2,0.0,3.2,7.61,NNW,41.0,15.0,20.0,49.0,42.0,1022.9,1018.7,4.45,4.51,12.9,15.8,0,1,11.799999999999999,-7.0,0.05999999999999961,-4.199999999999932,5.0,7.480000000000001,16.03,1.3160000000000003,3.528,7.61,8.549999999999999,-21.7,-2.019999999999959,10.6,77.0,55.3,August,13.160000000000004
Adelaide,10.4,15.7,2.4,2.0,7.61,W,33.0,13.0,13.0,80.0,51.0,1018.9,1018.6,4.45,4.51,13.3,15.5,1,0,5.299999999999999,-29.0,0.05999999999999961,-0.2999999999999545,0.0,7.220000000000001,16.1,1.3160000000000003,3.7079999999999997,7.61,8.879999999999999,-17.9,-2.1999999999999544,10.0,72.0,54.1,August,13.160000000000004
Adelaide,8.3,14.8,0.0,1.8,7.61,NW,44.0,13.0,15.0,81.0,71.0,1017.9,1016.1,4.45,4.51,10.7,13.8,0,1,6.5,-10.0,0.05999999999999961,-1.7999999999999545,2.0,7.38,15.98,1.5360000000000005,3.3609999999999998,7.61,8.6,-17.2,-1.7699999999999476,9.1,70.4,53.2,August,15.360000000000005
Adelaide,8.9,15.0,8.4,1.2,7.61,WNW,61.0,19.0,22.0,85.0,89.0,1012.9,1005.5,4.45,4.51,11.7,11.8,1,1,6.1,4.0,0.05999999999999961,-7.399999999999977,3.0,7.17,15.819999999999999,1.3960000000000004,2.994,7.61,8.65,-16.3,-1.9999999999999432,8.6,69.8,53.5,August,13.960000000000004
Adelaide,7.8,13.2,17.6,0.8,7.61,SW,61.0,20.0,28.0,76.0,47.0,1012.5,1014.7,4.45,4.51,8.3,12.5,1,1,5.3999999999999995,-29.0,0.05999999999999961,2.2000000000000455,8.0,7.390000000000001,15.719999999999999,1.8960000000000004,2.694,7.61,8.33,-12.8,-2.6699999999999475,8.0,70.4,57.6,August,18.960000000000004
Adelaide,6.0,14.0,2.6,5.47,7.61,WSW,31.0,9.0,15.0,70.0,80.0,1023.5,1023.0,4.45,4.51,10.7,12.9,1,0,8.0,10.0,0.05999999999999961,-0.5,6.0,7.4799999999999995,15.020000000000001,3.656,2.634,7.61,7.539999999999999,-13.4,-1.989999999999941,7.5,72.6,59.2,August,36.56
Adelaide,7.7,16.0,0.6,5.47,7.61,NW,26.0,6.0,11.0,93.0,51.0,1026.6,1023.2,4.45,4.51,9.8,15.7,0,0,8.3,-42.0,0.05999999999999961,-3.3999999999998636,5.0,6.93,14.85,3.9160000000000004,2.7809999999999997,7.61,7.919999999999999,-14.9,-2.039999999999941,7.1,74.5,59.6,August,39.160000000000004
Adelaide,6.5,17.8,0.0,2.2,7.61,N,46.0,13.0,28.0,56.0,41.0,1018.6,1013.7,4.45,4.51,13.2,17.2,0,0,11.3,-15.0,0.05999999999999961,-4.899999999999977,15.0,7.0,14.95,3.436000000000001,3.248,7.61,7.95,-17.7,-2.4199999999999364,5.8,76.3,58.6,August,34.36000000000001
Adelaide,11.1,15.2,0.0,3.4,7.61,NE,50.0,9.0,19.0,81.0,51.0,1010.6,1008.7,4.45,4.51,12.0,14.7,0,0,4.1,-30.0,0.05999999999999961,-1.8999999999999773,10.0,7.109999999999999,15.27,3.396000000000001,3.308,7.61,8.16,-17.2,-2.7899999999999294,6.2,74.7,57.5,August,33.96000000000001
Adelaide,7.1,21.1,0.0,1.2,7.61,NW,54.0,13.0,22.0,50.0,41.0,1002.8,996.7,4.45,4.51,14.0,21.0,0,1,14.000000000000002,-9.0,0.05999999999999961,-6.099999999999909,9.0,7.6800000000000015,15.370000000000001,3.396000000000001,3.101,7.61,7.6899999999999995,-17.5,-2.7099999999999453,6.1,74.8,57.3,August,33.96000000000001
Adelaide,8.1,12.4,6.0,1.8,7.61,WNW,74.0,26.0,37.0,74.0,78.0,1002.6,1005.6,4.45,4.51,10.7,7.4,1,1,4.300000000000001,4.0,0.05999999999999961,3.0,11.0,7.92,16.0,3.1600000000000006,2.674,7.61,8.080000000000002,-15.7,-2.82999999999995,6.3,72.1,56.4,August,31.600000000000005
Adelaide,6.7,13.3,10.4,1.8,7.61,W,48.0,19.0,24.0,69.0,58.0,1016.0,1017.8,4.45,4.51,11.6,12.9,1,1,6.6000000000000005,-11.0,0.05999999999999961,1.7999999999999545,5.0,8.19,15.520000000000001,3.7600000000000007,2.534,7.61,7.330000000000001,-14.6,-2.109999999999957,6.9,74.6,60.0,August,37.60000000000001
Adelaide,7.5,15.3,1.8,5.47,7.61,WNW,41.0,9.0,19.0,85.0,93.0,1022.0,1020.6,4.45,4.51,11.4,12.2,1,1,7.800000000000001,8.0,0.05999999999999961,-1.3999999999999773,10.0,7.82,15.279999999999998,4.5600000000000005,2.514,7.61,7.459999999999999,-12.8,-1.899999999999966,7.4,73.5,60.7,August,45.60000000000001
Adelaide,8.8,14.6,3.2,5.47,7.61,WSW,28.0,2.0,19.0,63.0,47.0,1025.6,1024.0,4.45,4.51,11.1,13.5,1,0,5.799999999999999,-16.0,0.05999999999999961,-1.599999999999909,17.0,7.74,15.330000000000002,4.74,2.881,7.61,7.589999999999999,-11.0,-1.8599999999999681,8.2,73.9,62.9,August,47.400000000000006
Adelaide,5.0,18.6,0.0,5.0,7.61,NW,39.0,11.0,19.0,51.0,39.0,1022.0,1019.1,4.45,4.51,13.1,17.1,0,0,13.600000000000001,-12.0,0.05999999999999961,-2.8999999999999773,8.0,7.7299999999999995,15.290000000000001,4.220000000000001,3.308,7.61,7.5600000000000005,-13.0,-1.2799999999999614,9.6,71.7,58.7,August,42.2
Adelaide,11.0,18.9,0.0,1.6,7.61,N,41.0,13.0,15.0,32.0,40.0,1016.7,1008.7,4.45,4.51,16.1,18.4,0,0,7.899999999999999,8.0,0.05999999999999961,-8.0,2.0,7.45,15.829999999999998,2.4600000000000004,3.728,7.61,8.38,-11.3,-1.7899999999999636,9.6,69.2,57.9,August,24.600000000000005
Adelaide,8.2,17.4,0.4,2.2,7.61,NW,57.0,11.0,22.0,92.0,69.0,1011.1,1010.4,4.45,4.51,11.0,14.3,0,1,9.2,-23.0,0.05999999999999961,-0.7000000000000455,11.0,7.95,16.32,2.2,3.3409999999999997,7.61,8.370000000000001,-11.5,-2.5399999999999636,9.2,65.4,53.9,August,22.000000000000004
Adelaide,8.8,14.4,3.8,2.2,7.61,WSW,50.0,20.0,19.0,57.0,48.0,1020.4,1022.6,4.45,4.51,11.5,13.8,1,0,5.6,-9.0,0.05999999999999961,2.2000000000000455,-1.0,8.0,16.46,2.1800000000000006,3.0140000000000002,7.61,8.459999999999999,-9.6,-2.269999999999982,9.8,65.3,55.7,August,21.800000000000004
Adelaide,8.6,14.1,0.0,1.8,7.61,SW,31.0,9.0,15.0,70.0,67.0,1027.8,1026.7,4.45,4.51,12.2,13.0,0,0,5.5,-3.0,0.05999999999999961,-1.099999999999909,6.0,8.23,16.12,2.5600000000000005,3.0140000000000002,7.61,7.890000000000001,-9.0,-1.5599999999999796,8.2,65.4,56.4,August,25.600000000000005
Adelaide,5.3,19.3,0.2,5.47,7.61,N,30.0,11.0,13.0,63.0,43.0,1027.0,1022.7,4.45,4.51,12.4,18.1,0,0,14.0,-20.0,0.05999999999999961,-4.2999999999999545,2.0,7.9799999999999995,16.009999999999998,2.5600000000000005,2.854,7.61,8.030000000000001,-6.3,-1.4799999999999727,7.8,64.3,58.0,September,25.600000000000005
Adelaide,10.8,22.3,0.0,5.47,7.61,NW,31.0,11.0,19.0,31.0,24.0,1022.3,1019.8,4.45,4.51,17.5,22.3,0,0,11.5,-7.0,0.05999999999999961,-2.5,8.0,7.8,15.830000000000002,2.5800000000000005,3.281,7.61,8.030000000000001,-7.4,-1.2999999999999772,7.1,65.6,58.2,September,25.800000000000004
Adelaide,7.7,22.9,0.0,7.0,7.61,SE,56.0,13.0,17.0,27.0,22.0,1021.1,1018.2,4.45,4.51,17.5,22.1,0,0,15.2,-5.0,0.05999999999999961,-2.8999999999999773,4.0,8.07,16.82,1.9800000000000004,3.6479999999999997,7.61,8.75,-8.5,-1.8499999999999772,6.8,61.3,52.8,September,19.800000000000004
Adelaide,11.6,27.0,0.0,3.4,7.61,N,57.0,20.0,31.0,18.0,12.0,1014.1,1007.4,4.45,4.51,21.0,26.7,0,1,15.4,-6.0,0.05999999999999961,-6.7000000000000455,11.0,8.17,17.78,0.9400000000000004,4.168,7.61,9.61,-7.9,-2.3199999999999705,6.7,57.1,49.2,September,9.400000000000004
Adelaide,11.7,17.9,4.2,8.2,7.61,NW,72.0,20.0,39.0,81.0,48.0,1001.7,1000.7,4.45,4.51,12.5,16.1,1,0,6.199999999999999,-33.0,0.05999999999999961,-1.0,19.0,8.58,18.95,0.7600000000000003,3.961,7.61,10.370000000000001,-9.3,-2.8499999999999774,6.8,50.4,41.1,September,7.600000000000003
Adelaide,11.5,17.2,0.8,3.0,7.61,W,63.0,17.0,24.0,76.0,95.0,1008.0,1006.2,4.45,4.51,13.5,10.9,0,1,5.699999999999999,19.0,0.05999999999999961,-1.7999999999999545,7.0,8.870000000000001,19.28,0.8600000000000003,4.234,7.61,10.41,-11.0,-2.7899999999999863,7.0,52.2,41.2,September,8.600000000000003
Adelaide,7.5,15.2,7.4,2.2,7.61,SW,76.0,26.0,26.0,57.0,58.0,1016.7,1020.2,4.45,4.51,12.1,14.5,1,0,7.699999999999999,1.0,0.05999999999999961,3.5,0.0,9.52,19.14,0.9400000000000004,4.034000000000001,7.61,9.62,-7.9,-2.679999999999984,6.9,54.7,46.8,September,9.400000000000004
Adelaide,10.8,15.5,0.2,5.47,7.61,SW,43.0,17.0,17.0,73.0,57.0,1026.3,1026.2,4.45,4.51,13.4,15.2,0,0,4.699999999999999,-16.0,0.05999999999999961,-0.09999999999990905,0.0,9.17,18.77,1.6800000000000004,4.094,7.61,9.599999999999998,-8.6,-1.529999999999984,6.7,57.2,48.6,September,16.800000000000004
Adelaide,8.8,17.8,0.0,5.47,7.61,SW,22.0,2.0,15.0,62.0,51.0,1029.7,1025.4,4.45,4.51,12.2,16.3,0,0,9.0,-11.0,0.05999999999999961,-4.2999999999999545,13.0,9.43,18.58,1.6600000000000006,4.421,7.61,9.15,-7.9,-1.4699999999999704,5.6,55.3,47.4,September,16.600000000000005
Adelaide,5.6,22.3,0.0,7.8,7.61,W,28.0,13.0,13.0,50.0,31.0,1023.9,1020.9,4.45,4.51,14.2,21.1,0,0,16.700000000000003,-19.0,0.05999999999999961,-3.0,0.0,9.430000000000001,18.919999999999998,1.2800000000000005,4.747999999999999,7.61,9.489999999999998,-8.1,-2.1199999999999704,7.0,55.8,47.7,September,12.800000000000004
Adelaide,6.3,25.2,0.0,3.0,7.61,N,30.0,11.0,15.0,44.0,23.0,1023.1,1018.3,4.45,4.51,16.7,24.9,0,0,18.9,-21.0,0.05999999999999961,-4.800000000000068,4.0,9.129999999999999,19.740000000000002,1.2800000000000005,5.348,7.61,10.61,-9.7,-2.3099999999999796,6.4,53.8,44.1,September,12.800000000000004
Adelaide,11.4,19.7,0.0,4.4,7.61,WSW,39.0,11.0,13.0,25.0,94.0,1016.4,1016.0,4.45,4.51,17.8,14.2,0,1,8.299999999999999,69.0,0.05999999999999961,-0.39999999999997726,2.0,9.23,20.330000000000002,1.2600000000000002,5.101,7.61,11.1,-9.8,-2.359999999999991,6.6,51.9,42.1,September,12.600000000000003
Adelaide,9.7,16.0,2.2,1.4,7.61,WSW,43.0,22.0,22.0,52.0,46.0,1022.7,1022.5,4.45,4.51,12.8,14.7,1,0,6.300000000000001,-6.0,0.05999999999999961,-0.20000000000004547,0.0,9.290000000000001,20.07,1.2600000000000002,4.994,7.61,10.78,-2.2,-2.149999999999989,6.0,51.3,49.1,September,12.600000000000003
Adelaide,11.6,14.7,0.0,2.8,7.61,WNW,28.0,11.0,11.0,61.0,65.0,1025.4,1024.2,4.45,4.51,13.5,14.2,0,0,3.0999999999999996,4.0,0.05999999999999961,-1.2000000000000455,0.0,9.49,19.38,1.4800000000000004,4.434,7.61,9.89,-2.3,-1.8799999999999955,5.6,53.8,51.5,September,14.800000000000004
Adelaide,11.7,18.3,0.0,5.47,7.61,N,28.0,13.0,17.0,58.0,54.0,1026.4,1022.7,4.45,4.51,13.5,17.1,0,0,6.600000000000001,-4.0,0.05999999999999961,-3.7000000000000455,4.0,9.49,18.15,1.4800000000000004,4.3740000000000006,7.61,8.66,-1.3,-1.3299999999999954,4.5,58.1,56.8,September,14.800000000000004
Adelaide,8.2,17.0,0.0,5.47,7.61,W,33.0,7.0,20.0,72.0,59.0,1023.4,1021.4,4.45,4.51,13.9,15.9,0,0,8.8,-13.0,0.05999999999999961,-2.0,13.0,9.49,18.189999999999998,1.0600000000000005,4.101,7.61,8.7,1.6,-1.6,3.0,55.8,57.4,September,10.600000000000005
Adelaide,11.3,15.5,0.2,6.6,7.61,SW,22.0,11.0,6.0,73.0,57.0,1021.0,1017.6,4.45,4.51,12.5,14.3,0,0,4.199999999999999,-16.0,0.05999999999999961,-3.3999999999999773,-5.0,9.16,18.169999999999998,0.9800000000000004,4.348,7.61,9.010000000000002,-1.6,-1.6200000000000045,3.6,55.4,53.8,September,9.800000000000004
Adelaide,5.6,18.0,0.0,1.2,7.61,SW,30.0,7.0,19.0,67.0,62.0,1017.8,1015.9,4.45,4.51,13.5,16.1,0,0,12.4,-5.0,0.05999999999999961,-1.8999999999999773,12.0,9.540000000000001,18.2,0.2600000000000004,4.787999999999999,7.61,8.66,-3.3,-2.3100000000000023,3.1,57.0,53.7,September,2.600000000000004
Adelaide,11.8,22.3,0.2,2.8,7.61,E,44.0,15.0,13.0,60.0,41.0,1014.3,1008.4,4.45,4.51,14.2,21.8,0,0,10.5,-19.0,0.05999999999999961,-5.899999999999977,-2.0,9.02,18.45,0.24000000000000038,4.361,7.61,9.43,-2.2,-2.490000000000009,4.3,56.4,54.2,September,2.400000000000004
Adelaide,12.4,21.2,0.0,4.2,7.61,W,48.0,17.0,22.0,60.0,70.0,1008.8,1010.8,4.45,4.51,17.5,17.8,0,0,8.799999999999999,10.0,0.05999999999999961,2.0,5.0,9.32,18.9,0.26000000000000034,4.093999999999999,7.61,9.58,-3.0,-2.6500000000000115,2.8,56.2,53.2,September,2.6000000000000036
Adelaide,11.7,20.9,0.0,3.0,7.61,SW,24.0,7.0,17.0,67.0,49.0,1020.1,1018.6,4.45,4.51,15.7,20.2,0,0,9.2,-18.0,0.05999999999999961,-1.5,10.0,10.0,18.79,0.26000000000000034,3.7340000000000004,7.61,8.790000000000001,-0.1,-2.1500000000000115,3.3,57.2,57.1,September,2.6000000000000036
Adelaide,11.7,27.2,0.0,5.47,7.61,NW,46.0,22.0,22.0,32.0,21.0,1014.1,1007.6,4.45,4.51,20.7,24.1,0,0,15.5,-11.0,0.05999999999999961,-6.5,0.0,10.540000000000001,18.36,0.26000000000000034,3.7340000000000004,7.61,7.8199999999999985,0.2,-1.8200000000000045,3.9,59.5,59.7,September,2.6000000000000036
Adelaide,12.0,17.1,0.0,5.47,7.61,WSW,56.0,24.0,24.0,55.0,46.0,1014.9,1015.1,4.45,4.51,14.4,16.3,0,0,5.100000000000001,-9.0,0.05999999999999961,0.20000000000004547,0.0,10.569999999999999,19.110000000000003,0.26000000000000034,3.8409999999999997,7.61,8.54,-7.8,-2.430000000000007,3.7,60.2,52.4,September,2.6000000000000036
Adelaide,7.5,16.3,1.0,13.0,7.61,WSW,31.0,11.0,17.0,56.0,43.0,1022.4,1020.5,4.45,4.51,12.4,15.6,0,0,8.8,-13.0,0.05999999999999961,-1.8999999999999773,6.0,10.8,19.220000000000002,0.040000000000000355,4.247999999999999,7.61,8.42,-8.1,-2.389999999999998,3.7,60.5,52.4,September,0.4000000000000036
Adelaide,6.4,22.6,0.0,3.8,7.61,N,37.0,19.0,13.0,38.0,20.0,1019.8,1014.4,4.45,4.51,15.9,21.6,0,0,16.200000000000003,-18.0,0.05999999999999961,-5.399999999999977,-6.0,10.389999999999999,19.38,0.14000000000000035,5.268,7.61,8.99,-9.8,-2.459999999999991,4.3,60.0,50.2,September,1.4000000000000035
Adelaide,13.4,28.2,0.0,5.0,7.61,N,52.0,19.0,24.0,18.0,11.0,1009.8,1006.1,4.45,4.51,20.9,28.0,0,0,14.799999999999999,-7.0,0.05999999999999961,-3.699999999999932,5.0,9.86,19.810000000000002,0.14000000000000035,5.101,7.61,9.95,-11.2,-2.629999999999984,3.3,58.0,46.8,September,1.4000000000000035
Adelaide,10.9,28.2,0.0,5.0,7.61,W,26.0,7.0,7.0,39.0,28.0,1007.3,1002.0,4.45,4.51,21.3,26.0,0,1,17.299999999999997,-11.0,0.05999999999999961,-5.2999999999999545,0.0,10.38,20.93,0.14000000000000035,5.054,7.61,10.55,-10.6,-2.799999999999977,2.5,52.6,42.0,September,1.4000000000000035
Adelaide,14.1,17.5,1.2,6.8,7.61,W,61.0,22.0,28.0,72.0,55.0,1003.5,1004.3,4.45,4.51,15.0,16.6,1,1,3.4000000000000004,-17.0,0.05999999999999961,0.7999999999999545,6.0,10.34,22.2,0.12000000000000037,4.894,7.61,11.86,-10.1,-2.989999999999975,3.0,49.2,39.1,September,1.2000000000000037
Adelaide,7.6,15.0,3.2,5.47,7.61,W,56.0,17.0,20.0,43.0,44.0,1017.5,1019.5,4.45,4.51,11.9,12.8,1,0,7.4,1.0,0.05999999999999961,2.0,3.0,11.190000000000001,22.15,0.24000000000000035,5.454,7.61,10.96,-11.3,-2.719999999999982,2.4,49.7,38.4,September,2.4000000000000035
Adelaide,8.6,15.9,1.0,7.4,7.61,SSW,35.0,13.0,7.0,61.0,79.0,1027.0,1027.1,4.45,4.51,12.9,13.5,0,0,7.300000000000001,18.0,0.05999999999999961,0.09999999999990905,-6.0,10.77,21.419999999999998,0.5400000000000004,5.721,7.61,10.65,-9.3,-1.9299999999999842,2.9,48.0,38.7,September,5.400000000000004
Adelaide,5.7,18.3,0.8,5.47,7.61,SW,31.0,7.0,20.0,63.0,52.0,1033.9,1031.3,4.45,4.51,14.0,17.7,0,0,12.600000000000001,-11.0,0.05999999999999961,-2.6000000000001364,13.0,10.389999999999999,20.89,0.6400000000000003,6.0409999999999995,7.61,10.5,-8.5,-2.119999999999993,1.8,48.1,39.6,October,6.400000000000004
Adelaide,5.8,23.2,0.0,4.0,7.61,W,24.0,6.0,13.0,67.0,25.0,1033.5,1028.5,4.45,4.51,12.7,22.6,0,0,17.4,-42.0,0.05999999999999961,-5.0,7.0,9.79,20.630000000000003,0.7200000000000004,6.287999999999999,7.61,10.84,-7.8,-2.2300000000000066,2.1,47.7,39.9,October,7.200000000000004
Adelaide,9.7,28.3,0.0,3.4,7.61,N,37.0,17.0,17.0,25.0,15.0,1024.3,1018.9,4.45,4.51,23.1,28.0,0,0,18.6,-10.0,0.05999999999999961,-5.399999999999977,0.0,9.2,20.23,0.7200000000000004,6.141,7.61,11.030000000000001,-10.9,-2.0800000000000067,2.8,51.2,40.3,October,7.200000000000004
Adelaide,14.5,29.5,0.0,6.6,7.61,NW,39.0,19.0,17.0,15.0,12.0,1016.2,1013.3,4.45,4.51,24.3,28.7,0,0,15.0,-3.0,0.05999999999999961,-2.900000000000091,-2.0,8.97,21.35,0.7200000000000004,5.933999999999999,7.61,12.379999999999999,-11.0,-2.640000000000009,2.8,48.2,37.2,October,7.200000000000004
Adelaide,11.5,19.8,0.0,4.8,7.61,WSW,28.0,7.0,13.0,57.0,60.0,1020.2,1018.0,4.45,4.51,16.5,18.1,0,0,8.3,3.0,0.05999999999999961,-2.2000000000000455,6.0,9.67,22.67,0.6200000000000003,5.294,7.61,13.0,-10.0,-2.7400000000000206,2.0,44.1,34.1,October,6.200000000000004
Adelaide,12.7,18.7,0.6,5.47,7.61,SW,46.0,20.0,22.0,65.0,50.0,1018.2,1018.9,4.45,4.51,16.0,17.0,0,0,6.0,-15.0,0.05999999999999961,0.6999999999999318,2.0,10.18,22.389999999999997,0.6200000000000003,5.394,7.61,12.209999999999999,-7.9,-2.4200000000000275,3.2,46.0,38.1,October,6.200000000000004
Adelaide,6.8,18.4,2.36,5.47,7.61,WNW,31.0,11.0,17.0,49.0,43.0,1023.8,1020.2,4.45,4.51,13.8,18.0,0,0,11.599999999999998,-6.0,0.05999999999999961,-3.599999999999909,6.0,10.11,21.44,0.6800000000000004,5.441000000000001,7.61,11.33,-8.7,-1.9800000000000408,2.9,50.7,42.0,October,6.800000000000003
Adelaide,10.2,23.6,0.2,10.0,7.61,E,33.0,11.0,17.0,46.0,28.0,1016.7,1012.9,4.45,4.51,15.1,22.6,0,0,13.400000000000002,-18.0,0.05999999999999961,-3.800000000000068,6.0,9.7,20.46,0.9160000000000004,5.488,7.61,10.76,-8.2,-1.8100000000000365,3.5,51.7,43.5,October,9.160000000000004
Adelaide,9.1,20.3,0.0,4.0,7.61,SW,41.0,6.0,22.0,52.0,45.0,1017.3,1015.0,4.45,4.51,14.9,19.7,0,0,11.200000000000001,-7.0,0.05999999999999961,-2.2999999999999545,16.0,9.309999999999999,21.07,0.8160000000000004,5.808,7.61,11.76,-8.3,-2.2700000000000387,3.5,49.1,40.8,October,8.160000000000004
Adelaide,9.1,15.3,0.0,4.2,7.61,SSW,70.0,9.0,24.0,60.0,82.0,1016.2,1014.9,4.45,4.51,12.4,10.4,0,1,6.200000000000001,22.0,0.05999999999999961,-1.3000000000000682,15.0,9.459999999999999,21.6,0.4960000000000003,5.661,7.61,12.14,-9.1,-2.700000000000034,4.8,50.0,40.9,October,4.960000000000003
Adelaide,4.9,14.2,16.4,3.4,7.61,SSE,57.0,19.0,22.0,83.0,41.0,1018.8,1019.9,4.45,4.51,6.6,13.5,1,1,9.299999999999999,-42.0,0.05999999999999961,1.1000000000000227,3.0,9.51,21.54,0.39600000000000035,5.341,7.61,12.03,-8.7,-2.840000000000032,6.9,49.9,41.2,October,3.9600000000000035
Adelaide,6.6,16.2,2.0,0.6,7.61,W,39.0,15.0,20.0,57.0,45.0,1027.3,1026.5,4.45,4.51,12.6,15.3,1,0,9.6,-12.0,0.05999999999999961,-0.7999999999999545,5.0,9.43,21.13,1.9560000000000002,5.134,7.61,11.7,-11.8,-2.4700000000000157,5.9,51.9,40.1,October,19.560000000000002
Adelaide,7.7,20.6,0.0,5.47,7.61,WSW,24.0,9.0,17.0,65.0,49.0,1027.2,1023.9,4.45,4.51,12.4,18.4,0,0,12.900000000000002,-16.0,0.05999999999999961,-3.300000000000068,8.0,9.51,20.43,2.156,4.7940000000000005,7.61,10.919999999999998,-8.8,-2.0500000000000114,5.7,50.9,42.1,October,21.560000000000002
Adelaide,10.7,29.1,0.0,5.47,7.61,N,50.0,15.0,22.0,25.0,13.0,1022.4,1018.4,4.45,4.51,20.6,28.7,0,0,18.400000000000002,-12.0,0.05999999999999961,-4.0,7.0,9.309999999999999,19.66,2.156,5.001,7.61,10.35,-9.4,-1.8400000000000205,6.5,54.9,45.5,October,21.560000000000002
Adelaide,16.2,27.6,0.0,15.2,7.61,N,37.0,9.0,15.0,60.0,24.0,1018.3,1016.7,4.45,4.51,18.6,26.7,0,0,11.400000000000002,-36.0,0.05999999999999961,-1.599999999999909,6.0,8.93,19.619999999999997,2.156,4.888,7.61,10.690000000000001,-10.3,-1.9500000000000113,7.4,55.9,45.6,October,21.560000000000002
Adelaide,14.4,20.6,0.0,5.0,7.61,WSW,46.0,9.0,22.0,84.0,66.0,1016.8,1017.0,4.45,4.51,15.4,17.3,0,0,6.200000000000001,-18.0,0.05999999999999961,0.20000000000004547,13.0,9.4,20.4,2.156,5.928,7.61,11.000000000000002,-14.2,-1.8899999999999977,7.4,56.2,42.0,October,21.560000000000002
Adelaide,7.2,20.4,0.0,4.0,7.61,SW,31.0,7.0,17.0,56.0,47.0,1023.4,1020.4,4.45,4.51,14.1,18.7,0,0,13.2,-9.0,0.05999999999999961,-3.0,10.0,9.569999999999999,20.59,2.096,5.881,7.61,11.020000000000001,-14.5,-1.9399999999999864,8.5,58.1,43.6,October,20.96
Adelaide,13.2,27.6,0.0,4.8,7.61,N,33.0,9.0,15.0,38.0,26.0,1017.3,1012.8,4.45,4.51,18.4,24.6,0,0,14.400000000000002,-12.0,0.05999999999999961,-4.5,6.0,9.61,20.79,1.86,5.734,7.61,11.180000000000001,-14.8,-1.8799999999999955,8.9,58.8,44.0,October,18.6
Adelaide,12.0,22.6,0.0,3.4,7.61,W,26.0,9.0,11.0,52.0,51.0,1013.5,1014.4,4.45,4.51,18.4,20.7,0,0,10.600000000000001,-1.0,0.05999999999999961,0.8999999999999773,2.0,9.91,21.19,1.8400000000000003,5.214,7.61,11.280000000000001,-14.2,-1.9499999999999886,8.9,58.0,43.8,October,18.400000000000002
Adelaide,9.8,24.4,0.0,5.47,7.61,W,33.0,2.0,19.0,66.0,35.0,1017.2,1016.3,4.45,4.51,15.5,22.2,0,0,14.599999999999998,-31.0,0.05999999999999961,-0.900000000000091,17.0,10.2,21.42,1.8400000000000003,5.154,7.61,11.220000000000002,-13.6,-1.6299999999999955,7.5,58.0,44.4,October,18.400000000000002
Adelaide,10.7,21.8,0.0,5.47,7.61,WSW,37.0,13.0,17.0,53.0,34.0,1023.0,1020.3,4.45,4.51,15.0,20.5,0,0,11.100000000000001,-19.0,0.05999999999999961,-2.7000000000000455,4.0,10.27,22.330000000000002,1.8400000000000003,5.281,7.61,12.06,-18.9,-1.5899999999999976,7.7,58.6,39.7,October,18.400000000000002
Adelaide,7.8,25.2,0.0,12.6,7.61,NE,39.0,17.0,13.0,51.0,19.0,1022.7,1019.3,4.45,4.51,14.7,24.1,0,0,17.4,-32.0,0.05999999999999961,-3.400000000000091,-4.0,10.85,23.09,0.20000000000000034,5.4879999999999995,7.61,12.24,-16.6,-1.9700000000000046,7.8,55.6,39.0,October,2.0000000000000036
Adelaide,14.6,31.2,0.0,8.8,7.61,NNE,48.0,22.0,22.0,13.0,5.0,1017.6,1012.9,4.45,4.51,21.1,30.3,0,0,16.6,-8.0,0.05999999999999961,-4.7000000000000455,0.0,10.97,23.990000000000002,0.0,6.688,7.61,13.020000000000001,-18.6,-2.230000000000018,6.9,55.0,36.4,October,0.0
Adelaide,20.9,29.2,0.0,7.6,7.61,WNW,46.0,6.0,15.0,24.0,26.0,1014.2,1008.6,4.45,4.51,23.0,28.1,0,0,8.3,2.0,0.05999999999999961,-5.600000000000023,9.0,11.66,25.05,0.0,7.020999999999999,7.61,13.39,-17.8,-2.370000000000016,6.1,49.8,32.0,October,0.0
Adelaide,12.9,17.9,0.0,4.8,7.61,W,54.0,17.0,22.0,71.0,50.0,1018.0,1019.8,4.45,4.51,14.7,16.9,0,0,4.999999999999998,-21.0,0.05999999999999961,1.7999999999999545,5.0,12.68,25.060000000000002,0.0,7.234,7.61,12.38,-16.4,-2.530000000000018,6.3,49.7,33.3,October,0.0
Adelaide,9.9,18.8,0.0,4.0,7.61,W,50.0,20.0,20.0,60.0,56.0,1020.4,1020.1,4.45,4.51,13.5,16.8,0,0,8.9,-4.0,0.05999999999999961,-0.2999999999999545,0.0,12.35,24.089999999999996,0.0,6.194,7.61,11.74,-14.9,-2.190000000000032,6.2,50.8,35.9,October,0.0
Adelaide,8.4,19.4,0.0,5.47,7.61,SW,39.0,9.0,20.0,56.0,47.0,1025.0,1023.9,4.45,4.51,13.4,17.8,0,0,10.999999999999998,-9.0,0.05999999999999961,-1.1000000000000227,11.0,11.9,23.91,0.0,6.093999999999999,7.61,12.01,-13.5,-2.2400000000000317,4.9,48.4,34.9,October,0.0
Adelaide,7.8,24.1,0.0,5.47,7.61,WSW,24.0,9.0,15.0,48.0,32.0,1024.8,1021.5,4.45,4.51,15.7,22.7,0,0,16.3,-16.0,0.05999999999999961,-3.2999999999999545,6.0,12.02,23.81,0.0,6.241,7.61,11.790000000000001,-13.5,-2.050000000000034,5.0,48.4,34.9,October,0.0
Adelaide,10.7,30.6,0.0,13.4,7.61,W,33.0,7.0,6.0,43.0,13.0,1018.8,1014.8,4.45,4.51,20.2,29.2,0,0,19.900000000000002,-30.0,0.05999999999999961,-4.0,-1.0,11.48,23.46,0.0,6.308,7.61,11.98,-13.9,-1.9300000000000295,5.0,49.4,35.5,October,0.0
Adelaide,14.0,33.9,0.0,7.2,7.61,WNW,35.0,7.0,17.0,18.0,7.0,1013.0,1010.5,4.45,4.51,26.8,32.8,0,0,19.9,-11.0,0.05999999999999961,-2.5,10.0,11.35,24.259999999999998,0.0,7.308,7.61,12.91,-16.8,-2.4200000000000275,4.7,48.5,31.7,October,0.0
Adelaide,17.5,26.7,0.0,7.2,7.61,SW,35.0,9.0,13.0,20.0,39.0,1012.6,1011.7,4.45,4.51,24.1,24.7,0,0,9.2,19.0,0.05999999999999961,-0.8999999999999773,4.0,11.77,25.21,0.0,7.481,7.61,13.440000000000001,-14.8,-2.5800000000000183,4.0,43.7,28.9,October,0.0
Adelaide,12.9,17.9,0.6,4.0,7.61,SSW,44.0,20.0,24.0,67.0,47.0,1018.9,1020.5,4.45,4.51,13.9,16.8,0,0,4.999999999999998,-20.0,0.05999999999999961,1.6000000000000227,4.0,12.45,25.7,0.0,7.654000000000001,7.61,13.25,-11.0,-2.4000000000000115,4.0,40.4,29.4,November,0.0
Adelaide,10.8,21.6,0.0,3.8,7.61,N,39.0,6.0,19.0,52.0,45.0,1021.8,1019.4,4.45,4.51,15.1,19.5,0,0,10.8,-7.0,0.05999999999999961,-2.3999999999999773,13.0,12.959999999999999,24.97,0.06000000000000035,6.794,7.61,12.01,-9.8,-1.9,4.8,42.0,32.2,November,0.6000000000000035
Adelaide,14.8,28.0,0.0,5.47,7.61,N,33.0,13.0,15.0,30.0,23.0,1015.3,1012.6,4.45,4.51,20.2,26.6,0,0,13.2,-7.0,0.05999999999999961,-2.699999999999932,2.0,12.580000000000002,24.009999999999998,0.06000000000000035,6.2940000000000005,7.61,11.430000000000001,-9.7,-1.6699999999999933,6.1,45.9,36.2,November,0.6000000000000035
Adelaide,20.1,35.0,0.0,5.47,7.61,NNW,41.0,20.0,15.0,15.0,13.0,1010.4,1007.5,4.45,4.51,27.8,33.7,0,0,14.899999999999999,-2.0,0.05999999999999961,-2.8999999999999773,-5.0,11.97,23.889999999999997,0.06000000000000035,6.081,7.61,11.919999999999998,-10.6,-1.3799999999999841,5.4,46.5,35.9,November,0.6000000000000035
Adelaide,25.2,29.8,0.4,21.0,7.61,N,74.0,20.0,28.0,41.0,37.0,1006.1,1003.5,4.45,4.51,27.2,29.1,0,1,4.600000000000001,-4.0,0.05999999999999961,-2.6000000000000227,8.0,12.690000000000001,25.6,0.06000000000000035,6.148,7.61,12.91,-8.7,-1.8499999999999772,4.4,40.9,32.2,November,0.6000000000000035
Adelaide,14.7,22.8,8.0,3.2,7.61,NW,31.0,17.0,15.0,64.0,46.0,1011.9,1011.6,4.45,4.51,17.7,21.0,1,0,8.100000000000001,-18.0,0.05999999999999961,-0.2999999999999545,-2.0,14.220000000000002,26.7,0.10000000000000035,7.847999999999999,7.61,12.48,-8.7,-2.079999999999984,5.2,39.0,30.3,November,1.0000000000000036
Adelaide,12.8,23.3,0.2,5.0,7.61,WNW,44.0,9.0,20.0,64.0,38.0,1012.5,1011.2,4.45,4.51,16.7,22.3,0,1,10.5,-26.0,0.05999999999999961,-1.2999999999999545,11.0,14.85,27.04,0.9000000000000004,7.6209999999999996,7.61,12.190000000000001,-9.6,-1.9999999999999774,3.9,39.8,30.2,November,9.000000000000004
Adelaide,12.3,20.2,3.8,5.2,7.61,WSW,39.0,17.0,20.0,66.0,37.0,1016.5,1016.5,4.45,4.51,15.6,19.7,1,0,7.899999999999999,-29.0,0.05999999999999961,0.0,3.0,15.35,26.96,0.9200000000000003,7.574,7.61,11.61,-10.6,-1.7999999999999772,4.4,41.4,30.8,November,9.200000000000003
Adelaide,11.1,20.2,0.2,5.8,7.61,WSW,44.0,22.0,22.0,43.0,43.0,1025.0,1023.6,4.45,4.51,15.9,19.7,0,0,9.1,0.0,0.05999999999999961,-1.3999999999999773,0.0,15.51,25.919999999999998,1.3000000000000003,6.7540000000000004,7.61,10.41,-10.5,-1.3999999999999773,4.8,43.7,33.2,November,13.000000000000004
Adelaide,8.0,26.7,0.0,5.47,7.61,ENE,24.0,13.0,11.0,44.0,24.0,1026.0,1021.9,4.45,4.51,15.9,24.6,0,0,18.7,-20.0,0.05999999999999961,-4.100000000000023,-2.0,15.219999999999999,24.55,1.3200000000000003,6.614,7.61,9.33,-9.4,-1.289999999999975,3.8,46.2,36.8,November,13.200000000000003
Adelaide,15.8,33.7,0.0,5.47,7.61,N,46.0,22.0,22.0,12.0,5.0,1019.3,1013.4,4.45,4.51,24.8,32.6,0,0,17.900000000000002,-7.0,0.05999999999999961,-5.899999999999977,0.0,14.27,24.55,1.3200000000000003,6.441,7.61,10.279999999999998,-13.3,-1.6099999999999794,3.2,48.6,35.3,November,13.200000000000003
Adelaide,16.1,22.4,0.0,22.2,7.61,WSW,48.0,19.0,24.0,60.0,39.0,1020.9,1021.4,4.45,4.51,17.4,21.3,0,0,6.299999999999997,-21.0,0.05999999999999961,0.5,5.0,14.559999999999999,26.130000000000003,1.2600000000000002,6.587999999999999,7.61,11.57,-12.0,-2.3599999999999794,2.8,43.1,31.1,November,12.600000000000003
Adelaide,10.6,22.8,0.0,6.6,7.61,SSE,31.0,9.0,19.0,46.0,35.0,1024.8,1021.2,4.45,4.51,16.4,21.3,0,0,12.200000000000001,-11.0,0.05999999999999961,-3.599999999999909,10.0,15.09,26.21,1.2600000000000002,8.428,7.61,11.12,-13.4,-2.0699999999999816,2.0,43.9,30.5,November,12.600000000000003
Adelaide,12.1,26.9,0.0,5.8,7.61,SW,31.0,0.0,17.0,44.0,23.0,1019.3,1015.9,4.45,4.51,18.5,25.9,0,0,14.799999999999999,-21.0,0.05999999999999961,-3.3999999999999773,17.0,14.669999999999998,25.690000000000005,1.2600000000000002,8.541,7.61,11.02,-13.8,-2.1599999999999797,2.8,45.5,31.7,November,12.600000000000003
Adelaide,14.8,23.3,0.0,7.0,7.61,SSE,44.0,7.0,7.0,35.0,32.0,1016.4,1014.1,4.45,4.51,17.6,22.8,0,0,8.5,-3.0,0.05999999999999961,-2.2999999999999545,0.0,13.870000000000001,24.880000000000003,1.2600000000000002,8.574,7.61,11.01,-15.7,-2.2099999999999795,5.0,48.4,32.7,November,12.600000000000003
Adelaide,12.5,22.7,0.0,3.8,7.61,ESE,43.0,13.0,19.0,51.0,31.0,1018.2,1016.7,4.45,4.51,15.4,21.6,0,0,10.2,-20.0,0.05999999999999961,-1.5,6.0,12.830000000000002,24.23,1.2200000000000002,7.1739999999999995,7.61,11.4,-15.6,-2.1799999999999726,4.2,47.8,32.2,November,12.200000000000003
Adelaide,11.3,21.9,0.0,5.47,7.61,SW,33.0,4.0,17.0,53.0,43.0,1019.4,1016.4,4.45,4.51,15.6,21.3,0,0,10.599999999999998,-10.0,0.05999999999999961,-3.0,13.0,12.61,24.22,0.4200000000000004,7.234,7.61,11.61,-15.8,-2.299999999999977,5.0,46.5,30.7,November,4.200000000000004
Adelaide,10.2,23.8,0.0,5.47,7.61,W,39.0,9.0,19.0,57.0,40.0,1018.8,1017.6,4.45,4.51,16.0,20.5,0,0,13.600000000000001,-17.0,0.05999999999999961,-1.1999999999999318,10.0,12.46,24.080000000000002,0.40000000000000036,7.281000000000001,7.61,11.62,-14.2,-2.469999999999982,5.2,45.4,31.2,November,4.0000000000000036
Adelaide,10.5,30.9,0.0,13.6,7.61,E,41.0,17.0,11.0,34.0,13.0,1018.0,1015.5,4.45,4.51,20.8,29.9,0,0,20.4,-21.0,0.05999999999999961,-2.5,-6.0,12.25,24.439999999999998,0.020000000000000358,7.308,7.61,12.190000000000001,-13.0,-2.589999999999975,5.9,44.5,31.5,November,0.20000000000000356
Adelaide,20.3,36.5,0.0,9.4,7.61,N,57.0,20.0,28.0,9.0,8.0,1013.2,1009.5,4.45,4.51,27.1,34.3,0,0,16.2,-1.0,0.05999999999999961,-3.7000000000000455,8.0,12.190000000000001,25.509999999999998,0.0,8.088,7.61,13.319999999999999,-15.1,-2.699999999999977,5.3,43.6,28.5,November,0.0
Adelaide,14.7,22.2,0.0,8.4,7.61,SW,46.0,15.0,26.0,47.0,39.0,1019.1,1018.7,4.45,4.51,17.8,21.2,0,0,7.5,-8.0,0.05999999999999961,-0.39999999999997726,11.0,13.419999999999998,26.49,0.0,8.481,7.61,13.069999999999999,-13.2,-2.6599999999999797,6.3,40.1,26.9,November,0.0
Adelaide,10.1,27.4,0.0,6.4,7.61,WSW,30.0,7.0,19.0,51.0,40.0,1021.4,1018.2,4.45,4.51,16.8,23.8,0,0,17.299999999999997,-11.0,0.05999999999999961,-3.199999999999932,12.0,13.309999999999999,25.34,0.0,8.774,7.61,12.03,-13.3,-2.1099999999999794,7.4,43.6,30.3,November,0.0
Adelaide,15.8,34.0,0.0,6.4,7.61,WSW,33.0,13.0,15.0,28.0,11.0,1016.0,1012.5,4.45,4.51,24.8,32.6,0,0,18.2,-17.0,0.05999999999999961,-3.5,2.0,12.71,25.839999999999996,0.0,7.194,7.61,13.13,-12.3,-2.479999999999973,8.1,42.7,30.4,November,0.0
Adelaide,19.5,33.0,0.0,5.47,7.61,WNW,33.0,9.0,17.0,22.0,28.0,1012.3,1011.7,4.45,4.51,27.5,32.9,0,0,13.5,6.0,0.05999999999999961,-0.599999999999909,8.0,13.23,26.96,0.0,7.174000000000001,7.61,13.729999999999999,-12.9,-2.469999999999982,7.3,40.9,28.0,November,0.0
Adelaide,14.4,32.4,0.0,5.47,7.61,SE,26.0,7.0,15.0,39.0,31.0,1016.2,1014.0,4.45,4.51,21.5,30.9,0,0,18.0,-8.0,0.05999999999999961,-2.2000000000000455,8.0,13.969999999999999,27.57,0.0,7.141000000000001,7.61,13.6,-10.2,-2.189999999999975,6.4,38.7,28.5,November,0.0
Adelaide,20.5,33.4,0.0,21.6,7.61,SE,54.0,7.0,15.0,51.0,29.0,1012.5,1009.3,4.45,4.51,23.6,32.4,0,0,12.899999999999999,-22.0,0.05999999999999961,-3.2000000000000455,8.0,13.929999999999998,28.48,0.0,6.988000000000001,7.61,14.55,-10.7,-2.179999999999984,7.2,39.1,28.4,November,0.0
Adelaide,19.7,31.9,0.0,8.0,7.61,SSE,35.0,11.0,15.0,54.0,32.0,1011.8,1010.5,4.45,4.51,23.6,31.1,0,0,12.2,-22.0,0.05999999999999961,-1.2999999999999545,4.0,14.729999999999999,29.55,0.0,8.768,7.61,14.820000000000002,-10.9,-2.3499999999999885,7.4,39.1,28.2,November,0.0
Adelaide,20.5,35.4,0.0,8.6,7.61,SE,44.0,2.0,15.0,49.0,31.0,1011.3,1008.9,4.45,4.51,26.1,32.8,0,0,14.899999999999999,-18.0,0.05999999999999961,-2.3999999999999773,13.0,15.570000000000002,30.55,0.0,9.020999999999999,7.61,14.979999999999999,-12.1,-2.179999999999984,6.5,39.2,27.1,November,0.0
Adelaide,20.0,38.0,0.0,7.8,7.61,NNW,57.0,13.0,11.0,20.0,27.0,1005.4,1005.8,4.45,4.51,34.7,33.4,0,1,18.0,7.0,0.05999999999999961,0.39999999999997726,-2.0,16.6,31.71,0.0,9.334,7.61,15.11,-12.2,-2.2999999999999887,6.8,38.4,26.2,November,0.0
Adelaide,20.2,32.1,4.2,5.0,7.61,N,31.0,7.0,13.0,63.0,47.0,1009.8,1007.6,4.45,4.51,22.1,30.7,1,0,11.900000000000002,-16.0,0.05999999999999961,-2.199999999999932,6.0,17.55,32.42,0.0,8.754000000000001,7.61,14.87,-9.4,-2.009999999999991,7.2,37.0,27.6,November,0.0
Adelaide,14.4,30.8,0.0,5.47,13.9,W,37.0,6.0,22.0,28.0,30.0,1016.4,1015.6,4.45,4.51,23.7,28.5,0,0,16.4,2.0,0.05999999999999961,-0.7999999999999545,16.0,17.54,31.979999999999997,0.4200000000000004,8.314,7.61,14.440000000000001,-10.9,-1.8599999999999794,7.0,42.4,31.5,January,4.200000000000004
Adelaide,14.9,32.2,0.0,15.6,13.5,W,28.0,6.0,17.0,53.0,33.0,1017.6,1014.7,4.45,4.51,21.0,31.5,0,0,17.300000000000004,-20.0,0.05999999999999961,-2.8999999999999773,11.0,17.509999999999998,32.839999999999996,0.4200000000000004,8.021,8.239,15.329999999999998,-9.9,-1.8999999999999773,7.5,40.5,30.6,January,4.200000000000004
Adelaide,20.8,40.6,0.0,9.8,13.8,W,37.0,17.0,13.0,14.0,11.0,1013.6,1009.0,4.45,4.51,29.9,39.2,0,0,19.8,-3.0,0.05999999999999961,-4.600000000000023,-4.0,17.990000000000002,33.32000000000001,0.4200000000000004,8.940999999999999,8.828,15.330000000000002,-10.8,-1.869999999999982,7.4,40.7,29.9,January,4.200000000000004
Adelaide,24.3,45.0,0.0,11.4,13.2,NW,39.0,17.0,22.0,7.0,5.0,1004.8,1002.8,4.45,4.51,37.3,44.3,0,0,20.7,-2.0,0.05999999999999961,-2.0,5.0,18.49,33.980000000000004,0.4200000000000004,9.280999999999999,9.447,15.49,-9.4,-1.979999999999984,6.8,39.3,29.9,January,4.200000000000004
Adelaide,20.4,32.2,0.0,5.47,13.1,SE,41.0,6.0,15.0,37.0,22.0,1013.3,1014.9,4.45,4.51,25.2,31.5,0,0,11.800000000000004,-15.0,0.05999999999999961,1.6000000000000227,9.0,18.97,35.18,0.4200000000000004,9.873999999999999,10.006,16.21,-10.2,-2.119999999999993,6.5,37.8,27.6,January,4.200000000000004
Adelaide,18.6,34.8,0.0,5.47,13.3,SE,46.0,13.0,17.0,34.0,16.0,1020.2,1017.8,4.45,4.51,24.7,33.8,0,0,16.199999999999996,-18.0,0.05999999999999961,-2.400000000000091,4.0,19.57,35.16,0.4200000000000004,9.873999999999999,10.555000000000001,15.59,-10.9,-1.7399999999999864,6.6,37.6,26.7,January,4.200000000000004
Adelaide,21.5,41.2,0.0,33.6,13.8,ESE,56.0,11.0,7.0,20.0,14.0,1015.6,1011.0,4.45,4.51,29.2,38.8,0,0,19.700000000000003,-6.0,0.05999999999999961,-4.600000000000023,-4.0,19.380000000000003,35.3,0.4200000000000004,8.261,11.124,15.919999999999998,-10.5,-1.6599999999999908,6.2,35.9,25.4,January,4.200000000000004
Adelaide,20.9,29.0,0.0,9.6,12.9,SW,50.0,9.0,24.0,61.0,32.0,1009.3,1007.4,4.45,4.51,23.8,27.8,0,0,8.100000000000001,-29.0,0.05999999999999961,-1.8999999999999773,15.0,19.56,36.230000000000004,0.4200000000000004,10.821000000000002,11.743,16.67,-8.9,-1.9899999999999978,5.4,32.5,23.6,January,4.200000000000004
Adelaide,15.5,25.7,0.0,10.8,13.1,W,43.0,20.0,17.0,41.0,28.0,1010.9,1008.9,4.45,4.51,18.1,24.2,0,0,10.2,-13.0,0.05999999999999961,-2.0,-3.0,19.6,35.589999999999996,0.4200000000000004,10.921000000000001,12.272000000000002,15.99,-10.0,-1.9399999999999977,5.6,33.7,23.7,January,4.200000000000004
Adelaide,13.6,33.9,0.0,5.8,13.0,WSW,33.0,9.0,13.0,37.0,15.0,1009.0,1004.0,4.45,4.51,20.3,31.7,0,0,20.299999999999997,-22.0,0.05999999999999961,-5.0,4.0,19.15,34.36,0.4200000000000004,11.221,12.821000000000002,15.209999999999999,-12.0,-2.1799999999999953,5.5,35.8,23.8,January,4.200000000000004
Adelaide,20.1,33.6,0.0,8.0,12.3,WSW,31.0,13.0,17.0,19.0,28.0,1003.6,1005.9,4.45,4.51,29.0,30.9,0,0,13.5,9.0,0.05999999999999961,2.2999999999999545,4.0,18.490000000000002,34.540000000000006,0.0,11.300999999999998,13.36,16.05,-12.6,-2.460000000000002,5.3,33.2,20.6,January,0.0
Adelaide,18.4,24.2,0.0,5.47,0.2,SSE,35.0,11.0,19.0,59.0,48.0,1013.8,1014.8,4.45,4.51,19.5,23.4,0,1,5.800000000000001,-11.0,0.05999999999999961,1.0,8.0,19.06,34.82000000000001,0.0,11.553999999999998,13.2,15.760000000000002,-11.9,-2.1500000000000115,4.1,32.3,20.4,January,0.0
Adelaide,15.8,22.1,1.4,5.47,3.2,SSE,35.0,11.0,11.0,82.0,66.0,1016.9,1018.2,4.45,4.51,15.8,18.4,1,1,6.300000000000001,-16.0,0.05999999999999961,1.3000000000000682,0.0,19.41,34.019999999999996,0.0,10.541,11.870000000000001,14.61,-11.0,-1.7600000000000136,3.8,32.9,21.9,January,0.0
Adelaide,12.3,24.9,7.8,15.0,8.2,ENE,26.0,9.0,13.0,54.0,36.0,1021.3,1018.8,4.45,4.51,15.6,23.1,1,0,12.599999999999998,-18.0,0.05999999999999961,-2.5,4.0,18.91,32.17,0.14000000000000035,10.108,10.81,13.26,-12.3,-1.1700000000000046,4.2,39.7,27.4,January,1.4000000000000035
Adelaide,12.4,30.4,0.0,4.0,13.2,SSW,35.0,11.0,15.0,44.0,21.0,1016.3,1013.6,4.45,4.51,21.1,29.7,0,0,18.0,-23.0,0.05999999999999961,-2.699999999999932,4.0,17.71,30.160000000000004,0.9200000000000003,10.468,10.31,12.45,-13.9,-1.2200000000000046,4.1,44.4,30.5,January,9.200000000000003
Adelaide,15.9,36.9,0.0,7.8,13.0,SSE,30.0,9.0,15.0,40.0,18.0,1013.6,1010.8,4.45,4.51,24.3,34.3,0,0,21.0,-22.0,0.05999999999999961,-2.800000000000068,6.0,16.91,29.98,0.9200000000000003,10.321,10.319999999999999,13.069999999999999,-14.7,-1.65,3.6,45.1,30.4,January,9.200000000000003
Adelaide,20.0,43.1,0.0,8.6,13.4,NW,50.0,7.0,24.0,29.0,7.0,1005.2,1002.1,4.45,4.51,29.6,42.1,0,0,23.1,-22.0,0.05999999999999961,-3.1000000000000227,17.0,16.64,30.189999999999998,0.9200000000000003,10.554,10.29,13.55,-15.1,-1.6899999999999977,3.8,45.7,30.6,January,9.200000000000003
Adelaide,21.2,26.8,0.0,11.6,11.4,WSW,46.0,24.0,26.0,71.0,41.0,1008.3,1009.9,4.45,4.51,21.9,25.5,0,0,5.600000000000001,-30.0,0.05999999999999961,1.6000000000000227,2.0,16.490000000000002,30.380000000000003,0.9200000000000003,8.053999999999998,10.25,13.89,-16.7,-1.5399999999999978,5.9,46.6,29.9,January,9.200000000000003
Adelaide,16.0,25.6,0.0,5.47,10.2,S,41.0,13.0,17.0,48.0,34.0,1017.5,1015.9,4.45,4.51,19.6,23.8,0,0,9.600000000000001,-14.0,0.05999999999999961,-1.6000000000000227,4.0,16.52,30.160000000000004,0.9200000000000003,8.254,10.1,13.64,-16.8,-1.1899999999999977,4.6,47.6,30.8,January,9.200000000000003
Adelaide,15.7,31.3,0.0,5.47,13.1,SW,33.0,9.0,17.0,44.0,22.0,1015.9,1012.5,4.45,4.51,20.8,30.1,0,0,15.600000000000001,-22.0,0.05999999999999961,-3.3999999999999773,8.0,16.57,30.15,0.9200000000000003,7.720999999999999,9.809999999999999,13.579999999999998,-16.9,-1.15,5.3,48.3,31.4,January,9.200000000000003
Adelaide,15.8,30.4,0.0,23.0,13.2,W,31.0,0.0,17.0,48.0,36.0,1012.4,1010.2,4.45,4.51,22.0,29.0,0,0,14.599999999999998,-12.0,0.05999999999999961,-2.199999999999932,17.0,16.779999999999998,29.889999999999997,0.9200000000000003,7.688,9.82,13.110000000000003,-16.9,-0.9899999999999978,5.7,49.0,32.1,January,9.200000000000003
Adelaide,14.1,29.1,0.0,7.6,13.1,SW,43.0,4.0,24.0,59.0,40.0,1014.8,1013.5,4.45,4.51,19.4,27.0,0,0,15.000000000000002,-19.0,0.05999999999999961,-1.2999999999999545,20.0,16.35,29.57,0.9200000000000003,9.187999999999999,9.91,13.220000000000002,-19.0,-1.4399999999999864,7.0,51.9,32.9,January,9.200000000000003
Adelaide,15.5,30.6,0.0,7.0,13.2,ESE,35.0,9.0,9.0,46.0,21.0,1017.9,1014.0,4.45,4.51,20.5,29.5,0,0,15.100000000000001,-25.0,0.05999999999999961,-3.8999999999999773,0.0,15.919999999999998,30.059999999999995,0.9200000000000003,9.401,11.2,14.14,-19.8,-1.6699999999999817,8.2,51.9,32.1,January,9.200000000000003
Adelaide,15.8,38.5,0.0,7.6,11.9,SW,35.0,6.0,17.0,38.0,13.0,1011.0,1006.3,4.45,4.51,23.9,35.5,0,0,22.7,-25.0,0.05999999999999961,-4.7000000000000455,11.0,15.89,30.910000000000004,0.7800000000000004,9.554,12.2,15.020000000000001,-20.7,-2.189999999999986,8.2,48.3,27.6,January,7.800000000000003
Adelaide,18.1,24.8,0.0,10.2,12.3,WSW,48.0,24.0,19.0,51.0,27.0,1014.0,1015.6,4.45,4.51,19.6,23.9,0,0,6.699999999999999,-24.0,0.05999999999999961,1.6000000000000227,-5.0,16.240000000000002,32.269999999999996,0.0,8.814,12.569999999999999,16.03,-21.4,-2.409999999999991,8.9,46.7,25.3,January,0.0
Adelaide,13.8,25.1,2.36,5.47,12.8,WSW,46.0,13.0,26.0,53.0,35.0,1018.3,1015.9,4.45,4.51,18.9,23.1,0,0,11.3,-18.0,0.05999999999999961,-2.3999999999999773,13.0,16.81,31.71,0.0,9.434000000000001,12.48,14.9,-21.5,-1.9799999999999955,8.0,47.4,25.9,January,0.0
Adelaide,13.8,26.2,2.36,5.47,13.1,W,39.0,7.0,17.0,59.0,37.0,1016.3,1013.7,4.45,4.51,19.1,23.9,0,0,12.399999999999999,-22.0,0.05999999999999961,-2.599999999999909,10.0,16.6,30.53,0.23600000000000043,9.200999999999999,12.46,13.930000000000001,-21.1,-1.9399999999999864,8.7,48.7,27.6,January,2.3600000000000043
Adelaide,16.2,23.1,2.36,5.47,6.4,SSE,48.0,11.0,26.0,58.0,61.0,1013.5,1014.5,4.45,4.51,20.0,18.4,0,0,6.900000000000002,3.0,0.05999999999999961,1.0,15.0,15.979999999999999,28.840000000000003,0.4720000000000004,8.888,12.43,12.86,-21.1,-1.889999999999975,8.0,51.7,30.6,January,4.720000000000004
Adelaide,13.0,23.2,0.0,26.4,9.1,WSW,41.0,11.0,19.0,57.0,31.0,1018.2,1017.1,4.45,4.51,16.4,22.8,0,0,10.2,-26.0,0.05999999999999961,-1.1000000000000227,8.0,15.48,28.47,0.7080000000000004,8.275,11.93,12.99,-17.8,-1.9499999999999773,9.3,50.4,32.6,January,7.080000000000004
Adelaide,12.7,25.4,0.0,5.2,11.6,NW,31.0,11.0,19.0,52.0,39.0,1017.8,1015.6,4.45,4.51,17.6,24.5,0,1,12.7,-13.0,0.05999999999999961,-2.199999999999932,8.0,15.180000000000001,28.229999999999997,0.7080000000000004,10.368,11.82,13.05,-19.0,-1.8999999999999773,9.7,51.3,32.3,January,7.080000000000004
Adelaide,15.2,22.4,2.4,5.0,4.9,SW,46.0,13.0,24.0,96.0,46.0,1013.5,1014.0,4.45,4.51,15.5,19.9,1,0,7.199999999999999,-50.0,0.05999999999999961,0.5,11.0,14.88,27.639999999999997,0.7080000000000004,10.341000000000001,11.669999999999998,12.760000000000002,-18.1,-1.7799999999999727,9.7,52.1,34.0,January,7.080000000000004
Adelaide,13.7,26.9,0.0,6.2,11.7,SSE,48.0,20.0,19.0,51.0,28.0,1022.1,1018.7,4.45,4.51,16.1,25.9,0,0,13.2,-23.0,0.05999999999999961,-3.3999999999999773,-1.0,14.819999999999999,26.840000000000003,0.9480000000000004,8.541,10.84,12.02,-21.9,-1.5099999999999796,9.1,56.9,35.0,March,9.480000000000004
Adelaide,15.5,30.8,0.0,5.47,11.5,ESE,35.0,15.0,17.0,48.0,21.0,1020.4,1017.2,4.45,4.51,19.0,29.6,0,0,15.3,-27.0,0.05999999999999961,-3.199999999999932,2.0,14.780000000000001,26.619999999999997,0.9480000000000004,8.401,10.7,11.84,-22.3,-1.7199999999999818,7.0,56.1,33.8,March,9.480000000000004
Adelaide,16.6,32.5,0.0,5.47,12.0,NE,33.0,11.0,9.0,41.0,29.0,1017.2,1013.5,4.45,4.51,23.0,31.0,0,0,15.899999999999999,-12.0,0.05999999999999961,-3.7000000000000455,-2.0,14.780000000000001,26.639999999999997,0.9480000000000004,8.248,10.53,11.86,-22.5,-1.6499999999999773,7.2,56.3,33.8,March,9.480000000000004
Adelaide,23.0,35.0,0.0,20.0,10.7,ENE,37.0,15.0,17.0,42.0,25.0,1014.9,1011.9,4.45,4.51,26.7,34.5,0,0,12.0,-17.0,0.05999999999999961,-3.0,2.0,14.86,26.04,0.9480000000000004,8.035,10.540000000000001,11.18,-21.2,-1.5499999999999772,5.9,56.6,35.4,March,9.480000000000004
Adelaide,22.8,34.9,0.0,7.2,7.7,N,28.0,11.0,15.0,39.0,30.0,1013.8,1011.5,4.45,4.51,29.1,32.8,0,0,12.099999999999998,-9.0,0.05999999999999961,-2.2999999999999545,4.0,15.35,27.059999999999995,0.9480000000000004,9.015,10.379999999999999,11.709999999999999,-20.5,-2.0099999999999794,6.6,55.7,35.2,March,9.480000000000004
Adelaide,23.6,34.1,0.0,5.6,8.8,N,31.0,13.0,13.0,48.0,47.0,1014.1,1011.9,4.45,4.51,27.7,30.0,0,0,10.5,-1.0,0.05999999999999961,-2.2000000000000455,0.0,16.25,28.04,0.7120000000000004,9.187999999999999,9.87,11.79,-19.6,-1.9999999999999774,5.7,54.3,34.7,March,7.1200000000000045
Adelaide,24.6,36.5,0.0,5.4,4.3,N,43.0,7.0,7.0,53.0,29.0,1014.3,1012.2,4.45,4.51,27.2,35.5,0,0,11.899999999999999,-24.0,0.05999999999999961,-2.099999999999909,0.0,17.23,28.830000000000002,0.4760000000000004,9.201,9.440000000000001,11.6,-17.5,-1.9599999999999909,4.7,53.2,35.7,March,4.760000000000004
Adelaide,25.9,36.2,0.0,6.0,7.0,N,31.0,6.0,9.0,45.0,25.0,1014.5,1012.0,4.45,4.51,28.3,35.4,0,0,10.300000000000004,-20.0,0.05999999999999961,-2.5,3.0,18.07,30.169999999999998,0.24000000000000044,9.193999999999999,9.23,12.1,-20.2,-2.269999999999982,3.2,52.7,32.5,March,2.4000000000000044
Adelaide,24.8,33.7,2.36,5.47,3.7,SW,26.0,9.0,6.0,52.0,38.0,1013.8,1012.7,4.45,4.51,26.1,31.3,0,0,8.900000000000002,-14.0,0.05999999999999961,-1.099999999999909,-3.0,19.36,31.47,0.24000000000000044,7.153999999999999,9.02,12.11,-19.6,-2.4099999999999797,2.7,51.5,31.9,March,2.4000000000000044
Adelaide,21.6,34.5,0.4,5.47,11.6,WSW,24.0,6.0,9.0,70.0,37.0,1015.3,1013.8,4.45,4.51,24.5,32.8,0,0,12.899999999999999,-33.0,0.05999999999999961,-1.5,3.0,20.57,32.3,0.4760000000000004,7.180999999999999,8.23,11.73,-19.7,-2.299999999999977,1.6,51.5,31.8,March,4.760000000000004
Adelaide,22.0,38.4,0.0,5.47,11.3,NW,30.0,0.0,13.0,63.0,23.0,1014.1,1012.1,4.45,4.51,26.3,37.7,0,0,16.4,-40.0,0.05999999999999961,-2.0,13.0,21.21,33.51,0.2760000000000004,7.227999999999999,8.9,12.3,-18.0,-2.4999999999999774,0.8,48.9,30.9,March,2.7600000000000042
Adelaide,26.1,38.2,0.0,24.0,11.3,WSW,50.0,13.0,30.0,25.0,18.0,1011.6,1008.0,4.45,4.51,31.6,37.2,0,0,12.100000000000001,-7.0,0.05999999999999961,-3.6000000000000227,17.0,22.04,34.660000000000004,0.2760000000000004,7.155000000000001,8.86,12.620000000000001,-19.7,-2.3599999999999794,2.2,50.1,30.4,March,2.7600000000000042
Adelaide,19.1,23.7,0.0,10.2,9.4,WSW,48.0,22.0,22.0,52.0,38.0,1014.2,1014.9,4.45,4.51,19.8,22.7,0,0,4.599999999999998,-14.0,0.05999999999999961,0.6999999999999318,0.0,23.1,35.4,0.2760000000000004,9.008000000000001,8.84,12.3,-17.7,-2.399999999999989,3.7,47.8,30.1,March,2.7600000000000042
Adelaide,17.1,24.6,0.0,6.2,9.2,WSW,43.0,13.0,20.0,47.0,43.0,1018.4,1017.1,4.45,4.51,18.7,22.6,0,0,7.5,-4.0,0.05999999999999961,-1.2999999999999545,7.0,23.35,34.519999999999996,0.2760000000000004,9.481,8.58,11.17,-17.9,-1.9599999999999909,3.9,48.9,31.0,March,2.7600000000000042
Adelaide,13.8,25.6,0.0,4.6,10.7,W,30.0,9.0,11.0,68.0,40.0,1019.7,1017.8,4.45,4.51,18.4,24.8,0,0,11.8,-28.0,0.05999999999999961,-1.900000000000091,2.0,22.76,33.480000000000004,0.2760000000000004,8.101,8.43,10.72,-16.6,-1.7899999999999863,4.4,49.4,32.8,March,2.7600000000000042
Adelaide,17.4,23.8,2.36,5.47,9.7,SSE,46.0,9.0,19.0,63.0,57.0,1019.9,1020.5,4.45,4.51,19.1,20.7,0,0,6.400000000000002,-6.0,0.05999999999999961,0.6000000000000227,10.0,21.86,32.55,0.2760000000000004,7.840999999999999,8.73,10.690000000000001,-18.5,-1.75,4.2,52.3,33.8,March,2.7600000000000042
Adelaide,13.3,21.9,0.2,5.47,7.61,SE,48.0,17.0,22.0,49.0,26.0,1027.6,1025.3,4.45,4.51,14.6,21.4,0,0,8.599999999999998,-23.0,0.05999999999999961,-2.2999999999999545,5.0,21.240000000000002,31.52,0.5120000000000005,7.828,8.819999999999999,10.280000000000001,-19.0,-1.469999999999993,5.2,53.8,34.8,March,5.1200000000000045
Adelaide,13.2,22.6,0.0,15.4,11.0,SE,44.0,15.0,15.0,47.0,34.0,1025.0,1022.2,4.45,4.51,15.2,21.7,0,0,9.400000000000002,-13.0,0.05999999999999961,-2.7999999999999545,0.0,20.110000000000003,30.060000000000002,0.5320000000000004,7.835000000000001,9.151,9.95,-18.9,-1.4899999999999978,5.7,53.4,34.5,March,5.320000000000004
Adelaide,14.8,28.9,0.0,4.6,11.0,ENE,33.0,17.0,13.0,44.0,19.0,1021.7,1018.8,4.45,4.51,19.3,26.9,0,0,14.099999999999998,-25.0,0.05999999999999961,-2.900000000000091,-4.0,18.84,28.7,0.5320000000000004,8.775,9.550999999999998,9.860000000000001,-18.2,-1.5199999999999931,5.4,53.6,35.4,March,5.320000000000004
Adelaide,18.5,32.9,0.0,6.2,8.8,N,52.0,13.0,13.0,18.0,9.0,1016.2,1010.9,4.45,4.51,23.4,31.1,0,0,14.399999999999999,-9.0,0.05999999999999961,-5.300000000000068,0.0,17.840000000000003,28.22,0.29600000000000043,8.688,10.281,10.379999999999999,-19.3,-1.7000000000000113,5.3,52.8,33.5,March,2.9600000000000044
Adelaide,19.0,22.1,0.2,6.8,4.2,WSW,63.0,26.0,33.0,47.0,56.0,1007.1,1009.1,4.45,4.51,19.0,20.3,0,1,3.1000000000000014,9.0,0.05999999999999961,2.0,7.0,17.53,28.060000000000002,0.25600000000000045,8.761,10.001000000000001,10.530000000000001,-16.9,-2.0800000000000183,5.0,47.6,30.7,March,2.5600000000000045
Adelaide,16.4,19.8,1.2,4.6,1.7,WNW,46.0,13.0,19.0,64.0,59.0,1015.2,1015.0,4.45,4.51,16.6,19.0,1,1,3.400000000000002,-5.0,0.05999999999999961,-0.20000000000004547,6.0,17.23,26.43,0.2760000000000004,8.894,9.291,9.2,-12.0,-1.6800000000000181,4.4,46.0,34.0,March,2.7600000000000042
Adelaide,14.6,25.1,2.0,5.47,8.7,WNW,35.0,7.0,22.0,86.0,47.0,1018.5,1016.4,4.45,4.51,15.3,23.6,1,0,10.500000000000002,-39.0,0.05999999999999961,-2.1000000000000227,15.0,16.259999999999998,24.59,0.39600000000000046,6.953999999999999,8.331,8.330000000000002,-11.8,-1.3400000000000205,3.3,49.9,38.1,March,3.9600000000000044
Adelaide,15.3,26.2,0.0,5.47,8.6,WNW,43.0,9.0,20.0,78.0,47.0,1016.7,1016.6,4.45,4.51,17.5,25.0,0,0,10.899999999999999,-31.0,0.05999999999999961,-0.10000000000002274,11.0,15.809999999999999,24.73,0.5960000000000004,6.481,8.261,8.92,-14.3,-1.6200000000000159,4.8,53.3,39.0,March,5.960000000000004
Adelaide,15.7,25.0,0.0,8.4,1.9,N,24.0,6.0,11.0,79.0,51.0,1019.2,1017.3,4.45,4.51,17.1,22.7,0,0,9.3,-28.0,0.05999999999999961,-1.900000000000091,5.0,15.63,24.889999999999997,0.5960000000000004,6.4079999999999995,8.200999999999999,9.26,-17.0,-1.5000000000000226,5.2,56.4,39.4,March,5.960000000000004
Adelaide,15.6,35.9,0.0,2.2,10.3,NW,48.0,11.0,24.0,47.0,13.0,1012.4,1007.7,4.45,4.51,23.6,35.0,0,0,20.299999999999997,-34.0,0.05999999999999961,-4.699999999999932,13.0,15.819999999999999,24.830000000000002,0.5960000000000004,6.787999999999999,7.321,9.010000000000002,-17.0,-1.5000000000000226,5.5,57.5,40.5,March,5.960000000000004
Adelaide,23.6,26.7,0.0,9.0,0.2,NNW,44.0,17.0,19.0,45.0,76.0,1007.6,1009.4,4.45,4.51,26.7,21.2,0,1,3.099999999999998,31.0,0.05999999999999961,1.7999999999999545,2.0,15.64,26.04,0.36000000000000043,6.461,7.381,10.4,-19.8,-2.030000000000018,5.8,55.9,36.1,March,3.6000000000000045
Adelaide,15.3,21.6,1.4,2.6,8.6,W,44.0,9.0,15.0,87.0,45.0,1020.6,1022.2,4.45,4.51,15.4,20.6,1,0,6.300000000000001,-42.0,0.05999999999999961,1.6000000000000227,6.0,16.67,26.52,0.3400000000000004,6.814,6.640000000000001,9.85,-14.4,-1.6200000000000272,5.5,55.5,41.1,March,3.4000000000000044
Adelaide,11.1,21.6,0.2,5.47,1.7,WSW,24.0,0.0,9.0,70.0,48.0,1024.6,1021.6,4.45,4.51,14.5,20.6,0,0,10.500000000000002,-22.0,0.05999999999999961,-2.9999999999998863,9.0,16.880000000000003,26.419999999999998,0.4800000000000004,5.534,6.4,9.54,-17.3,-1.1800000000000295,6.1,59.5,42.2,March,4.800000000000004
Adelaide,13.9,20.5,2.36,5.47,7.61,W,31.0,0.0,15.0,82.0,54.0,1018.0,1015.5,4.45,4.51,15.2,19.9,0,1,6.6,-28.0,0.05999999999999961,-2.5,15.0,16.509999999999998,25.690000000000005,0.5000000000000004,5.621,5.470000000000001,9.18,-17.0,-1.190000000000009,7.4,62.1,45.1,March,5.000000000000004
Adelaide,13.0,21.0,14.0,5.47,6.0,W,31.0,6.0,17.0,89.0,70.0,1017.9,1018.1,4.45,4.51,15.2,19.6,1,1,8.0,-19.0,0.05999999999999961,0.20000000000004547,11.0,16.05,24.45,0.7360000000000004,5.548,5.351000000000001,8.4,-18.9,-0.9100000000000023,8.9,68.5,49.6,March,7.360000000000005
Adelaide,15.2,21.7,2.0,5.47,1.3,W,35.0,6.0,15.0,75.0,56.0,1021.6,1020.6,4.45,4.51,16.5,19.9,1,0,6.5,-19.0,0.05999999999999961,-1.0,9.0,15.45,24.34,2.1160000000000005,5.415,5.531000000000001,8.89,-21.7,-1.0899999999999976,9.3,72.7,51.0,April,21.160000000000004
Adelaide,15.8,22.1,0.4,10.8,2.7,W,31.0,7.0,15.0,77.0,66.0,1022.1,1021.2,4.45,4.51,17.1,20.8,0,0,6.300000000000001,-11.0,0.05999999999999961,-0.8999999999999773,8.0,15.330000000000002,24.53,2.1960000000000006,5.502,5.491,9.2,-23.1,-1.1699999999999933,9.6,73.8,50.7,April,21.960000000000004
Adelaide,14.4,22.0,0.6,2.4,10.0,SE,39.0,9.0,19.0,61.0,33.0,1026.8,1024.4,4.45,4.51,15.1,20.8,0,0,7.6,-28.0,0.05999999999999961,-2.3999999999998636,10.0,15.45,24.23,2.0360000000000005,6.035,4.891,8.78,-20.3,-1.0499999999999887,8.9,72.9,52.6,April,20.360000000000003
Adelaide,13.3,23.1,0.0,4.8,11.0,ESE,39.0,19.0,11.0,51.0,37.0,1027.3,1025.4,4.45,4.51,14.7,22.1,0,0,9.8,-14.0,0.05999999999999961,-1.8999999999998636,-8.0,15.36,23.810000000000002,2.0960000000000005,5.728,5.031000000000001,8.45,-20.0,-1.2799999999999727,8.8,71.2,51.2,April,20.960000000000004
Adelaide,10.3,26.9,0.0,3.6,10.9,SW,24.0,0.0,13.0,68.0,26.0,1026.0,1022.6,4.45,4.51,14.3,25.8,0,0,16.599999999999998,-42.0,0.05999999999999961,-3.3999999999999773,13.0,15.120000000000001,23.62,2.0960000000000005,5.367999999999999,5.941000000000001,8.499999999999998,-18.6,-1.27999999999995,7.5,68.4,49.8,April,20.960000000000004
Adelaide,11.2,30.3,0.0,5.47,10.9,SW,28.0,7.0,17.0,56.0,20.0,1021.8,1018.3,4.45,4.51,15.5,29.0,0,0,19.1,-36.0,0.05999999999999961,-3.5,10.0,14.59,22.720000000000002,2.0960000000000005,5.508,6.0009999999999994,8.129999999999999,-19.4,-1.1499999999999546,7.5,70.5,51.1,April,20.960000000000004
Adelaide,14.1,29.4,0.0,5.47,9.8,SE,30.0,0.0,19.0,34.0,29.0,1021.8,1019.8,4.45,4.51,22.3,27.3,0,0,15.299999999999999,-5.0,0.05999999999999961,-2.0,19.0,13.35,23.08,2.0960000000000005,5.154999999999999,7.071000000000001,9.73,-26.1,-1.67999999999995,8.3,71.6,45.5,April,20.960000000000004
Adelaide,12.8,27.0,0.0,14.0,10.2,ESE,28.0,13.0,15.0,53.0,31.0,1025.4,1022.6,4.45,4.51,19.1,26.5,0,0,14.2,-22.0,0.05999999999999961,-2.800000000000068,2.0,13.23,23.86,1.9560000000000002,5.442,7.191,10.629999999999999,-22.4,-2.039999999999952,9.6,66.3,43.9,April,19.560000000000002
Adelaide,12.0,26.7,0.0,3.2,10.7,W,30.0,4.0,13.0,60.0,43.0,1025.7,1022.0,4.45,4.51,20.0,25.8,0,0,14.7,-17.0,0.05999999999999961,-3.7000000000000455,9.0,13.4,24.4,1.9360000000000004,6.295,8.041,11.0,-22.4,-2.0199999999999703,8.9,64.6,42.2,April,19.360000000000003
Adelaide,10.6,27.6,0.0,4.0,10.8,W,24.0,0.0,17.0,41.0,26.0,1023.3,1020.5,4.45,4.51,20.2,26.3,0,0,17.0,-15.0,0.05999999999999961,-2.7999999999999545,17.0,13.209999999999999,25.02,1.7000000000000004,6.068,8.35,11.81,-21.3,-2.139999999999975,8.3,62.4,41.1,April,17.000000000000004
Adelaide,14.4,30.2,0.0,4.2,10.4,SE,35.0,11.0,7.0,32.0,16.0,1023.3,1020.5,4.45,4.51,24.2,30.1,0,0,15.799999999999999,-16.0,0.05999999999999961,-2.7999999999999545,-4.0,12.969999999999999,25.68,0.3000000000000004,5.921,8.83,12.709999999999999,-20.9,-2.439999999999975,8.9,57.6,36.7,April,3.0000000000000036
Adelaide,19.0,32.1,0.0,5.0,8.0,NE,30.0,11.0,9.0,28.0,15.0,1020.7,1016.8,4.45,4.51,25.6,31.2,0,0,13.100000000000001,-13.0,0.05999999999999961,-3.900000000000091,-2.0,12.89,26.53,0.10000000000000035,5.7940000000000005,9.74,13.639999999999997,-20.6,-2.6199999999999704,7.6,53.3,32.7,April,1.0000000000000036
Adelaide,19.8,27.8,0.0,5.47,2.2,NNE,31.0,9.0,9.0,35.0,26.0,1014.8,1011.8,4.45,4.51,23.6,26.3,0,0,8.0,-9.0,0.05999999999999961,-3.0,0.0,13.209999999999999,27.53,0.06000000000000035,5.214,10.27,14.320000000000002,-20.8,-2.9199999999999817,6.6,48.4,27.6,April,0.6000000000000035
Adelaide,15.2,23.3,0.0,5.47,8.4,WSW,35.0,7.0,17.0,67.0,45.0,1013.1,1011.5,4.45,4.51,20.1,22.5,0,0,8.100000000000001,-22.0,0.05999999999999961,-1.6000000000000227,10.0,13.75,28.110000000000003,0.0,5.521,9.49,14.36,-18.9,-2.9799999999999955,5.6,45.8,26.9,April,0.0
Adelaide,15.3,23.1,0.0,11.0,6.2,W,35.0,11.0,13.0,64.0,50.0,1015.5,1014.1,4.45,4.51,18.0,19.7,0,0,7.800000000000001,-14.0,0.05999999999999961,-1.3999999999999773,2.0,13.940000000000001,28.129999999999995,0.0,5.587999999999999,9.23,14.190000000000001,-19.7,-2.9500000000000113,7.4,47.4,27.7,April,0.0
Adelaide,10.6,21.8,0.0,3.4,8.4,WSW,35.0,13.0,17.0,44.0,41.0,1019.2,1016.3,4.45,4.51,17.5,20.3,0,0,11.200000000000001,-3.0,0.05999999999999961,-2.900000000000091,4.0,14.439999999999998,27.75,0.0,6.328,8.760000000000002,13.309999999999999,-16.9,-2.7500000000000115,6.3,47.0,30.1,April,0.0
Adelaide,11.1,22.6,0.0,3.0,10.6,ESE,35.0,2.0,22.0,43.0,39.0,1018.7,1016.2,4.45,4.51,17.7,22.0,0,0,11.500000000000002,-4.0,0.05999999999999961,-2.5,20.0,14.38,26.9,0.0,6.121,8.510000000000002,12.52,-13.6,-2.6900000000000204,5.7,45.8,32.2,April,0.0
Adelaide,13.3,22.3,0.0,3.4,7.9,SSE,33.0,11.0,11.0,61.0,38.0,1022.0,1020.7,4.45,4.51,17.3,22.0,0,0,9.0,-23.0,0.05999999999999961,-1.2999999999999545,0.0,14.080000000000002,26.22,0.0,5.874,8.59,12.14,-13.5,-2.7400000000000206,5.8,46.7,33.2,April,0.0
Adelaide,11.6,20.4,0.0,4.0,8.5,E,46.0,20.0,13.0,45.0,20.0,1026.7,1022.7,4.45,4.51,13.5,19.8,0,0,8.799999999999999,-25.0,0.05999999999999961,-4.0,-7.0,14.129999999999999,25.75,0.0,4.813999999999999,8.360000000000001,11.620000000000001,-13.6,-2.590000000000009,5.6,47.5,33.9,April,0.0
Adelaide,9.1,21.8,2.36,5.47,9.7,NNE,33.0,17.0,9.0,38.0,22.0,1021.3,1015.9,4.45,4.51,14.4,20.4,0,1,12.700000000000001,-16.0,0.05999999999999961,-5.399999999999977,-8.0,14.09,25.12,0.0,4.894,8.14,11.03,-14.4,-2.6200000000000045,4.0,46.0,31.6,April,0.0
Adelaide,10.9,17.4,7.8,5.47,1.3,W,50.0,17.0,20.0,94.0,96.0,1008.7,1003.4,4.45,4.51,11.2,15.1,1,1,6.499999999999998,2.0,0.05999999999999961,-5.300000000000068,3.0,13.940000000000001,24.54,0.23600000000000035,5.0409999999999995,8.030000000000001,10.600000000000001,-14.5,-2.880000000000007,1.5,45.7,31.2,April,2.3600000000000034
Adelaide,10.8,21.0,13.4,8.4,6.1,WNW,52.0,9.0,28.0,81.0,61.0,1010.9,1010.1,4.45,4.51,15.2,20.2,1,1,10.2,-20.0,0.05999999999999961,-0.7999999999999545,19.0,13.59,23.26,1.0160000000000005,5.168,7.12,9.67,-12.7,-3.130000000000018,2.2,51.9,39.2,April,10.160000000000004
Adelaide,11.9,18.3,5.4,1.6,0.1,WSW,26.0,0.0,11.0,70.0,44.0,1019.3,1018.8,4.45,4.51,15.2,18.1,1,0,6.4,-26.0,0.05999999999999961,-0.5,11.0,12.77,22.15,2.3560000000000003,5.508,6.93,9.38,-13.4,-2.8200000000000047,4.3,57.2,43.8,April,23.560000000000002
Adelaide,11.8,20.9,0.0,1.2,6.5,WNW,33.0,11.0,19.0,76.0,65.0,1022.3,1021.0,4.45,4.51,15.4,19.4,0,1,9.099999999999998,-11.0,0.05999999999999961,-1.2999999999999545,8.0,11.98,21.2,2.896,5.121,6.719999999999999,9.22,-15.1,-2.5700000000000047,5.4,60.7,45.6,April,28.96
Adelaide,13.2,21.9,1.6,5.47,7.4,WNW,37.0,9.0,20.0,88.0,58.0,1024.9,1023.3,4.45,4.51,16.1,21.4,1,0,8.7,-30.0,0.05999999999999961,-1.6000000000001364,11.0,11.639999999999999,20.96,2.896,4.694,6.529999999999999,9.319999999999999,-14.0,-2.539999999999998,5.2,61.6,47.6,April,28.96
Adelaide,12.9,23.5,0.0,2.6,8.1,WNW,24.0,11.0,9.0,89.0,41.0,1026.2,1022.7,4.45,4.51,16.1,23.0,0,0,10.6,-48.0,0.05999999999999961,-3.5,-2.0,11.43,20.84,3.056,4.141,6.65,9.41,-15.6,-2.560000000000014,6.1,64.0,48.4,April,30.560000000000002
Adelaide,14.5,27.0,2.36,5.47,5.5,N,48.0,19.0,20.0,33.0,26.0,1017.7,1013.3,4.45,4.51,20.1,24.6,0,0,12.5,-7.0,0.05999999999999961,-4.400000000000091,1.0,11.66,21.009999999999998,3.056,4.061,6.619999999999999,9.35,-20.1,-2.6200000000000045,5.5,68.5,48.4,April,30.560000000000002
Adelaide,16.6,21.8,2.36,5.47,8.1,W,24.0,6.0,13.0,72.0,56.0,1018.2,1017.6,4.45,4.51,18.5,21.5,0,1,5.199999999999999,-16.0,0.05999999999999961,-0.6000000000000227,7.0,12.0,21.45,3.2920000000000003,4.308,6.11,9.45,-20.4,-2.810000000000014,3.6,67.5,47.1,April,32.92
Adelaide,15.0,18.8,2.0,8.6,0.8,ENE,31.0,0.0,9.0,90.0,63.0,1024.6,1024.2,4.45,4.51,15.9,18.5,1,0,3.8000000000000007,-27.0,0.05999999999999961,-0.3999999999998636,9.0,12.33,21.4,3.528,4.515000000000001,6.130000000000001,9.069999999999999,-19.7,-2.7400000000000206,4.3,68.6,48.9,April,35.28
Adelaide,13.3,20.3,0.0,1.2,3.9,N,28.0,6.0,11.0,70.0,69.0,1024.4,1022.2,4.45,4.51,17.0,19.0,0,0,7.0,-1.0,0.05999999999999961,-2.2000000000000455,5.0,12.67,21.240000000000002,3.728,4.975,5.359999999999999,8.569999999999999,-19.9,-2.380000000000007,5.9,73.1,53.2,April,37.28
Adelaide,8.4,20.4,0.0,1.2,8.0,SSE,35.0,6.0,15.0,75.0,40.0,1026.0,1024.0,4.45,4.51,13.8,19.7,0,0,11.999999999999998,-35.0,0.05999999999999961,-2.0,9.0,13.09,21.09,3.492,4.548,4.779999999999999,8.0,-18.4,-2.060000000000014,7.2,76.3,57.9,May,34.92
Adelaide,8.8,21.2,0.0,2.8,9.9,NE,35.0,22.0,19.0,45.0,22.0,1026.4,1021.9,4.45,4.51,14.1,20.8,0,0,12.399999999999999,-23.0,0.05999999999999961,-4.500000000000114,-3.0,12.84,21.389999999999997,2.712,4.121,5.45,8.549999999999999,-22.1,-1.7300000000000069,7.8,74.4,52.3,May,27.12
Adelaide,14.1,25.5,0.0,4.4,3.6,N,35.0,13.0,17.0,25.0,24.0,1018.8,1016.7,4.45,4.51,20.5,24.3,0,0,11.4,-1.0,0.05999999999999961,-2.099999999999909,4.0,12.64,21.41,1.3720000000000003,3.561,5.83,8.77,-22.4,-2.1000000000000227,5.6,70.8,48.4,May,13.720000000000002
Adelaide,14.8,19.5,0.2,5.47,6.8,E,31.0,9.0,11.0,64.0,30.0,1025.1,1023.5,4.45,4.51,15.8,18.4,0,0,4.699999999999999,-34.0,0.05999999999999961,-1.599999999999909,2.0,12.86,22.130000000000003,0.8320000000000002,3.8409999999999997,6.180000000000001,9.27,-19.9,-2.2600000000000136,4.9,66.3,46.4,May,8.320000000000002
Adelaide,12.3,20.2,2.36,5.47,4.8,E,39.0,19.0,19.0,40.0,32.0,1024.7,1021.0,4.45,4.51,14.3,19.2,0,0,7.899999999999999,-8.0,0.05999999999999961,-3.7000000000000455,0.0,13.16,21.990000000000002,0.8520000000000001,4.268,6.21,8.83,-22.2,-2.290000000000009,4.3,65.1,42.9,May,8.520000000000001
Adelaide,13.7,21.6,0.2,10.0,1.7,NE,30.0,4.0,13.0,56.0,38.0,1022.4,1017.9,4.45,4.51,15.1,20.7,0,0,7.900000000000002,-18.0,0.05999999999999961,-4.5,9.0,13.069999999999999,21.82,0.9280000000000002,4.267999999999999,5.95,8.75,-20.0,-2.5,3.2,60.3,40.3,May,9.280000000000001
Adelaide,10.8,27.3,0.4,1.4,9.9,NE,24.0,9.0,7.0,44.0,30.0,1021.0,1018.8,4.45,4.51,20.5,26.6,0,0,16.5,-14.0,0.05999999999999961,-2.2000000000000455,-2.0,13.15,21.63,0.9480000000000002,5.008,5.3100000000000005,8.48,-17.0,-2.6,4.3,57.0,40.0,May,9.480000000000002
Adelaide,16.3,31.1,0.0,2.8,9.7,NE,28.0,9.0,9.0,22.0,16.0,1023.0,1020.1,4.45,4.51,24.5,30.2,0,0,14.8,-6.0,0.05999999999999961,-2.8999999999999773,0.0,12.78,21.66,0.7520000000000001,4.601000000000001,5.75,8.88,-17.7,-2.3799999999999955,4.0,58.1,40.4,May,7.520000000000001
Adelaide,19.6,29.8,0.0,4.2,6.8,N,48.0,19.0,15.0,35.0,24.0,1023.3,1021.4,4.45,4.51,25.0,28.9,0,0,10.2,-11.0,0.05999999999999961,-1.8999999999999773,-4.0,12.75,22.59,0.5160000000000002,4.334,5.91,9.84,-16.7,-2.609999999999991,3.3,53.1,36.4,May,5.160000000000002
Adelaide,20.9,28.9,0.0,5.8,8.4,NE,39.0,13.0,22.0,32.0,24.0,1024.6,1021.2,4.45,4.51,22.7,27.1,0,0,8.0,-8.0,0.05999999999999961,-3.3999999999998636,9.0,13.209999999999999,23.69,0.31600000000000017,3.8939999999999997,6.510000000000001,10.479999999999999,-15.1,-2.7600000000000025,2.0,47.6,32.5,May,3.160000000000002
Adelaide,20.6,25.2,2.36,5.47,7.61,NNE,37.0,15.0,17.0,29.0,28.0,1021.1,1017.2,4.45,4.51,22.9,24.7,0,1,4.599999999999998,-1.0,0.05999999999999961,-3.8999999999999773,2.0,13.970000000000002,24.55,0.31600000000000017,4.354,6.960000000000001,10.579999999999998,-15.8,-2.879999999999984,2.4,43.8,28.0,May,3.160000000000002
Adelaide,15.4,20.2,8.6,5.47,5.6,W,52.0,7.0,24.0,91.0,50.0,1018.1,1015.7,4.45,4.51,16.8,18.4,1,1,4.799999999999999,-41.0,0.05999999999999961,-2.3999999999999773,17.0,15.190000000000001,25.03,0.5520000000000002,4.781,6.921000000000001,9.84,-12.4,-3.0699999999999816,1.7,39.2,26.8,May,5.520000000000001
Adelaide,8.5,15.8,5.4,10.2,6.6,SW,43.0,7.0,15.0,91.0,56.0,1019.7,1018.3,4.45,4.51,10.4,14.9,1,1,7.300000000000001,-35.0,0.05999999999999961,-1.400000000000091,8.0,15.85,24.93,1.4120000000000001,5.048,6.491,9.08,-14.2,-2.8599999999999683,3.7,43.8,29.6,May,14.120000000000001
Adelaide,10.4,16.1,16.2,0.6,5.5,WNW,37.0,7.0,17.0,94.0,65.0,1015.3,1014.0,4.45,4.51,12.3,15.3,1,1,5.700000000000001,-29.0,0.05999999999999961,-1.2999999999999545,10.0,15.290000000000001,23.96,1.9520000000000004,5.628,6.7909999999999995,8.67,-17.6,-2.7899999999999863,4.1,50.4,32.8,May,19.520000000000003
Adelaide,12.3,18.2,4.6,0.8,5.3,SW,39.0,11.0,17.0,83.0,66.0,1013.9,1012.1,4.45,4.51,14.6,16.5,1,1,5.899999999999999,-17.0,0.05999999999999961,-1.7999999999999545,6.0,14.85,23.619999999999997,3.5519999999999996,5.141,6.661,8.77,-17.1,-2.759999999999991,4.9,53.4,36.3,May,35.519999999999996
Adelaide,10.7,17.5,7.0,1.4,7.1,SW,35.0,6.0,19.0,88.0,54.0,1016.3,1015.9,4.45,4.51,13.1,16.9,1,0,6.800000000000001,-34.0,0.05999999999999961,-0.39999999999997726,13.0,14.85,23.42,3.776,4.6739999999999995,6.711,8.569999999999999,-18.0,-2.5699999999999816,5.5,57.7,39.7,May,37.76
Adelaide,7.8,17.3,0.0,1.8,7.1,S,28.0,7.0,4.0,88.0,64.0,1021.4,1019.2,4.45,4.51,12.7,15.3,0,0,9.5,-24.0,0.05999999999999961,-2.199999999999932,-3.0,14.55,23.01,4.4559999999999995,3.813999999999999,7.251,8.459999999999999,-19.6,-2.1599999999999797,5.9,60.9,41.3,May,44.559999999999995
Adelaide,7.0,17.5,0.2,5.47,4.7,N,17.0,6.0,4.0,75.0,55.0,1021.6,1019.0,4.45,4.51,12.3,16.6,0,0,10.5,-20.0,0.05999999999999961,-2.6000000000000227,-2.0,14.25,22.009999999999998,4.4159999999999995,3.854,6.971000000000001,7.76,-20.6,-2.159999999999968,5.8,65.3,44.7,May,44.16
Adelaide,8.0,19.7,2.36,5.47,2.3,N,26.0,11.0,11.0,65.0,45.0,1019.5,1016.1,4.45,4.51,14.2,19.6,0,0,11.7,-20.0,0.05999999999999961,-3.3999999999999773,0.0,13.320000000000002,20.65,4.436,4.121,6.470999999999999,7.33,-22.0,-2.129999999999973,5.6,70.6,48.6,May,44.36
Adelaide,13.9,21.8,0.0,2.8,6.7,N,26.0,11.0,13.0,56.0,34.0,1018.1,1015.1,4.45,4.51,15.6,21.2,0,0,7.9,-22.0,0.05999999999999961,-3.0,2.0,12.16,19.64,4.672,4.247999999999999,6.021,7.4799999999999995,-22.9,-2.2799999999999727,6.0,73.6,50.7,May,46.72
Adelaide,13.5,19.5,0.0,2.0,2.1,N,37.0,11.0,13.0,52.0,54.0,1014.4,1011.2,4.45,4.51,17.1,18.4,0,1,6.0,2.0,0.05999999999999961,-3.199999999999932,2.0,11.46,18.93,4.672,3.9479999999999995,5.851000000000001,7.470000000000001,-24.3,-2.2399999999999864,5.3,76.0,51.7,May,46.72
Adelaide,11.8,15.2,6.4,1.8,0.4,ESE,30.0,11.0,17.0,73.0,81.0,1008.1,1008.5,4.45,4.51,13.6,14.2,1,1,3.3999999999999986,8.0,0.05999999999999961,0.39999999999997726,6.0,10.75,18.36,4.436,3.601,5.299999999999999,7.610000000000001,-24.0,-2.1699999999999817,5.3,78.3,54.3,May,44.36
Adelaide,8.6,18.7,2.4,1.2,9.8,S,35.0,9.0,15.0,72.0,43.0,1021.9,1021.1,4.45,4.51,13.9,17.6,1,0,10.1,-29.0,0.05999999999999961,-0.7999999999999545,6.0,10.39,17.860000000000003,4.215999999999999,3.2339999999999995,4.78,7.470000000000001,-19.1,-1.8899999999999864,4.2,76.5,57.4,May,42.16
Adelaide,6.7,16.2,0.0,2.4,2.4,SW,35.0,0.0,11.0,80.0,71.0,1028.4,1027.4,4.45,4.51,12.0,16.1,0,0,9.5,-9.0,0.05999999999999961,-1.0,11.0,10.4,18.15,3.9159999999999995,2.334,5.1,7.75,-18.5,-1.8299999999999728,4.0,74.6,56.1,May,39.16
Adelaide,12.0,17.5,2.36,5.47,7.61,SW,20.0,2.0,11.0,73.0,63.0,1030.5,1029.1,4.45,4.51,13.9,16.8,0,0,5.5,-10.0,0.05999999999999961,-1.400000000000091,9.0,10.03,18.16,2.2960000000000003,2.514,4.79,8.13,-16.5,-1.7999999999999772,4.1,73.2,56.7,May,22.96
Adelaide,11.5,18.5,0.6,5.47,6.0,SE,24.0,7.0,13.0,95.0,62.0,1032.3,1028.8,4.45,4.51,12.2,18.0,0,0,7.0,-33.0,0.05999999999999961,-3.5,6.0,10.0,18.089999999999996,2.072,2.9810000000000003,5.020999999999999,8.09,-15.8,-1.759999999999991,4.4,72.2,56.4,May,20.72
Adelaide,11.3,18.0,0.0,2.6,5.2,NE,31.0,11.0,6.0,56.0,52.0,1029.8,1026.6,4.45,4.51,14.3,16.7,0,0,6.699999999999999,-4.0,0.05999999999999961,-3.2000000000000455,-5.0,10.08,18.189999999999998,1.432,3.3879999999999995,4.911,8.11,-15.7,-2.069999999999993,3.7,72.9,57.2,May,14.32
Adelaide,9.7,18.6,0.0,1.6,8.9,N,28.0,11.0,15.0,57.0,38.0,1026.3,1022.5,4.45,4.51,14.0,17.8,0,0,8.900000000000002,-19.0,0.05999999999999961,-3.7999999999999545,4.0,10.430000000000001,18.259999999999998,1.432,3.468,4.721,7.83,-13.7,-2.1700000000000044,3.5,69.7,56.0,May,14.32
Adelaide,10.7,22.1,0.0,1.8,4.6,N,33.0,11.0,17.0,50.0,35.0,1021.9,1018.8,4.45,4.51,16.0,21.9,0,0,11.400000000000002,-15.0,0.05999999999999961,-3.1000000000000227,6.0,10.7,18.37,1.4120000000000001,3.081,5.141,7.67,-13.6,-2.289999999999998,4.1,67.9,54.3,May,14.120000000000001
Adelaide,14.2,23.3,0.0,1.8,5.3,NE,35.0,15.0,15.0,57.0,44.0,1018.7,1015.8,4.45,4.51,18.4,22.9,0,1,9.100000000000001,-13.0,0.05999999999999961,-2.900000000000091,0.0,10.97,18.61,1.176,2.714,5.371,7.640000000000001,-13.1,-2.2600000000000025,4.7,66.4,53.3,May,11.76
Adelaide,15.6,17.3,2.6,2.8,0.0,ENE,31.0,15.0,13.0,83.0,94.0,1018.5,1016.9,4.45,4.51,17.1,16.0,1,1,1.700000000000001,11.0,0.05999999999999961,-1.6000000000000227,-2.0,11.0,18.76,1.176,2.614,5.231,7.76,-12.2,-2.2500000000000115,4.5,66.5,54.3,May,11.76
Adelaide,14.6,16.0,38.8,0.4,0.0,SSE,43.0,20.0,13.0,96.0,86.0,1011.0,1010.6,4.45,4.51,14.9,15.1,1,1,1.4000000000000004,-10.0,0.05999999999999961,-0.39999999999997726,-7.0,11.209999999999999,18.54,1.436,2.694,5.021000000000001,7.33,-11.3,-2.0900000000000203,4.1,69.6,58.3,June,14.36
Adelaide,10.8,16.5,6.8,5.47,2.4,S,39.0,4.0,13.0,78.0,58.0,1024.4,1025.1,4.45,4.51,13.0,15.9,1,0,5.699999999999999,-20.0,0.05999999999999961,0.6999999999998181,9.0,11.49,18.619999999999997,4.676,2.554,4.981,7.130000000000001,-13.1,-2.170000000000016,2.8,71.9,58.8,June,46.76
Adelaide,8.5,17.1,0.0,5.0,5.7,SW,20.0,7.0,13.0,82.0,73.0,1029.3,1027.7,4.45,4.51,14.2,16.4,0,0,8.600000000000001,-9.0,0.05999999999999961,-1.599999999999909,6.0,11.71,18.4,5.116,2.981,4.2410000000000005,6.69,-12.2,-2.0200000000000387,3.1,72.5,60.3,June,51.16
Adelaide,10.9,16.2,0.0,0.8,0.1,N,22.0,6.0,11.0,77.0,60.0,1027.4,1024.1,4.45,4.51,13.7,15.6,0,0,5.299999999999999,-17.0,0.05999999999999961,-3.300000000000182,5.0,11.89,18.490000000000002,5.116,3.2409999999999997,4.571000000000001,6.6,-12.2,-2.0800000000000294,2.6,72.7,60.5,June,51.16
Adelaide,11.0,15.1,0.0,1.0,0.5,N,31.0,9.0,13.0,66.0,68.0,1020.5,1016.7,4.45,4.51,12.5,13.7,0,0,4.1,2.0,0.05999999999999961,-3.7999999999999545,4.0,11.78,18.360000000000003,4.88,2.774,3.8200000000000003,6.580000000000001,-12.9,-2.2700000000000387,2.2,73.1,60.2,June,48.8
Adelaide,12.1,18.4,0.0,1.0,3.4,N,44.0,13.0,24.0,84.0,66.0,1017.0,1015.3,4.45,4.51,13.2,16.9,0,1,6.299999999999999,-18.0,0.05999999999999961,-1.7000000000000455,11.0,11.73,18.020000000000003,4.819999999999999,2.327,3.2700000000000005,6.290000000000001,-9.4,-2.300000000000034,2.0,70.2,60.8,June,48.199999999999996
Adelaide,10.4,16.1,4.0,1.0,6.3,NW,33.0,7.0,11.0,75.0,51.0,1024.9,1025.5,4.45,4.51,13.4,15.7,1,0,5.700000000000001,-24.0,0.05999999999999961,0.599999999999909,4.0,11.81,18.060000000000002,4.819999999999999,2.1670000000000003,3.0900000000000003,6.25,-10.8,-2.150000000000034,3.6,73.0,62.2,June,48.199999999999996
Adelaide,7.2,18.1,0.0,5.47,3.8,NNW,26.0,7.0,13.0,77.0,50.0,1029.8,1026.0,4.45,4.51,11.3,17.8,0,0,10.900000000000002,-27.0,0.05999999999999961,-3.7999999999999545,6.0,11.879999999999999,17.81,5.22,2.107,2.83,5.930000000000001,-11.3,-1.7100000000000477,3.6,74.8,63.5,June,52.199999999999996
Adelaide,10.7,17.8,0.0,5.47,3.8,N,28.0,0.0,13.0,75.0,46.0,1024.3,1019.8,4.45,4.51,12.5,17.6,0,0,7.100000000000001,-29.0,0.05999999999999961,-4.5,13.0,11.53,17.41,5.22,2.4739999999999998,2.75,5.880000000000001,-12.5,-1.7800000000000409,3.6,77.5,65.0,June,52.199999999999996
Adelaide,11.1,20.0,0.0,5.47,7.1,NW,35.0,13.0,17.0,64.0,59.0,1018.3,1016.2,4.45,4.51,14.8,19.5,0,0,8.9,-5.0,0.05999999999999961,-2.099999999999909,4.0,11.18,16.860000000000003,5.22,2.8409999999999997,2.6,5.68,-14.1,-1.940000000000032,4.9,79.3,65.2,June,52.199999999999996
Adelaide,10.7,16.1,0.0,6.0,0.0,N,31.0,11.0,7.0,72.0,74.0,1013.8,1010.1,4.45,4.51,14.6,15.3,0,1,5.400000000000002,2.0,0.05999999999999961,-3.699999999999932,-4.0,10.73,17.130000000000003,4.959999999999999,3.1079999999999997,3.31,6.4,-15.7,-1.9900000000000204,5.5,77.4,61.7,June,49.599999999999994
Adelaide,12.3,16.0,7.2,0.4,1.7,S,48.0,20.0,20.0,81.0,64.0,1009.8,1011.4,4.45,4.51,13.1,14.9,1,0,3.6999999999999993,-17.0,0.05999999999999961,1.6000000000000227,0.0,10.34,17.14,1.08,3.668,3.31,6.8,-14.5,-2.320000000000016,5.8,75.0,60.5,June,10.8
Adelaide,10.6,15.3,1.0,1.8,2.3,SSE,33.0,11.0,13.0,86.0,73.0,1015.9,1015.1,4.45,4.51,12.9,15.1,0,1,4.700000000000001,-13.0,0.05999999999999961,-0.7999999999999545,2.0,10.489999999999998,17.09,1.1199999999999999,3.161,3.2399999999999998,6.6,-14.2,-2.2299999999999955,4.9,75.3,61.1,June,11.2
Adelaide,8.1,15.5,2.6,0.6,9.2,SSW,35.0,9.0,19.0,85.0,69.0,1020.7,1020.6,4.45,4.51,11.5,13.3,1,0,7.4,-16.0,0.05999999999999961,-0.10000000000002274,10.0,10.7,16.910000000000004,1.22,2.841,2.9,6.210000000000001,-14.6,-2.15,4.5,75.7,61.1,June,12.2
Adelaide,6.3,15.0,2.36,5.47,7.61,W,20.0,0.0,15.0,83.0,72.0,1025.4,1023.0,4.45,4.51,10.7,14.3,0,0,8.7,-11.0,0.05999999999999961,-2.400000000000091,15.0,10.42,16.84,1.48,2.8209999999999997,3.8099999999999996,6.42,-14.5,-1.829999999999984,5.0,76.5,62.0,June,14.8
Adelaide,5.5,15.3,2.36,5.47,7.61,SSE,22.0,0.0,11.0,87.0,40.0,1023.8,1020.1,4.45,4.51,9.5,14.9,0,0,9.8,-47.0,0.05999999999999961,-3.699999999999932,11.0,9.95,16.830000000000002,1.716,3.268,4.521,6.880000000000001,-15.8,-1.6899999999999977,6.1,78.2,62.4,June,17.16
Adelaide,6.2,15.2,0.4,3.0,8.0,WSW,22.0,6.0,13.0,84.0,57.0,1019.4,1016.8,4.45,4.51,9.6,15.0,0,0,9.0,-27.0,0.05999999999999961,-2.6000000000000227,7.0,9.29,16.52,1.952,3.715,4.942,7.230000000000001,-18.7,-1.8899999999999864,6.1,78.5,59.8,June,19.52
Adelaide,4.7,15.8,0.0,1.0,8.9,WNW,19.0,7.0,11.0,88.0,62.0,1021.3,1020.4,4.45,4.51,7.8,14.6,0,0,11.100000000000001,-26.0,0.05999999999999961,-0.8999999999999773,4.0,8.870000000000001,16.43,1.592,3.915,5.112,7.5600000000000005,-19.0,-2.2099999999999795,6.4,79.4,60.4,June,15.92
Adelaide,3.6,17.0,0.0,1.0,8.0,NNE,22.0,0.0,2.0,86.0,45.0,1026.2,1024.0,4.45,4.51,8.8,16.2,0,0,13.4,-41.0,0.05999999999999961,-2.2000000000000455,2.0,8.620000000000001,16.2,1.592,3.468,5.622,7.58,-18.9,-1.9199999999999817,6.2,80.5,61.6,June,15.92
Adelaide,4.1,16.2,0.0,1.0,7.1,NNW,30.0,0.0,13.0,78.0,52.0,1023.3,1018.9,4.45,4.51,8.5,15.4,0,1,12.1,-26.0,0.05999999999999961,-4.399999999999977,13.0,7.909999999999999,16.119999999999997,1.592,3.021,6.042,8.21,-20.1,-1.6899999999999864,5.1,81.6,61.5,June,15.92
Adelaide,8.5,14.4,1.6,1.4,2.2,NNW,44.0,11.0,15.0,92.0,68.0,1014.7,1013.3,4.45,4.51,9.8,13.2,1,1,5.9,-24.0,0.05999999999999961,-1.400000000000091,4.0,7.210000000000001,15.74,1.592,2.5740000000000003,6.042,8.53,-22.2,-1.9199999999999933,6.0,83.0,60.8,June,15.92
Adelaide,9.7,13.7,12.8,5.47,1.8,ENE,48.0,17.0,22.0,88.0,63.0,1015.6,1015.3,4.45,4.51,10.1,13.5,1,1,4.0,-25.0,0.05999999999999961,-0.3000000000000682,5.0,6.99,15.570000000000002,1.752,2.114,6.262,8.58,-24.8,-1.690000000000009,6.8,85.0,60.2,June,17.52
Adelaide,10.0,15.0,1.2,5.47,4.2,ENE,59.0,17.0,22.0,62.0,55.0,1022.7,1021.3,4.45,4.51,12.6,14.3,1,0,5.0,-7.0,0.05999999999999961,-1.400000000000091,5.0,6.7299999999999995,15.34,2.3120000000000003,2.621,6.272,8.610000000000001,-25.6,-1.880000000000018,7.3,85.7,60.1,June,23.12
Adelaide,10.3,17.2,0.0,4.4,7.7,ENE,31.0,13.0,13.0,55.0,47.0,1024.7,1023.1,4.45,4.51,12.8,16.3,0,0,6.899999999999999,-8.0,0.05999999999999961,-1.6000000000000227,0.0,6.67,15.309999999999999,2.332,2.988,6.462000000000001,8.64,-25.0,-1.940000000000032,7.6,83.3,58.3,June,23.32
Adelaide,7.2,18.1,0.0,1.4,8.0,N,30.0,4.0,15.0,73.0,44.0,1025.4,1022.3,4.45,4.51,10.8,17.2,0,0,10.900000000000002,-29.0,0.05999999999999961,-3.1000000000001364,11.0,6.890000000000001,15.479999999999999,2.072,3.368,6.311999999999999,8.59,-24.2,-2.090000000000032,6.6,80.3,56.1,June,20.72
Adelaide,5.3,18.0,0.0,1.4,8.9,N,31.0,11.0,13.0,48.0,44.0,1022.3,1019.6,4.45,4.51,12.7,17.8,0,0,12.7,-4.0,0.05999999999999961,-2.699999999999932,2.0,6.9799999999999995,15.789999999999997,1.8359999999999999,2.9610000000000003,6.351,8.809999999999999,-26.0,-2.1600000000000366,6.2,79.3,53.3,June,18.36
Adelaide,7.5,17.5,0.0,1.2,9.0,N,24.0,11.0,13.0,60.0,56.0,1021.3,1020.0,4.45,4.51,12.5,16.8,0,0,10.0,-4.0,0.05999999999999961,-1.2999999999999545,2.0,6.959999999999999,16.060000000000002,1.6,2.554,6.4799999999999995,9.1,-21.7,-2.0600000000000365,5.3,75.4,53.7,June,16.0
Adelaide,7.4,16.7,0.0,1.0,7.7,W,24.0,0.0,13.0,87.0,58.0,1025.2,1024.5,4.45,4.51,12.3,15.8,0,0,9.299999999999999,-29.0,0.05999999999999961,-0.7000000000000455,13.0,7.090000000000001,16.29,1.56,2.3739999999999997,6.58,9.2,-19.4,-1.9300000000000295,4.8,73.0,53.6,June,15.6
Adelaide,4.1,16.3,0.0,5.47,8.0,W,26.0,0.0,17.0,85.0,63.0,1031.2,1030.4,4.45,4.51,8.5,15.7,0,0,12.200000000000001,-22.0,0.05999999999999961,-0.7999999999999545,17.0,7.359999999999999,16.380000000000003,1.56,2.3739999999999997,6.459999999999999,9.02,-19.7,-1.9100000000000363,5.7,72.9,53.2,June,15.6
Adelaide,8.5,17.8,0.0,2.4,3.1,WSW,31.0,6.0,17.0,99.0,63.0,1032.0,1029.4,4.45,4.51,11.8,17.2,0,0,9.3,-36.0,0.05999999999999961,-2.599999999999909,11.0,7.410000000000001,16.310000000000002,1.56,2.821,6.459999999999999,8.9,-17.8,-1.7700000000000273,7.2,72.8,55.0,June,15.6
Adelaide,11.8,18.4,0.0,0.6,7.0,WNW,48.0,15.0,24.0,83.0,65.0,1028.7,1026.4,4.45,4.51,15.1,17.6,0,0,6.599999999999998,-18.0,0.05999999999999961,-2.2999999999999545,9.0,7.85,16.47,1.56,2.961,6.0600000000000005,8.620000000000001,-18.8,-1.5900000000000205,7.0,74.9,56.1,July,15.6
Adelaide,9.9,17.4,0.0,2.0,7.1,NW,35.0,11.0,19.0,90.0,63.0,1027.4,1025.0,4.45,4.51,10.5,17.1,0,0,7.499999999999998,-27.0,0.05999999999999961,-2.400000000000091,8.0,8.18,16.869999999999997,1.4,2.881,6.540000000000001,8.690000000000001,-18.2,-1.6800000000000068,7.5,74.0,55.8,July,14.0
Adelaide,7.7,17.6,0.0,1.2,9.1,NW,44.0,15.0,22.0,80.0,39.0,1022.4,1017.1,4.45,4.51,12.7,17.1,0,0,9.900000000000002,-41.0,0.05999999999999961,-5.2999999999999545,7.0,8.2,17.240000000000002,0.12,2.534,7.07,9.04,-18.4,-1.890000000000009,7.8,74.2,55.8,July,1.2
Adelaide,11.4,15.0,0.0,2.8,0.8,WSW,59.0,20.0,26.0,58.0,82.0,1008.8,1005.2,4.45,4.51,12.5,12.3,0,1,3.5999999999999996,24.0,0.05999999999999961,-3.599999999999909,6.0,7.969999999999999,17.5,0.0,2.107,7.56,9.53,-21.8,-2.2799999999999954,8.0,76.0,54.2,July,0.0
Adelaide,7.9,14.9,8.6,1.2,6.6,W,59.0,19.0,17.0,68.0,63.0,1016.2,1016.4,4.45,4.51,10.9,14.0,1,1,7.0,-5.0,0.05999999999999961,0.1999999999999318,-2.0,8.08,17.28,0.0,1.9469999999999998,6.87,9.2,-18.6,-2.479999999999984,8.6,76.3,57.7,July,0.0
Adelaide,8.9,15.3,2.6,5.47,1.9,NNW,39.0,15.0,7.0,92.0,94.0,1021.2,1020.9,4.45,4.51,9.7,10.5,1,1,6.4,2.0,0.05999999999999961,-0.3000000000000682,-8.0,8.15,16.96,0.86,1.927,6.7299999999999995,8.809999999999999,-16.2,-2.1499999999999773,7.3,75.8,59.6,July,8.6
Adelaide,8.4,14.0,24.0,5.47,2.7,W,26.0,7.0,13.0,95.0,79.0,1026.8,1026.9,4.45,4.51,9.3,12.7,1,0,5.6,-16.0,0.05999999999999961,0.10000000000013642,6.0,8.51,16.69,1.1199999999999999,2.334,6.03,8.18,-15.6,-1.9099999999999908,6.3,80.2,64.6,July,11.2
Adelaide,4.6,15.2,0.8,2.4,9.0,SW,22.0,0.0,11.0,90.0,50.0,1034.5,1033.4,4.45,4.51,8.4,14.7,0,0,10.6,-40.0,0.05999999999999961,-1.099999999999909,11.0,8.6,16.339999999999996,3.5200000000000005,2.761,5.4,7.74,-16.8,-1.7699999999999818,6.7,83.7,66.9,July,35.2
Adelaide,4.1,15.7,0.0,1.0,6.2,N,30.0,7.0,17.0,79.0,41.0,1034.4,1030.4,4.45,4.51,8.5,15.0,0,0,11.6,-38.0,0.05999999999999961,-4.0,10.0,8.32,16.19,3.6,2.9010000000000002,5.529999999999999,7.87,-17.9,-1.809999999999968,6.5,84.0,66.1,July,36.0
Adelaide,4.8,16.1,0.0,1.8,9.3,N,24.0,11.0,9.0,60.0,43.0,1029.5,1027.2,4.45,4.51,10.6,15.7,0,0,11.3,-17.0,0.05999999999999961,-2.2999999999999545,-2.0,8.32,16.130000000000003,3.6,2.4539999999999997,5.35,7.81,-19.5,-2.129999999999973,5.8,83.4,63.9,July,36.0
Adelaide,7.9,19.3,0.0,1.2,6.5,N,22.0,6.0,11.0,71.0,35.0,1029.1,1026.0,4.45,4.51,8.6,18.3,0,0,11.4,-36.0,0.05999999999999961,-3.099999999999909,5.0,7.95,15.959999999999999,3.6,2.3939999999999997,5.970000000000001,8.01,-17.6,-2.0999999999999774,4.5,79.5,61.9,July,36.0
Adelaide,8.6,16.4,0.0,0.6,0.0,NE,31.0,2.0,9.0,67.0,88.0,1025.6,1022.2,4.45,4.51,14.3,15.5,0,1,7.799999999999999,21.0,0.05999999999999961,-3.3999999999998636,7.0,7.56,16.05,3.6,2.454,5.92,8.49,-19.4,-2.1799999999999726,4.1,78.3,58.9,July,36.0
Adelaide,13.8,18.9,19.0,5.47,0.3,NNW,37.0,15.0,15.0,76.0,75.0,1017.0,1015.3,4.45,4.51,16.0,17.3,1,1,5.099999999999998,-1.0,0.05999999999999961,-1.7000000000000455,0.0,7.43,15.95,3.6,2.3139999999999996,5.210000000000001,8.52,-14.6,-2.27999999999995,4.0,76.0,61.4,July,36.0
Adelaide,13.7,18.1,1.6,5.47,4.1,WNW,43.0,15.0,19.0,89.0,72.0,1015.0,1014.7,4.45,4.51,14.4,16.5,1,1,4.400000000000002,-17.0,0.05999999999999961,-0.2999999999999545,4.0,8.040000000000001,16.08,5.5,2.7409999999999997,4.33,8.040000000000001,-10.6,-1.919999999999959,3.3,75.6,65.0,July,55.0
Adelaide,12.6,16.8,3.8,2.4,2.9,W,30.0,9.0,15.0,94.0,88.0,1021.3,1020.9,4.45,4.51,13.8,14.6,1,1,4.200000000000001,-6.0,0.05999999999999961,-0.39999999999997726,6.0,8.27,16.39,5.66,3.008,4.66,8.120000000000001,-14.7,-1.5899999999999637,3.1,78.7,64.0,July,56.6
Adelaide,11.9,17.3,1.6,0.8,4.9,N,28.0,9.0,19.0,92.0,62.0,1023.4,1019.2,4.45,4.51,12.5,16.5,1,0,5.4,-30.0,0.05999999999999961,-4.199999999999932,10.0,8.739999999999998,16.58,5.18,3.1279999999999997,4.290000000000001,7.839999999999999,-14.8,-1.6499999999999546,3.9,81.3,66.5,July,51.8
Adelaide,10.3,19.7,0.0,1.2,5.0,NNE,57.0,15.0,22.0,60.0,48.0,1013.5,1007.2,4.45,4.51,15.1,19.3,0,1,9.399999999999999,-12.0,0.05999999999999961,-6.2999999999999545,7.0,9.040000000000001,16.78,5.08,2.661,4.59,7.74,-18.0,-2.039999999999941,5.7,81.3,63.3,July,50.8
Adelaide,11.3,15.4,14.2,2.2,1.2,NNW,76.0,22.0,35.0,63.0,66.0,1001.4,999.9,4.45,4.51,13.6,15.2,1,1,4.1,3.0,0.05999999999999961,-1.5,13.0,9.23,17.35,2.68,2.234,4.82,8.120000000000001,-17.6,-2.67999999999995,5.8,77.8,60.2,July,26.8
Adelaide,12.1,13.9,2.0,1.4,1.6,WNW,61.0,17.0,24.0,81.0,63.0,1008.6,1009.8,4.45,4.51,12.8,13.7,1,1,1.8000000000000007,-18.0,0.05999999999999961,1.1999999999999318,7.0,9.9,17.369999999999997,4.0200000000000005,2.2139999999999995,4.040000000000001,7.470000000000001,-13.3,-2.719999999999959,6.0,75.1,61.8,July,40.2
Adelaide,5.7,11.9,11.6,5.47,7.61,SW,65.0,22.0,20.0,67.0,70.0,1012.5,1012.7,4.45,4.51,8.3,8.7,1,1,6.2,3.0,0.05999999999999961,0.20000000000004547,-2.0,10.7,17.19,4.220000000000001,2.254,3.5799999999999996,6.49,-11.3,-2.199999999999966,5.7,75.3,64.0,July,42.2
Adelaide,5.9,12.7,7.4,5.47,7.61,NW,44.0,9.0,24.0,89.0,60.0,1014.1,1012.0,4.45,4.51,8.0,11.6,1,1,6.799999999999999,-29.0,0.05999999999999961,-2.1000000000000227,15.0,10.79,16.770000000000003,5.38,2.621,3.411,5.9799999999999995,-9.3,-1.949999999999966,5.7,76.0,66.7,July,53.8
Adelaide,7.9,12.9,13.0,4.4,0.8,SW,48.0,15.0,11.0,85.0,89.0,1018.0,1020.7,4.45,4.51,10.8,11.1,1,1,5.0,4.0,0.05999999999999961,2.7000000000000455,-4.0,10.59,16.11,6.12,3.0479999999999996,3.522,5.5200000000000005,-8.6,-1.8499999999999772,6.7,77.8,69.2,July,61.2
Adelaide,4.7,15.1,6.0,0.4,6.0,W,24.0,0.0,13.0,93.0,66.0,1030.9,1031.0,4.45,4.51,8.3,14.0,1,0,10.399999999999999,-27.0,0.05999999999999961,0.09999999999990905,13.0,10.52,15.76,7.42,3.428,3.6020000000000003,5.24,-10.3,-1.2399999999999864,5.6,79.6,69.3,July,74.2
Adelaide,6.2,15.3,0.2,0.8,9.1,W,26.0,6.0,13.0,70.0,57.0,1034.5,1031.2,4.45,4.51,10.8,13.9,0,0,9.100000000000001,-13.0,0.05999999999999961,-3.2999999999999545,7.0,9.61,15.38,6.12,2.9210000000000003,4.172,5.7700000000000005,-12.9,-1.059999999999991,6.9,81.3,68.4,July,61.2
Adelaide,7.2,15.6,0.0,1.6,4.1,WNW,35.0,9.0,17.0,73.0,55.0,1028.4,1025.1,4.45,4.51,9.5,14.9,0,0,8.399999999999999,-18.0,0.05999999999999961,-3.300000000000182,8.0,8.86,15.1,5.9799999999999995,2.4539999999999997,4.672,6.239999999999999,-12.5,-1.359999999999991,7.2,79.4,66.9,July,59.8
Adelaide,8.2,18.2,0.0,0.8,9.6,N,24.0,9.0,11.0,59.0,43.0,1026.7,1023.0,4.45,4.51,12.2,17.9,0,0,10.0,-16.0,0.05999999999999961,-3.7000000000000455,2.0,8.32,14.98,5.6,2.374,4.792,6.659999999999999,-13.7,-1.6500000000000115,7.4,77.3,63.6,July,56.0
Adelaide,9.7,19.3,0.0,5.47,1.2,N,43.0,19.0,17.0,32.0,42.0,1019.6,1015.5,4.45,4.51,14.4,16.8,0,0,9.600000000000001,10.0,0.05999999999999961,-4.100000000000023,-2.0,7.95,15.069999999999999,5.4399999999999995,2.3739999999999997,5.262,7.119999999999999,-12.3,-1.6000000000000227,6.6,74.0,61.7,July,54.4
Adelaide,14.3,20.8,0.0,5.47,7.3,NW,56.0,13.0,22.0,49.0,52.0,1011.1,1012.6,4.45,4.51,17.4,18.3,0,0,6.5,3.0,0.05999999999999961,1.5,9.0,7.890000000000001,15.030000000000001,5.4399999999999995,2.801,4.882,7.140000000000001,-10.1,-1.3800000000000296,5.7,71.2,61.1,July,54.4
Adelaide,10.2,16.5,1.0,7.4,4.6,W,41.0,9.0,17.0,95.0,67.0,1019.2,1019.4,4.45,4.51,12.4,15.5,0,1,6.300000000000001,-28.0,0.05999999999999961,0.1999999999999318,8.0,8.190000000000001,15.569999999999999,4.0200000000000005,3.128,5.492,7.38,-10.1,-1.0800000000000296,5.3,69.8,59.7,July,40.2
Adelaide,10.9,14.2,1.8,1.0,1.0,W,24.0,7.0,13.0,59.0,51.0,1025.9,1023.9,4.45,4.51,12.4,13.4,1,0,3.299999999999999,-8.0,0.05999999999999961,-2.0000000000001137,6.0,8.0,15.830000000000002,3.9200000000000004,3.728,5.792,7.83,-11.1,-1.1800000000000295,5.4,71.2,60.1,July,39.2
Adelaide,10.5,14.8,0.0,2.0,3.7,WNW,22.0,6.0,13.0,63.0,52.0,1024.9,1022.1,4.45,4.51,11.6,13.8,0,0,4.300000000000001,-11.0,0.05999999999999961,-2.800000000000068,7.0,8.52,16.06,2.9400000000000004,3.281,5.131,7.539999999999999,-12.2,-1.4000000000000454,6.2,70.4,58.2,July,29.400000000000002
Adelaide,4.1,18.5,0.0,1.0,9.2,NNW,35.0,11.0,19.0,57.0,32.0,1020.9,1017.2,4.45,4.51,12.5,17.9,0,1,14.4,-25.0,0.05999999999999961,-3.699999999999932,8.0,8.98,16.27,2.2,2.934,4.74,7.289999999999999,-10.4,-1.47000000000005,5.4,67.8,57.4,August,22.0
Adelaide,9.3,14.4,4.2,2.0,3.3,W,46.0,26.0,26.0,91.0,71.0,1016.8,1017.5,4.45,4.51,10.7,13.6,1,1,5.1,-20.0,0.05999999999999961,0.7000000000000455,0.0,8.6,16.830000000000002,0.9,2.594,5.58,8.23,-13.3,-2.110000000000048,6.6,65.0,51.7,August,9.0
Adelaide,8.8,14.0,2.4,5.47,0.2,NW,50.0,17.0,19.0,90.0,96.0,1018.0,1014.0,4.45,4.51,10.0,13.0,1,1,5.199999999999999,6.0,0.05999999999999961,-4.0,2.0,9.06,16.759999999999998,0.72,2.754,5.31,7.7,-12.6,-2.050000000000034,5.3,64.8,52.2,August,7.2
Adelaide,6.4,16.1,6.4,5.47,4.1,WNW,35.0,9.0,20.0,94.0,62.0,1019.6,1017.6,4.45,4.51,10.6,14.9,1,0,9.700000000000001,-32.0,0.05999999999999961,-2.0,11.0,9.32,16.63,0.9400000000000001,3.221,4.42,7.31,-10.7,-2.1200000000000387,4.8,66.8,56.1,August,9.4
Adelaide,10.6,20.6,0.0,2.6,6.7,N,61.0,15.0,28.0,75.0,54.0,1015.0,1009.0,4.45,4.51,13.8,19.1,0,1,10.000000000000002,-21.0,0.05999999999999961,-6.0,13.0,9.24,16.68,1.58,3.6079999999999997,4.42,7.44,-12.1,-1.9900000000000204,5.1,68.9,56.8,August,15.8
Adelaide,13.2,15.5,1.4,1.6,1.1,NW,31.0,13.0,11.0,93.0,72.0,1013.4,1012.8,4.45,4.51,13.2,14.1,1,1,2.3000000000000007,-21.0,0.05999999999999961,-0.6000000000000227,-2.0,9.48,16.92,1.58,3.7880000000000003,4.13,7.44,-12.6,-2.2200000000000157,6.2,70.5,57.9,August,15.8
Adelaide,10.6,15.1,4.4,1.0,9.0,SW,48.0,20.0,24.0,73.0,49.0,1014.8,1016.0,4.45,4.51,13.1,14.8,1,0,4.5,-24.0,0.05999999999999961,1.2000000000000455,4.0,9.83,16.54,1.72,3.4010000000000007,4.12,6.709999999999999,-15.7,-1.8700000000000159,6.2,76.6,60.9,August,17.2
Adelaide,4.2,16.9,0.0,2.4,5.4,N,31.0,6.0,15.0,64.0,41.0,1021.5,1016.3,4.45,4.51,10.0,16.5,0,0,12.7,-23.0,0.05999999999999961,-5.2000000000000455,9.0,9.459999999999999,15.970000000000002,2.16,2.9539999999999997,4.29,6.51,-18.4,-1.9000000000000115,5.7,79.0,60.6,August,21.6
Adelaide,9.9,17.0,0.8,1.8,1.7,NE,31.0,15.0,19.0,42.0,49.0,1012.8,1012.0,4.45,4.51,15.0,16.4,0,0,7.1,7.0,0.05999999999999961,-0.7999999999999545,4.0,8.86,16.009999999999998,2.06,2.454,4.369999999999999,7.15,-17.9,-2.4400000000000093,5.8,75.9,58.0,August,20.6
Adelaide,8.0,17.9,2.36,5.47,3.9,WNW,22.0,6.0,7.0,96.0,52.0,1019.9,1018.0,4.45,4.51,11.5,16.8,0,0,9.899999999999999,-44.0,0.05999999999999961,-1.8999999999999773,1.0,8.760000000000002,16.29,1.9600000000000002,2.534,4.44,7.530000000000001,-16.4,-2.319999999999993,5.6,74.2,57.8,August,19.6
Adelaide,7.5,20.3,2.36,5.47,8.0,NNW,39.0,11.0,20.0,62.0,42.0,1014.0,1010.1,4.45,4.51,14.0,18.7,0,1,12.8,-20.0,0.05999999999999961,-3.8999999999999773,9.0,8.510000000000002,16.6,2.196,2.881,4.46,8.09,-19.7,-2.229999999999984,5.0,77.5,57.8,August,21.96
Adelaide,11.8,15.9,1.6,4.6,8.7,NW,46.0,17.0,24.0,48.0,44.0,1012.6,1011.7,4.45,4.51,13.2,15.6,1,1,4.1,-4.0,0.05999999999999961,-0.8999999999999773,7.0,8.85,16.78,2.432,3.3280000000000003,4.340000000000001,7.93,-19.2,-2.2499999999999885,5.1,78.0,58.8,August,24.32
Adelaide,11.2,17.6,4.6,3.0,8.2,NW,46.0,15.0,24.0,93.0,60.0,1014.9,1011.5,4.45,4.51,12.3,16.8,1,1,6.400000000000002,-33.0,0.05999999999999961,-3.3999999999999773,9.0,9.1,16.93,2.172,3.588,4.88,7.830000000000001,-17.6,-2.409999999999991,5.8,73.7,56.1,August,21.720000000000002
Adelaide,11.4,14.8,5.0,2.2,6.7,SW,56.0,17.0,24.0,94.0,50.0,1010.8,1015.5,4.45,4.51,12.0,14.5,1,0,3.4000000000000004,-44.0,0.05999999999999961,4.7000000000000455,7.0,9.34,17.29,2.3920000000000003,3.3409999999999997,5.680000000000001,7.95,-21.5,-2.3499999999999885,6.5,74.0,52.5,August,23.92
Adelaide,6.6,17.6,0.4,2.2,10.2,N,41.0,11.0,19.0,64.0,30.0,1023.4,1017.9,4.45,4.51,10.5,17.0,0,0,11.000000000000002,-34.0,0.05999999999999961,-5.5,8.0,9.84,17.160000000000004,2.252,3.0140000000000002,5.9399999999999995,7.32,-22.7,-1.6799999999999842,6.1,74.0,51.3,August,22.52
Adelaide,10.0,17.7,0.0,3.2,2.9,WSW,69.0,19.0,9.0,32.0,80.0,1003.9,999.4,4.45,4.51,15.1,12.9,0,1,7.699999999999999,48.0,0.05999999999999961,-4.5,-10.0,9.440000000000001,16.86,2.2920000000000003,2.9739999999999998,6.29,7.42,-24.0,-1.6299999999999841,5.6,72.9,48.9,August,22.92
Adelaide,8.0,16.0,9.8,5.47,4.8,NNW,56.0,24.0,26.0,83.0,63.0,1010.9,1009.7,4.45,4.51,9.4,15.5,1,1,8.0,-20.0,0.05999999999999961,-1.1999999999999318,2.0,9.120000000000001,17.080000000000002,2.152,3.134,6.470000000000001,7.960000000000001,-17.1,-2.019999999999982,4.8,66.8,49.7,August,21.520000000000003
Adelaide,9.0,16.0,3.2,5.47,1.9,SW,59.0,17.0,26.0,91.0,88.0,1011.0,1011.7,4.45,4.51,11.9,12.4,1,1,7.0,-3.0,0.05999999999999961,0.7000000000000455,9.0,8.860000000000001,17.169999999999998,2.692,3.5810000000000004,6.05,8.31,-16.7,-2.2599999999999794,4.6,67.8,51.1,August,26.92
Adelaide,7.4,13.1,9.2,4.0,9.4,SSW,52.0,24.0,22.0,51.0,74.0,1019.7,1020.3,4.45,4.51,10.7,9.6,1,0,5.699999999999999,23.0,0.05999999999999961,0.599999999999909,-2.0,9.34,17.080000000000002,3.012,3.8880000000000003,5.7,7.74,-14.7,-1.6699999999999704,4.6,70.5,55.8,August,30.12
Adelaide,4.8,14.4,0.4,1.6,8.9,W,33.0,7.0,17.0,75.0,61.0,1023.6,1021.1,4.45,4.51,9.8,12.6,0,1,9.600000000000001,-14.0,0.05999999999999961,-2.5,10.0,9.09,16.69,3.8519999999999994,4.108,6.469999999999999,7.600000000000001,-13.1,-1.529999999999984,4.0,71.4,58.3,August,38.519999999999996
Adelaide,8.0,12.5,1.8,1.4,0.8,NW,43.0,15.0,19.0,93.0,92.0,1018.7,1014.4,4.45,4.51,9.2,11.0,1,1,4.5,-1.0,0.05999999999999961,-4.300000000000068,4.0,8.77,16.339999999999996,3.656,3.721,6.970000000000001,7.57,-10.1,-1.5899999999999863,4.9,69.3,59.2,August,36.56
Adelaide,9.1,14.5,9.8,1.0,1.9,WNW,41.0,17.0,20.0,90.0,92.0,1016.5,1015.7,4.45,4.51,11.5,12.5,1,1,5.4,2.0,0.05999999999999961,-0.7999999999999545,3.0,8.82,15.560000000000002,3.6,3.314,6.25,6.74,-8.2,-1.6299999999999955,4.4,72.4,64.2,August,36.0
Adelaide,11.3,15.1,9.0,0.0,0.6,SSW,37.0,19.0,19.0,95.0,83.0,1019.5,1020.8,4.45,4.51,12.4,13.5,1,1,3.799999999999999,-12.0,0.05999999999999961,1.2999999999999545,0.0,8.55,15.419999999999998,4.42,2.9539999999999997,5.57,6.87,-7.6,-1.6199999999999932,4.0,76.6,69.0,August,44.2
Adelaide,11.0,15.7,3.8,5.47,1.4,NW,22.0,6.0,13.0,94.0,61.0,1026.4,1025.0,4.45,4.51,12.2,15.2,1,0,4.699999999999999,-33.0,0.05999999999999961,-1.400000000000091,7.0,8.559999999999999,15.170000000000002,4.859999999999999,2.654,4.8100000000000005,6.609999999999999,-5.5,-1.15,3.1,76.8,71.3,August,48.599999999999994
Adelaide,9.1,16.5,0.0,5.47,2.2,NNW,20.0,11.0,6.0,71.0,55.0,1026.2,1023.9,4.45,4.51,11.8,15.3,0,0,7.4,-16.0,0.05999999999999961,-2.300000000000068,-5.0,8.52,15.26,4.74,2.981,4.28,6.74,-4.4,-1.7600000000000136,3.1,76.8,72.4,August,47.4
Adelaide,6.3,19.6,0.0,3.2,3.1,N,30.0,9.0,7.0,66.0,51.0,1023.9,1020.9,4.45,4.51,13.8,18.8,0,0,13.3,-15.0,0.05999999999999961,-3.0,-2.0,8.77,15.15,4.7,3.308,3.4799999999999995,6.38,-2.6,-1.4400000000000204,1.8,77.5,74.9,August,47.0
Adelaide,9.3,24.0,0.0,2.6,6.9,N,39.0,13.0,19.0,40.0,28.0,1017.0,1012.4,4.45,4.51,18.4,22.9,0,0,14.7,-12.0,0.05999999999999961,-4.600000000000023,6.0,8.4,15.34,4.7,3.308,3.5,6.94,-8.9,-1.2900000000000205,2.6,80.9,72.0,August,47.0
Adelaide,10.4,21.6,0.2,1.6,9.9,NNE,54.0,13.0,13.0,70.0,57.0,1016.4,1012.9,4.45,4.51,15.6,19.3,0,1,11.200000000000001,-13.0,0.05999999999999961,-3.5,0.0,8.53,16.139999999999997,3.72,3.021,3.71,7.609999999999999,-8.1,-1.6300000000000296,3.0,76.6,68.5,August,37.2
Adelaide,14.0,17.5,3.2,3.0,1.6,NW,59.0,24.0,35.0,64.0,77.0,1003.3,1003.7,4.45,4.51,16.2,14.7,1,1,3.5,13.0,0.05999999999999961,0.40000000000009095,11.0,8.67,16.7,3.4199999999999995,2.634,4.51,8.03,-9.1,-2.050000000000034,2.1,74.5,65.4,August,34.199999999999996
Adelaide,12.0,20.7,2.8,1.0,7.9,NW,37.0,17.0,20.0,83.0,41.0,1014.6,1013.1,4.45,4.51,14.5,20.1,1,0,8.7,-42.0,0.05999999999999961,-1.5,3.0,9.330000000000002,17.139999999999997,2.82,2.534,3.7300000000000004,7.81,-10.1,-2.070000000000016,3.4,75.8,65.7,August,28.2
Adelaide,9.9,25.8,0.0,2.6,10.6,NNW,37.0,13.0,20.0,37.0,35.0,1016.0,1014.2,4.45,4.51,20.7,24.8,0,0,15.9,-2.0,0.05999999999999961,-1.7999999999999545,7.0,10.05,17.770000000000003,3.06,2.474,3.63,7.720000000000001,-12.9,-1.970000000000016,2.7,76.6,63.7,August,30.6
Adelaide,17.1,28.3,0.0,5.47,10.2,NW,43.0,13.0,19.0,38.0,32.0,1020.2,1020.4,4.45,4.51,22.6,27.4,0,0,11.2,-6.0,0.05999999999999961,0.1999999999999318,6.0,10.239999999999998,19.1,2.88,2.594,4.61,8.86,-13.0,-1.7200000000000046,3.0,71.0,58.0,September,28.8
Adelaide,11.1,28.0,0.0,7.2,10.7,WNW,22.0,6.0,6.0,63.0,41.0,1028.8,1026.0,4.45,4.51,18.1,27.4,0,0,16.9,-22.0,0.05999999999999961,-2.7999999999999545,0.0,11.040000000000001,20.479999999999997,1.9,3.0409999999999995,5.44,9.44,-13.8,-1.6200000000000159,3.3,65.8,52.0,September,19.0
Adelaide,16.0,29.1,0.0,3.4,6.6,NNE,33.0,7.0,19.0,40.0,19.0,1027.2,1022.9,4.45,4.51,23.9,29.0,0,0,13.100000000000001,-21.0,0.05999999999999961,-4.300000000000068,12.0,11.02,21.77,1.0,3.761,6.45,10.75,-14.8,-2.030000000000007,3.3,62.6,47.8,September,10.0
Adelaide,18.5,28.3,0.0,4.8,1.1,N,43.0,19.0,20.0,24.0,25.0,1020.5,1016.5,4.45,4.51,25.0,27.7,0,0,9.8,1.0,0.05999999999999961,-4.0,1.0,11.52,23.11,0.62,3.554,6.970000000000001,11.59,-13.6,-2.3200000000000047,3.8,57.2,43.6,September,6.2
Adelaide,15.6,15.9,0.2,3.4,0.0,SW,24.0,9.0,0.0,85.0,84.0,1027.0,1026.2,4.45,4.51,15.8,15.1,0,1,0.3000000000000007,-1.0,0.05999999999999961,-0.7999999999999545,-9.0,12.459999999999999,24.29,0.62,3.4870000000000005,6.859999999999999,11.830000000000002,-11.9,-2.4899999999999975,4.4,52.5,40.6,September,6.2
Adelaide,12.7,15.5,1.8,0.6,0.0,WSW,20.0,6.0,2.0,74.0,77.0,1027.9,1025.2,4.45,4.51,14.9,15.1,1,0,2.8000000000000007,3.0,0.05999999999999961,-2.7000000000000455,-4.0,13.39,23.92,0.64,3.507,6.55,10.53,-10.5,-2.2699999999999934,3.7,54.4,43.9,September,6.4
Adelaide,7.9,19.9,0.0,5.47,8.9,WSW,26.0,2.0,13.0,62.0,56.0,1027.1,1025.2,4.45,4.51,14.7,17.8,0,0,11.999999999999998,-6.0,0.05999999999999961,-1.8999999999998636,11.0,13.73,23.07,0.82,3.3069999999999995,5.86,9.34,-9.0,-2.0799999999999956,2.7,57.8,48.8,September,8.2
Adelaide,13.9,25.0,0.0,5.47,4.7,NE,35.0,19.0,17.0,42.0,36.0,1022.6,1017.1,4.45,4.51,19.3,24.8,0,0,11.1,-6.0,0.05999999999999961,-5.5,-2.0,13.479999999999999,22.9,0.8,3.694,5.76,9.42,-8.3,-1.9199999999999817,3.8,57.0,48.7,September,8.0
Adelaide,19.2,23.9,0.0,8.8,6.2,S,80.0,24.0,26.0,23.0,48.0,1007.5,1007.8,4.45,4.51,22.2,20.8,0,0,4.699999999999999,25.0,0.05999999999999961,0.2999999999999545,2.0,13.469999999999999,23.65,0.48,3.941,6.069999999999999,10.18,-10.2,-2.509999999999991,2.5,54.8,44.6,September,4.8
Adelaide,11.5,15.7,0.8,3.2,1.9,SSW,39.0,20.0,19.0,58.0,58.0,1014.3,1013.8,4.45,4.51,13.7,14.5,0,0,4.199999999999999,0.0,0.05999999999999961,-0.5,-1.0,14.189999999999998,23.97,0.2,4.721,5.9,9.78,-3.5,-2.3299999999999956,2.4,48.8,45.3,September,2.0
Adelaide,10.1,18.7,0.2,2.4,9.5,WNW,26.0,13.0,9.0,72.0,39.0,1016.5,1015.1,4.45,4.51,13.2,18.4,0,0,8.6,-33.0,0.05999999999999961,-1.3999999999999773,-4.0,14.35,22.96,0.27999999999999997,4.781,5.029999999999999,8.610000000000001,-3.3,-2.2,1.6,50.9,47.6,September,2.8
Adelaide,10.7,19.6,0.0,3.0,3.4,ENE,44.0,20.0,13.0,54.0,85.0,1013.7,1012.2,4.45,4.51,16.0,14.2,0,1,8.900000000000002,31.0,0.05999999999999961,-1.5,-7.0,13.65,22.0,0.3,4.474,4.959999999999999,8.35,-6.0,-2.359999999999991,0.6,54.3,48.3,September,3.0
Adelaide,12.1,19.1,20.4,1.4,7.7,W,33.0,7.0,19.0,88.0,56.0,1012.3,1011.2,4.45,4.51,14.0,18.5,1,0,7.000000000000002,-32.0,0.05999999999999961,-1.099999999999909,12.0,13.61,21.16,0.3,4.054,4.2299999999999995,7.55,-0.7,-2.2299999999999955,-0.1,53.4,52.7,September,3.0
Adelaide,12.3,20.0,2.36,5.47,6.5,W,31.0,9.0,13.0,84.0,52.0,1014.7,1012.7,4.45,4.51,13.9,19.4,0,0,7.699999999999999,-32.0,0.05999999999999961,-2.0,4.0,13.219999999999999,20.160000000000004,2.34,3.854,4.34,6.94,-1.8,-1.9099999999999795,-0.1,58.2,56.4,September,23.4
Adelaide,10.2,26.1,1.0,5.47,8.8,NE,63.0,26.0,31.0,52.0,34.0,1008.3,1001.3,4.45,4.51,18.2,25.2,0,1,15.900000000000002,-18.0,0.05999999999999961,-7.0,5.0,12.6,19.330000000000002,2.5759999999999996,3.9210000000000003,4.88,6.7299999999999995,-5.1,-1.7099999999999795,0.2,64.2,59.1,September,25.759999999999998
Adelaide,13.2,18.5,2.4,9.8,2.9,WSW,50.0,20.0,22.0,93.0,72.0,999.3,1000.0,4.45,4.51,13.5,17.8,1,1,5.300000000000001,-21.0,0.05999999999999961,0.7000000000000455,2.0,12.059999999999999,20.35,2.6559999999999997,4.128,5.76,8.290000000000001,-6.8,-2.329999999999984,1.6,60.9,54.1,September,26.56
Adelaide,13.0,17.9,2.8,2.0,4.2,N,69.0,19.0,15.0,71.0,53.0,1010.2,1006.0,4.45,4.51,14.6,16.6,1,1,4.899999999999999,-18.0,0.05999999999999961,-4.2000000000000455,-4.0,12.11,20.65,2.7159999999999997,5.048,6.05,8.54,-9.2,-1.989999999999975,2.2,62.8,53.6,September,27.159999999999997
Adelaide,11.5,16.9,5.2,2.2,10.3,WNW,56.0,24.0,31.0,61.0,55.0,1006.2,1008.0,4.45,4.51,15.1,15.6,1,0,5.399999999999999,-6.0,0.05999999999999961,1.7999999999999545,7.0,12.62,20.45,2.9959999999999996,4.7010000000000005,5.58,7.830000000000001,-10.4,-2.219999999999993,0.7,63.7,53.3,September,29.959999999999997
Adelaide,9.6,18.5,0.0,3.6,5.5,WSW,54.0,19.0,22.0,66.0,42.0,1011.4,1006.3,4.45,4.51,13.3,17.6,0,1,8.9,-24.0,0.05999999999999961,-5.100000000000023,3.0,12.379999999999999,19.64,3.5159999999999996,4.3740000000000006,6.140000000000001,7.26,-10.4,-1.4899999999999978,1.6,65.6,55.2,September,35.16
Adelaide,11.4,19.9,4.0,2.6,8.5,WNW,33.0,15.0,13.0,58.0,58.0,1016.3,1015.8,4.45,4.51,15.5,17.2,1,0,8.499999999999998,0.0,0.05999999999999961,-0.5,-2.0,11.42,19.1,3.5159999999999996,3.854,6.07,7.6800000000000015,-15.3,-2.0299999999999954,1.7,69.9,54.6,September,35.16
Adelaide,9.7,25.4,2.36,5.47,9.2,WSW,50.0,13.0,17.0,48.0,37.0,1013.7,1009.7,4.45,4.51,19.9,24.2,0,0,15.7,-11.0,0.05999999999999961,-4.0,4.0,11.41,19.52,3.836,3.7940000000000005,6.7299999999999995,8.110000000000001,-15.3,-2.0299999999999954,1.6,69.9,54.6,September,38.36
Adelaide,10.7,24.8,0.0,5.47,10.5,N,30.0,9.0,11.0,66.0,50.0,1013.4,1008.9,4.45,4.51,16.9,22.0,0,0,14.100000000000001,-16.0,0.05999999999999961,-4.5,2.0,11.370000000000001,20.19,4.052,4.101,6.7,8.819999999999999,-13.1,-2.289999999999998,2.4,67.5,54.4,September,40.519999999999996
Adelaide,14.9,28.1,0.0,9.8,7.6,NW,52.0,19.0,22.0,18.0,57.0,999.8,1000.0,4.45,4.51,24.7,20.9,0,0,13.200000000000001,39.0,0.05999999999999961,0.20000000000004547,3.0,11.370000000000001,20.71,4.052,4.348,7.410000000000001,9.34,-17.8,-2.5899999999999976,3.3,68.7,50.9,September,40.519999999999996
Adelaide,13.0,26.1,0.0,3.8,9.2,NW,46.0,11.0,26.0,61.0,32.0,1005.8,1003.1,4.45,4.51,17.7,25.4,0,0,13.100000000000001,-29.0,0.05999999999999961,-2.699999999999932,15.0,11.649999999999999,21.610000000000003,2.012,5.188,7.4,9.96,-10.7,-2.460000000000002,2.4,61.7,51.0,September,20.12
Adelaide,15.0,21.8,0.0,4.2,4.0,WNW,56.0,11.0,15.0,74.0,47.0,1009.5,1005.9,4.45,4.51,17.6,20.8,0,1,6.800000000000001,-27.0,0.05999999999999961,-3.6000000000000227,4.0,11.719999999999999,22.220000000000002,1.7760000000000002,5.021,7.67,10.5,-10.4,-2.5299999999999954,3.5,59.4,49.0,September,17.76
Adelaide,10.7,18.5,3.4,4.0,10.2,WSW,81.0,24.0,15.0,46.0,40.0,1018.9,1018.1,4.45,4.51,14.3,17.1,1,0,7.800000000000001,-6.0,0.05999999999999961,-0.7999999999999545,-9.0,12.2,21.79,1.6760000000000002,4.894,7.19,9.59,-11.3,-2.1899999999999977,3.4,61.6,50.3,September,16.76
Adelaide,9.1,24.5,0.0,2.8,8.0,N,56.0,17.0,28.0,32.0,66.0,1014.0,1012.6,4.45,4.51,18.5,16.6,0,0,15.4,34.0,0.05999999999999961,-1.3999999999999773,11.0,11.95,21.79,1.7759999999999998,4.314,7.919999999999999,9.84,-9.8,-2.3399999999999976,2.3,56.9,47.1,September,17.759999999999998
Adelaide,12.9,19.4,2.36,5.47,6.6,WSW,43.0,13.0,13.0,84.0,60.0,1017.6,1017.0,4.45,4.51,14.4,18.3,0,0,6.499999999999998,-24.0,0.05999999999999961,-0.6000000000000227,0.0,11.559999999999999,22.45,1.496,4.394,8.3,10.89,-4.6,-2.0599999999999907,3.8,53.0,48.4,September,14.959999999999999
Adelaide,9.3,28.0,0.4,5.47,9.4,N,43.0,13.0,22.0,44.0,18.0,1013.9,1007.6,4.45,4.51,18.3,27.6,0,0,18.7,-26.0,0.05999999999999961,-6.2999999999999545,9.0,11.7,22.7,1.212,4.721,7.93,11.0,-6.4,-2.2999999999999887,3.1,55.3,48.9,September,12.12
Adelaide,17.7,27.1,0.0,11.6,0.2,NW,80.0,15.0,30.0,24.0,30.0,1001.8,996.7,4.45,4.51,23.3,25.8,0,1,9.400000000000002,6.0,0.05999999999999961,-5.099999999999909,15.0,11.669999999999998,23.65,1.252,4.9079999999999995,8.319999999999999,11.98,-6.6,-2.4199999999999817,3.7,53.1,46.5,September,12.52
Adelaide,9.7,16.3,5.8,2.4,6.3,W,57.0,17.0,17.0,79.0,47.0,1012.7,1014.2,4.45,4.51,12.0,15.2,1,0,6.600000000000001,-32.0,0.05999999999999961,1.5,0.0,12.3,24.369999999999997,0.852,5.808,7.489999999999999,12.07,-6.0,-2.879999999999973,5.4,49.7,43.7,October,8.52
Adelaide,9.9,17.4,0.4,2.6,3.2,W,67.0,28.0,35.0,69.0,65.0,1011.9,1013.0,4.45,4.51,15.4,15.7,0,1,7.499999999999998,-4.0,0.05999999999999961,1.1000000000000227,7.0,12.3,23.46,1.1960000000000002,5.5009999999999994,7.2,11.16,-8.1,-2.3299999999999725,5.0,52.8,44.7,October,11.96
Adelaide,11.0,17.1,7.8,2.4,9.6,SSW,35.0,17.0,19.0,48.0,51.0,1025.4,1025.0,4.45,4.51,15.1,16.0,1,0,6.100000000000001,3.0,0.05999999999999961,-0.40000000000009095,2.0,12.219999999999999,22.720000000000002,1.236,5.214,6.470000000000001,10.5,-6.9,-1.7699999999999705,5.5,53.1,46.2,October,12.36
Adelaide,6.1,24.6,0.0,3.0,11.3,WNW,41.0,20.0,20.0,45.0,18.0,1022.0,1016.6,4.45,4.51,16.9,24.6,0,0,18.5,-27.0,0.05999999999999961,-5.399999999999977,0.0,11.83,21.619999999999997,2.016,4.474,6.67,9.790000000000001,-10.5,-1.829999999999984,5.4,56.1,45.6,October,20.16
Adelaide,15.5,25.5,0.0,5.47,10.2,NNW,50.0,19.0,13.0,21.0,35.0,1012.8,1010.0,4.45,4.51,20.6,23.4,0,0,10.0,14.0,0.05999999999999961,-2.7999999999999545,-6.0,11.14,21.47,2.016,4.394,6.88,10.330000000000002,-10.3,-2.0999999999999885,3.9,54.5,44.2,October,20.16
Adelaide,13.7,19.4,0.0,5.47,9.0,W,35.0,13.0,19.0,64.0,57.0,1013.4,1012.9,4.45,4.51,14.9,18.5,0,0,5.699999999999999,-7.0,0.05999999999999961,-0.5,6.0,11.190000000000001,21.839999999999996,2.016,4.520999999999999,7.5,10.65,-6.2,-2.019999999999982,2.9,49.2,43.0,October,20.16
Adelaide,8.4,21.2,0.0,5.47,12.1,W,33.0,9.0,19.0,67.0,45.0,1016.0,1015.9,4.45,4.51,14.4,20.6,0,0,12.799999999999999,-22.0,0.05999999999999961,-0.10000000000002274,10.0,11.49,21.93,1.6759999999999997,4.667999999999999,7.380000000000001,10.44,-6.3,-1.9899999999999864,4.4,51.0,44.7,October,16.759999999999998
Adelaide,8.3,27.5,0.0,17.2,12.8,N,31.0,6.0,19.0,61.0,27.0,1019.3,1015.5,4.45,4.51,15.3,26.4,0,0,19.2,-34.0,0.05999999999999961,-3.7999999999999545,13.0,11.42,21.6,1.6759999999999997,4.935,7.790000000000001,10.18,-11.9,-1.859999999999991,4.3,54.5,42.6,October,16.759999999999998
Adelaide,15.3,31.7,0.0,4.4,4.6,N,50.0,20.0,15.0,18.0,13.0,1010.1,1005.8,4.45,4.51,26.0,30.4,0,0,16.4,-5.0,0.05999999999999961,-4.300000000000068,-5.0,10.959999999999999,22.410000000000004,1.44,6.108,8.41,11.45,-12.9,-2.179999999999984,5.6,52.2,39.3,October,14.4
Adelaide,15.6,17.0,0.0,5.6,1.0,WSW,52.0,20.0,17.0,71.0,68.0,1011.3,1013.9,4.45,4.51,15.6,15.2,0,1,1.4000000000000004,-3.0,0.05999999999999961,2.6000000000000227,-3.0,11.56,22.78,1.4,6.0009999999999994,7.93,11.219999999999999,-10.8,-1.9799999999999955,4.2,49.6,38.8,October,14.0
Adelaide,10.8,20.4,2.0,1.4,10.7,WNW,31.0,6.0,15.0,64.0,41.0,1020.7,1018.1,4.45,4.51,14.8,19.6,1,0,9.599999999999998,-23.0,0.05999999999999961,-2.6000000000000227,9.0,11.35,21.77,1.4,5.401,8.010000000000002,10.419999999999998,-11.7,-1.2100000000000022,2.4,54.3,42.6,October,14.0
Adelaide,8.8,27.0,2.36,5.47,12.0,NNW,43.0,11.0,22.0,44.0,16.0,1011.7,1006.7,4.45,4.51,17.8,26.6,0,1,18.2,-28.0,0.05999999999999961,-5.0,11.0,11.459999999999999,22.18,1.02,5.301,8.45,10.719999999999999,-10.8,-1.6200000000000045,3.3,52.8,42.0,October,10.2
Adelaide,10.2,16.7,4.0,5.47,9.0,WSW,63.0,6.0,31.0,85.0,41.0,1011.1,1015.9,4.45,4.51,11.5,16.3,1,1,6.5,-44.0,0.05999999999999961,4.7999999999999545,25.0,11.35,23.14,1.216,5.587999999999999,9.330000000000002,11.79,-13.2,-2.2300000000000066,3.7,50.3,37.1,October,12.16
Adelaide,9.3,17.4,2.0,13.8,7.0,W,37.0,7.0,19.0,74.0,39.0,1026.1,1025.4,4.45,4.51,11.8,16.4,1,0,8.099999999999998,-35.0,0.05999999999999961,-0.6999999999998181,12.0,11.27,23.1,0.836,5.895,9.27,11.829999999999998,-17.9,-1.7100000000000022,6.0,54.0,36.1,October,8.36
Adelaide,5.4,23.6,0.2,3.4,11.6,NNW,39.0,7.0,24.0,57.0,23.0,1024.5,1018.9,4.45,4.51,12.8,22.5,0,0,18.200000000000003,-34.0,0.05999999999999961,-5.600000000000023,17.0,11.59,22.380000000000003,1.036,6.975,8.84,10.789999999999997,-18.7,-1.2399999999999864,7.2,56.9,38.2,October,10.36
Adelaide,12.5,30.8,0.0,5.2,9.0,NW,70.0,22.0,41.0,19.0,11.0,1008.9,1002.6,4.45,4.51,20.5,28.4,0,1,18.3,-8.0,0.05999999999999961,-6.2999999999999545,19.0,10.58,22.19,1.0559999999999998,6.768000000000001,8.98,11.609999999999998,-23.5,-1.5199999999999931,9.5,60.5,37.0,October,10.559999999999999
Adelaide,9.3,17.3,7.2,6.6,11.6,WSW,61.0,28.0,22.0,48.0,41.0,1016.9,1019.9,4.45,4.51,13.0,16.4,1,0,8.0,-7.0,0.05999999999999961,3.0,-6.0,10.459999999999999,23.330000000000002,1.0559999999999998,6.741,8.98,12.87,-23.6,-2.0999999999999885,10.8,56.0,32.4,October,10.559999999999999
Adelaide,7.0,26.2,0.0,5.0,12.5,NNW,39.0,17.0,24.0,38.0,17.0,1023.6,1020.7,4.45,4.51,15.2,25.3,0,0,19.2,-21.0,0.05999999999999961,-2.8999999999999773,7.0,10.55,22.94,1.7759999999999998,6.854000000000001,8.93,12.39,-22.1,-1.7899999999999863,9.2,54.1,32.0,October,17.759999999999998
Adelaide,13.2,31.1,2.36,5.47,12.2,NNW,46.0,20.0,20.0,10.0,5.0,1018.8,1013.3,4.45,4.51,22.8,30.6,0,0,17.900000000000002,-5.0,0.05999999999999961,-5.5,0.0,10.42,22.81,1.7759999999999998,5.634,8.9,12.389999999999999,-20.8,-1.6999999999999886,8.6,51.8,31.0,October,17.759999999999998
Adelaide,18.9,33.0,2.36,5.47,9.2,N,33.0,11.0,11.0,17.0,12.0,1011.8,1008.3,4.45,4.51,24.7,31.6,0,0,14.100000000000001,-5.0,0.05999999999999961,-3.5,0.0,10.209999999999999,22.75,2.012,5.7410000000000005,9.66,12.540000000000001,-20.8,-1.8199999999999819,9.1,51.0,30.2,October,20.12
Adelaide,20.0,25.3,0.0,21.0,0.4,ESE,59.0,2.0,19.0,51.0,52.0,1013.3,1009.8,4.45,4.51,22.3,24.1,0,0,5.300000000000001,1.0,0.05999999999999961,-3.5,17.0,10.540000000000001,24.35,2.248,5.728,10.48,13.809999999999999,-21.0,-2.429999999999984,9.4,45.6,24.6,October,22.48
Adelaide,18.4,21.8,0.4,2.8,4.0,NNW,76.0,17.0,43.0,71.0,76.0,1007.5,1003.4,4.45,4.51,19.3,16.8,0,1,3.400000000000002,5.0,0.05999999999999961,-4.100000000000023,26.0,11.459999999999999,24.84,2.048,7.688,9.45,13.38,-18.6,-2.519999999999982,10.2,44.3,25.7,October,20.48
Adelaide,10.5,18.0,2.2,3.8,6.8,WSW,48.0,19.0,20.0,79.0,51.0,1019.0,1019.3,4.45,4.51,12.3,16.0,1,0,7.5,-28.0,0.05999999999999961,0.2999999999999545,1.0,12.419999999999998,24.32,1.8519999999999999,7.421000000000001,8.65,11.9,-15.3,-2.429999999999984,11.7,47.0,31.7,October,18.52
Adelaide,8.6,16.8,0.4,4.6,10.6,SSW,46.0,15.0,22.0,48.0,41.0,1026.4,1026.7,4.45,4.51,12.3,16.4,0,0,8.200000000000001,-7.0,0.05999999999999961,0.2999999999999545,7.0,12.45,24.45,1.672,7.2540000000000004,8.430000000000001,12.0,-13.7,-2.879999999999984,9.3,46.4,32.7,October,16.72
Adelaide,7.2,18.3,0.0,3.6,12.0,SSW,28.0,2.0,9.0,59.0,40.0,1029.0,1026.8,4.45,4.51,12.1,17.7,0,0,11.100000000000001,-19.0,0.05999999999999961,-2.2000000000000455,7.0,12.379999999999999,24.39,1.512,6.3340000000000005,8.790000000000001,12.010000000000002,-10.9,-2.780000000000007,8.8,43.8,32.9,October,15.120000000000001
Adelaide,7.0,22.8,2.36,5.47,7.61,W,26.0,7.0,19.0,58.0,19.0,1027.7,1024.5,4.45,4.51,14.1,22.5,0,0,15.8,-39.0,0.05999999999999961,-3.2000000000000455,12.0,12.559999999999999,23.860000000000003,1.4920000000000002,6.354,8.83,11.3,-9.4,-2.4400000000000093,7.8,44.0,34.6,October,14.920000000000002
Adelaide,14.1,25.2,0.0,5.47,3.8,ENE,46.0,13.0,20.0,34.0,34.0,1020.9,1016.1,4.45,4.51,19.5,23.2,0,0,11.1,0.0,0.05999999999999961,-4.7999999999999545,7.0,12.01,23.06,1.7280000000000002,6.381,8.690999999999999,11.05,-12.5,-2.130000000000018,7.1,47.9,35.4,October,17.28
Adelaide,12.8,20.6,0.0,13.6,7.4,S,46.0,24.0,26.0,72.0,53.0,1015.3,1015.3,4.45,4.51,16.3,20.0,0,0,7.800000000000001,-19.0,0.05999999999999961,0.0,2.0,12.49,23.85,1.008,6.268000000000001,7.911,11.36,-11.8,-2.9100000000000135,8.4,46.5,34.7,October,10.08
Adelaide,11.7,19.3,0.0,4.4,7.1,SSW,35.0,15.0,17.0,58.0,43.0,1023.6,1022.7,4.45,4.51,13.8,18.3,0,0,7.600000000000001,-15.0,0.05999999999999961,-0.8999999999999773,2.0,13.069999999999999,23.29,1.008,7.128,7.401000000000001,10.220000000000002,-11.6,-2.620000000000016,7.9,49.9,38.3,October,10.08
Adelaide,12.7,20.4,0.0,4.6,10.5,WSW,44.0,15.0,22.0,53.0,43.0,1025.6,1023.4,4.45,4.51,14.8,20.1,0,0,7.699999999999999,-10.0,0.05999999999999961,-2.199999999999932,7.0,12.919999999999998,22.11,0.772,7.021000000000001,6.891,9.190000000000001,-12.6,-2.1600000000000135,8.1,54.7,42.1,October,7.720000000000001
Adelaide,8.0,23.0,0.0,5.4,12.8,WSW,30.0,9.0,17.0,52.0,42.0,1025.6,1022.6,4.45,4.51,15.1,21.2,0,0,15.0,-10.0,0.05999999999999961,-2.9999999999998863,8.0,12.299999999999999,20.85,0.5359999999999999,6.934,7.020999999999999,8.55,-13.1,-2.030000000000007,8.8,58.3,45.2,October,5.359999999999999
Adelaide,10.1,31.1,0.0,4.6,12.7,NNW,35.0,11.0,19.0,34.0,13.0,1020.9,1018.6,4.45,4.51,20.9,30.4,0,0,21.0,-21.0,0.05999999999999961,-2.2999999999999545,8.0,11.1,20.619999999999997,0.5359999999999999,5.3740000000000006,8.261000000000001,9.52,-14.2,-1.9799999999999955,7.9,58.4,44.2,November,5.359999999999999
Adelaide,13.6,32.5,0.0,5.47,10.0,SW,35.0,9.0,15.0,35.0,16.0,1017.0,1016.1,4.45,4.51,22.9,30.6,0,0,18.9,-19.0,0.05999999999999961,-0.8999999999999773,6.0,10.27,21.55,0.4959999999999999,5.554,9.131,11.280000000000001,-16.8,-1.7999999999999887,6.1,54.7,37.9,November,4.959999999999999
Adelaide,13.0,21.1,0.0,5.47,12.7,S,39.0,15.0,20.0,53.0,32.0,1025.8,1026.2,4.45,4.51,15.4,19.7,0,0,8.100000000000001,-21.0,0.05999999999999961,0.40000000000009095,5.0,10.58,23.0,0.27599999999999997,5.721,9.450999999999999,12.420000000000002,-15.9,-1.9199999999999817,6.6,50.3,34.4,November,2.76
Adelaide,10.0,24.3,0.0,21.0,12.8,ESE,37.0,11.0,13.0,43.0,20.0,1030.3,1026.6,4.45,4.51,14.3,23.2,0,0,14.3,-23.0,0.05999999999999961,-3.7000000000000455,2.0,11.02,23.43,0.236,5.808,9.661,12.41,-17.3,-1.9099999999999682,6.4,50.8,33.5,November,2.36
Adelaide,13.9,30.0,0.0,6.2,12.8,NE,31.0,17.0,13.0,35.0,13.0,1024.6,1019.3,4.45,4.51,18.9,28.6,0,0,16.1,-22.0,0.05999999999999961,-5.2999999999999545,-4.0,11.3,24.029999999999998,0.236,7.548,9.741,12.73,-17.7,-2.059999999999968,5.9,49.2,31.5,November,2.36
Adelaide,18.9,34.8,0.0,7.6,12.0,N,41.0,15.0,19.0,13.0,8.0,1013.8,1010.0,4.45,4.51,26.8,34.0,0,0,15.899999999999999,-5.0,0.05999999999999961,-3.7999999999999545,4.0,11.99,24.75,0.0,7.621,10.26,12.760000000000002,-16.0,-2.269999999999959,4.3,46.9,30.9,November,0.0
Adelaide,19.9,24.0,0.0,7.6,3.5,SE,39.0,9.0,19.0,56.0,59.0,1011.5,1011.7,4.45,4.51,21.0,20.0,0,1,4.100000000000001,3.0,0.05999999999999961,0.20000000000004547,10.0,12.47,25.71,0.0,7.8340000000000005,11.080000000000002,13.24,-16.5,-2.169999999999959,4.0,44.8,28.3,November,0.0
Adelaide,13.4,17.7,2.6,4.2,5.6,SW,39.0,20.0,13.0,75.0,57.0,1013.6,1015.6,4.45,4.51,14.3,16.6,1,0,4.299999999999999,-18.0,0.05999999999999961,2.0,-7.0,13.179999999999998,26.05,0.0,7.234,10.690000000000001,12.87,-14.3,-2.1499999999999546,4.8,43.2,28.9,November,0.0
Adelaide,9.4,17.7,0.0,5.47,6.9,W,43.0,15.0,20.0,42.0,50.0,1021.9,1021.2,4.45,4.51,13.7,15.9,0,0,8.299999999999999,8.0,0.05999999999999961,-0.6999999999999318,5.0,13.35,25.890000000000004,0.26,7.214,10.540000000000001,12.540000000000001,-14.6,-1.8599999999999568,3.9,44.9,30.3,November,2.6
Adelaide,9.3,19.5,0.0,5.47,12.6,SE,44.0,13.0,20.0,50.0,34.0,1025.7,1023.0,4.45,4.51,13.5,18.0,0,0,10.2,-16.0,0.05999999999999961,-2.7000000000000455,7.0,13.02,25.619999999999997,0.26,7.300999999999999,10.180000000000001,12.6,-12.8,-1.7099999999999569,3.7,43.8,31.0,November,2.6
Adelaide,10.4,20.9,0.0,12.6,13.0,SE,41.0,11.0,19.0,53.0,42.0,1023.9,1020.2,4.45,4.51,14.2,20.1,0,0,10.499999999999998,-11.0,0.05999999999999961,-3.699999999999932,8.0,13.15,25.270000000000003,0.26,7.308000000000002,10.16,12.120000000000001,-13.4,-1.6799999999999726,3.6,43.6,30.2,November,2.6
Adelaide,10.6,21.8,0.0,4.6,11.4,SSE,43.0,20.0,19.0,55.0,52.0,1020.8,1018.6,4.45,4.51,16.3,20.8,0,0,11.200000000000001,-3.0,0.05999999999999961,-2.199999999999932,-1.0,13.179999999999998,24.25,0.26,8.108,10.190000000000001,11.07,-12.4,-1.8199999999999705,3.6,45.5,33.1,November,2.6
Adelaide,13.3,21.8,0.0,6.0,12.1,W,41.0,11.0,24.0,56.0,49.0,1020.9,1019.1,4.45,4.51,17.1,21.4,0,0,8.5,-7.0,0.05999999999999961,-1.7999999999999545,13.0,12.88,23.18,0.26,8.020999999999999,10.330000000000002,10.3,-10.8,-1.949999999999966,2.9,47.5,36.7,November,2.6
Adelaide,8.4,21.9,0.0,7.8,8.1,SE,35.0,9.0,19.0,53.0,56.0,1021.1,1019.4,4.45,4.51,15.3,20.7,0,0,13.499999999999998,3.0,0.05999999999999961,-1.7000000000000455,10.0,12.91,23.25,0.26,8.074,10.27,10.34,-9.4,-2.1699999999999706,3.7,47.8,38.4,November,2.6
Adelaide,12.0,23.5,0.0,4.8,10.9,SE,39.0,9.0,9.0,55.0,34.0,1020.7,1018.1,4.45,4.51,15.0,22.7,0,0,11.5,-21.0,0.05999999999999961,-2.6000000000000227,0.0,12.75,23.01,0.26,6.754,9.8,10.26,-6.8,-1.9699999999999704,4.5,48.8,42.0,November,2.6
Adelaide,12.2,22.5,0.0,5.47,13.2,S,43.0,11.0,22.0,50.0,37.0,1020.1,1017.6,4.45,4.51,16.7,22.0,0,0,10.3,-13.0,0.05999999999999961,-2.5,11.0,12.559999999999999,22.360000000000003,0.26,6.614,9.61,9.799999999999999,-6.7,-1.6999999999999773,4.9,50.8,44.1,November,2.6
Adelaide,10.7,26.1,0.0,5.47,13.3,SW,35.0,7.0,7.0,55.0,29.0,1019.1,1015.9,4.45,4.51,16.1,25.0,0,0,15.400000000000002,-26.0,0.05999999999999961,-3.2000000000000455,0.0,11.89,21.130000000000003,0.26,6.401000000000001,9.73,9.24,-7.5,-1.5699999999999819,5.6,54.5,47.0,November,2.6
Adelaide,10.9,32.1,0.0,17.4,13.3,W,39.0,7.0,24.0,52.0,10.0,1013.8,1009.7,4.45,4.51,21.4,31.9,0,0,21.200000000000003,-42.0,0.05999999999999961,-4.099999999999909,17.0,10.969999999999999,21.34,0.26,6.188,10.71,10.37,-10.4,-1.9099999999999908,4.6,54.4,44.0,November,2.6
Adelaide,15.2,33.4,0.0,5.2,10.5,SE,65.0,11.0,7.0,34.0,15.0,1007.9,1005.3,4.45,4.51,23.9,31.1,0,0,18.2,-19.0,0.05999999999999961,-2.6000000000000227,-4.0,10.72,22.78,0.0,7.508,11.48,12.059999999999999,-12.8,-2.519999999999982,7.0,52.1,39.3,November,0.0
Adelaide,14.4,20.0,0.0,8.2,5.6,S,46.0,19.0,19.0,63.0,47.0,1011.4,1012.3,4.45,4.51,14.9,19.2,0,0,5.6,-16.0,0.05999999999999961,0.8999999999999773,0.0,11.3,24.35,0.0,7.481,11.84,13.05,-15.5,-2.709999999999991,6.1,51.3,35.8,November,0.0
Adelaide,11.7,19.3,0.0,5.6,10.1,S,35.0,17.0,20.0,46.0,37.0,1015.8,1013.9,4.45,4.51,14.6,17.5,0,0,7.600000000000001,-9.0,0.05999999999999961,-1.8999999999999773,3.0,11.809999999999999,24.4,0.0,7.754,11.14,12.59,-15.5,-2.3499999999999885,5.4,52.6,37.1,November,0.0
Adelaide,9.8,19.6,0.2,5.0,5.6,WSW,39.0,15.0,19.0,67.0,48.0,1015.2,1013.5,4.45,4.51,13.3,17.7,0,0,9.8,-19.0,0.05999999999999961,-1.7000000000000455,4.0,11.94,24.240000000000002,0.0,7.054,10.85,12.3,-15.3,-2.1699999999999933,4.9,51.9,36.6,November,0.0
Adelaide,10.1,20.3,2.36,5.47,6.4,SSE,44.0,17.0,26.0,65.0,49.0,1014.6,1013.6,4.45,4.51,15.6,19.3,0,0,10.200000000000001,-16.0,0.05999999999999961,-1.0,9.0,11.86,24.020000000000003,0.02,7.093999999999999,10.27,12.16,-16.9,-2.1200000000000045,5.4,53.1,36.2,November,0.2
Adelaide,12.9,23.6,0.0,5.47,9.2,SSE,35.0,15.0,11.0,53.0,33.0,1016.2,1012.3,4.45,4.51,15.1,22.5,0,0,10.700000000000001,-20.0,0.05999999999999961,-3.900000000000091,-4.0,11.540000000000001,23.869999999999997,0.256,7.0409999999999995,9.7,12.33,-17.8,-2.040000000000009,5.0,54.0,36.2,November,2.56
Adelaide,11.9,29.7,0.0,16.8,13.3,E,28.0,6.0,17.0,38.0,21.0,1012.1,1009.3,4.45,4.51,20.8,28.0,0,0,17.799999999999997,-17.0,0.05999999999999961,-2.800000000000068,11.0,11.989999999999998,24.040000000000003,0.256,6.808,9.81,12.05,-20.1,-2.2600000000000136,3.6,54.0,33.9,November,2.56
Adelaide,19.8,35.9,0.0,8.0,9.7,W,30.0,11.0,9.0,18.0,13.0,1011.9,1009.2,4.45,4.51,25.9,33.6,0,0,16.099999999999998,-5.0,0.05999999999999961,-2.699999999999932,-2.0,11.98,24.660000000000004,0.256,8.008,10.05,12.680000000000001,-19.7,-2.280000000000018,4.7,52.3,32.6,November,2.56
Adelaide,25.9,37.0,0.0,7.2,12.3,NW,50.0,13.0,17.0,11.0,17.0,1010.6,1008.1,4.45,4.51,30.9,35.4,0,0,11.100000000000001,6.0,0.05999999999999961,-2.5,4.0,12.739999999999998,26.0,0.256,8.261,9.7,13.26,-18.9,-2.3000000000000114,3.4,49.1,30.2,November,2.56
Adelaide,17.3,19.4,0.0,9.0,0.2,SW,39.0,20.0,9.0,63.0,69.0,1011.1,1012.2,4.45,4.51,18.6,18.2,0,1,2.099999999999998,6.0,0.05999999999999961,1.1000000000000227,-11.0,14.26,27.089999999999996,0.256,8.434000000000001,9.6,12.830000000000002,-15.7,-2.2300000000000066,3.8,44.7,29.0,November,2.56
Adelaide,12.2,22.9,2.4,1.6,8.9,SSE,39.0,13.0,11.0,65.0,37.0,1018.7,1017.0,4.45,4.51,14.8,21.2,1,0,10.7,-28.0,0.05999999999999961,-1.7000000000000455,-2.0,14.9,25.82,0.256,7.593999999999999,8.290000000000001,10.919999999999998,-10.9,-1.7100000000000137,1.0,45.8,34.9,November,2.56
Adelaide,11.2,29.8,0.0,5.8,11.8,NE,37.0,13.0,15.0,44.0,11.0,1019.7,1016.2,4.45,4.51,16.6,27.9,0,0,18.6,-33.0,0.05999999999999961,-3.5,2.0,14.6,24.77,0.496,7.233999999999999,8.129999999999999,10.17,-11.8,-1.6200000000000159,1.2,48.9,37.1,November,4.96
Adelaide,16.5,27.2,2.36,5.47,2.4,NE,50.0,9.0,0.0,15.0,57.0,1016.3,1015.2,4.45,4.51,24.9,23.7,0,0,10.7,42.0,0.05999999999999961,-1.099999999999909,-9.0,14.280000000000001,25.75,0.496,6.994,8.75,11.469999999999999,-13.5,-2.060000000000014,1.4,47.0,33.5,December,4.96
Adelaide,16.3,31.2,1.0,11.4,13.0,WSW,28.0,4.0,15.0,41.0,32.0,1013.9,1012.2,4.45,4.51,23.2,28.9,0,0,14.899999999999999,-9.0,0.05999999999999961,-1.6999999999999318,11.0,14.76,26.54,0.732,6.980999999999999,7.9799999999999995,11.78,-8.4,-1.9800000000000069,0.2,43.9,35.5,December,7.32
Adelaide,16.3,28.8,0.0,6.6,6.1,ENE,48.0,4.0,17.0,40.0,35.0,1010.8,1007.5,4.45,4.51,23.8,27.1,0,1,12.5,-5.0,0.05999999999999961,-3.2999999999999545,13.0,15.41,27.7,0.8119999999999999,7.6209999999999996,8.72,12.290000000000001,-7.4,-1.9799999999999955,0.9,41.3,33.9,December,8.12
Adelaide,15.4,20.8,3.4,3.6,9.2,W,54.0,22.0,22.0,59.0,37.0,1007.6,1007.5,4.45,4.51,16.2,18.8,1,1,5.4,-22.0,0.05999999999999961,-0.10000000000002274,0.0,16.03,28.55,0.576,7.733999999999999,8.690000000000001,12.52,-6.3,-2.209999999999991,1.3,38.8,32.5,December,5.76
Adelaide,8.5,18.5,4.0,5.4,11.2,SW,56.0,26.0,24.0,42.0,41.0,1013.6,1015.4,4.45,4.51,14.9,17.3,1,1,10.0,-1.0,0.05999999999999961,1.7999999999999545,-2.0,16.28,28.27,0.916,7.547,8.69,11.989999999999998,-6.5,-1.829999999999984,1.7,39.4,32.9,December,9.16
Adelaide,11.1,22.4,2.6,4.4,11.0,S,30.0,13.0,15.0,62.0,48.0,1020.9,1020.5,4.45,4.51,17.3,21.3,1,0,11.299999999999999,-14.0,0.05999999999999961,-0.39999999999997726,2.0,15.940000000000001,27.15,1.316,6.406999999999999,8.48,11.209999999999999,-4.9,-1.369999999999982,0.4,39.8,34.9,December,13.16
Adelaide,13.6,32.1,2.36,5.47,11.3,NE,35.0,15.0,11.0,46.0,23.0,1018.4,1015.1,4.45,4.51,21.2,30.9,0,0,18.5,-23.0,0.05999999999999961,-3.2999999999999545,-4.0,15.069999999999999,25.8,1.576,6.047,8.61,10.73,-5.8,-1.1399999999999864,0.8,44.2,38.4,December,15.76
Adelaide,20.4,31.0,2.36,5.47,2.2,WNW,39.0,15.0,13.0,23.0,31.0,1009.3,1007.4,4.45,4.51,28.9,28.8,0,1,10.600000000000001,8.0,0.05999999999999961,-1.8999999999999773,-2.0,13.84,25.310000000000002,1.812,5.874,8.51,11.469999999999999,-8.7,-1.2199999999999818,0.0,47.7,39.0,December,18.12
Adelaide,16.3,20.4,2.0,16.2,4.5,W,57.0,13.0,28.0,90.0,46.0,1009.0,1009.1,4.45,4.51,16.4,18.6,1,1,4.099999999999998,-44.0,0.05999999999999961,0.10000000000002274,15.0,14.15,26.47,2.048,5.520999999999999,8.709999999999999,12.32,-8.5,-1.5199999999999818,0.9,43.7,35.2,December,20.48
Adelaide,14.3,20.7,1.4,4.4,4.5,WNW,46.0,22.0,19.0,59.0,44.0,1013.7,1013.8,4.45,4.51,16.7,20.4,1,1,6.399999999999999,-15.0,0.05999999999999961,0.09999999999990905,-3.0,14.560000000000002,26.22,2.008,6.981,8.27,11.66,-10.1,-1.339999999999975,2.6,46.2,36.1,December,20.08
Adelaide,12.9,22.2,1.6,4.2,5.1,WSW,37.0,19.0,20.0,67.0,51.0,1015.6,1015.1,4.45,4.51,16.5,22.1,1,0,9.299999999999999,-16.0,0.05999999999999961,-0.5,1.0,14.87,25.31,2.1479999999999997,6.841000000000001,7.540000000000001,10.440000000000001,-8.3,-0.9799999999999841,2.1,47.7,39.4,December,21.479999999999997
Adelaide,13.8,22.6,0.0,4.4,8.8,WSW,33.0,19.0,15.0,72.0,53.0,1016.6,1015.5,4.45,4.51,16.3,21.1,0,0,8.8,-19.0,0.05999999999999961,-1.1000000000000227,-4.0,14.51,24.81,2.072,6.714,7.81,10.3,-14.1,-0.9199999999999932,3.1,52.9,38.8,December,20.72
Adelaide,12.4,23.4,0.0,4.6,8.2,SSW,41.0,2.0,19.0,73.0,47.0,1017.7,1017.8,4.45,4.51,16.9,22.8,0,0,10.999999999999998,-26.0,0.05999999999999961,0.09999999999990905,17.0,14.260000000000002,23.95,1.972,6.014,7.390000000000001,9.69,-15.1,-0.8600000000000023,1.6,56.0,40.9,December,19.72
Adelaide,13.8,26.0,0.0,5.47,13.1,W,39.0,15.0,20.0,52.0,41.0,1022.1,1019.5,4.45,4.51,17.4,23.0,0,0,12.2,-11.0,0.05999999999999961,-2.6000000000000227,5.0,13.87,23.41,1.972,5.814,7.6,9.540000000000001,-17.2,-0.5200000000000159,2.0,59.3,42.1,December,19.72
Adelaide,10.9,27.1,0.0,5.47,13.3,SE,37.0,6.0,19.0,49.0,31.0,1021.9,1019.0,4.45,4.51,17.7,25.6,0,0,16.200000000000003,-18.0,0.05999999999999961,-2.8999999999999773,13.0,13.709999999999999,23.93,1.6320000000000001,6.0009999999999994,7.99,10.219999999999999,-16.1,-0.7700000000000159,2.5,58.6,42.5,December,16.32
Adelaide,11.0,30.4,0.0,19.0,12.9,WSW,31.0,4.0,17.0,40.0,25.0,1020.6,1018.4,4.45,4.51,20.1,28.4,0,0,19.4,-15.0,0.05999999999999961,-2.2000000000000455,13.0,13.95,24.79,1.232,6.008,8.2,10.84,-17.8,-1.240000000000009,4.0,59.3,41.5,December,12.32
Adelaide,14.2,35.0,0.0,8.0,13.8,ESE,41.0,7.0,17.0,34.0,22.0,1019.6,1016.6,4.45,4.51,23.9,31.7,0,0,20.8,-12.0,0.05999999999999961,-3.0,10.0,13.940000000000001,25.59,0.9720000000000001,7.468000000000001,8.39,11.65,-17.9,-1.420000000000016,5.1,57.1,39.2,December,9.72
Adelaide,23.8,41.0,0.0,11.2,11.8,ESE,43.0,13.0,7.0,10.0,8.0,1016.1,1013.6,4.45,4.51,32.7,39.2,0,0,17.2,-2.0,0.05999999999999961,-2.5,-6.0,14.0,25.880000000000003,0.736,7.721000000000001,8.64,11.879999999999999,-16.8,-1.3900000000000206,6.5,55.9,39.1,December,7.359999999999999
Adelaide,21.7,43.4,0.0,10.0,11.9,NW,35.0,0.0,13.0,27.0,10.0,1012.3,1010.2,4.45,4.51,31.8,42.1,0,0,21.7,-17.0,0.05999999999999961,-2.099999999999909,13.0,14.34,26.880000000000003,0.5,8.294,9.6,12.54,-17.8,-1.4500000000000228,6.1,54.6,36.8,December,5.0
Adelaide,24.5,39.9,0.0,12.0,12.9,SE,74.0,9.0,30.0,21.0,31.0,1009.7,1009.1,4.45,4.51,35.9,30.9,0,0,15.399999999999999,10.0,0.05999999999999961,-0.6000000000000227,21.0,14.88,29.18,0.3,7.6739999999999995,10.34,14.3,-15.1,-1.670000000000016,5.9,48.3,33.2,December,3.0
Adelaide,23.5,27.4,2.36,5.47,0.0,SE,72.0,13.0,15.0,37.0,42.0,1012.1,1008.8,4.45,4.51,24.8,26.7,0,0,3.8999999999999986,5.0,0.05999999999999961,-3.300000000000068,2.0,15.9,31.1,0.16,8.434,11.180000000000001,15.2,-12.6,-1.740000000000009,8.3,44.5,31.9,December,1.6
Adelaide,18.4,24.4,0.2,5.47,3.5,WSW,37.0,17.0,17.0,72.0,48.0,1012.0,1011.7,4.45,4.51,19.7,23.6,0,0,6.0,-24.0,0.05999999999999961,-0.2999999999999545,0.0,16.96,31.619999999999997,0.236,8.561,10.670000000000002,14.66,-10.5,-2.020000000000016,8.4,41.5,31.0,December,2.36
Adelaide,14.6,23.7,0.0,20.0,10.2,SW,41.0,15.0,20.0,59.0,45.0,1016.8,1017.4,4.45,4.51,17.6,21.2,0,0,9.1,-14.0,0.05999999999999961,0.6000000000000227,5.0,17.42,31.8,0.256,8.668,10.14,14.379999999999999,-11.0,-1.940000000000009,8.8,41.5,30.5,December,2.56
Adelaide,11.0,27.1,0.0,6.4,13.8,WSW,28.0,11.0,15.0,49.0,32.0,1019.9,1016.6,4.45,4.51,17.6,26.0,0,0,16.1,-17.0,0.05999999999999961,-3.2999999999999545,4.0,17.64,31.830000000000002,0.256,10.208000000000002,10.34,14.190000000000001,-9.8,-1.8899999999999977,7.6,40.1,30.3,December,2.56
Adelaide,15.1,33.2,0.0,5.47,13.6,WNW,39.0,13.0,17.0,24.0,16.0,1013.3,1010.5,4.45,4.51,24.7,31.6,0,0,18.1,-8.0,0.05999999999999961,-2.7999999999999545,4.0,17.36,31.939999999999998,0.256,10.301,10.41,14.580000000000002,-10.4,-1.9599999999999909,7.5,39.8,29.4,December,2.56
Adelaide,17.2,29.0,0.0,5.47,12.5,SW,30.0,7.0,17.0,54.0,22.0,1013.8,1012.5,4.45,4.51,22.0,27.7,0,0,11.8,-32.0,0.05999999999999961,-1.2999999999999545,10.0,17.78,32.55,0.256,10.300999999999998,10.440000000000001,14.77,-9.4,-1.9499999999999886,6.6,37.3,27.9,December,2.56
Adelaide,13.9,33.7,0.0,24.2,13.3,W,24.0,4.0,11.0,35.0,22.0,1013.7,1008.6,4.45,4.51,20.4,31.0,0,0,19.800000000000004,-13.0,0.05999999999999961,-5.100000000000023,7.0,18.4,32.410000000000004,0.256,8.947999999999999,10.4,14.010000000000002,-11.1,-1.8599999999999794,6.3,38.7,27.6,December,2.56
Adelaide,20.3,28.1,0.0,5.47,13.0,WSW,54.0,15.0,30.0,37.0,49.0,1004.2,1010.2,4.45,4.51,27.8,24.0,0,0,7.800000000000001,12.0,0.05999999999999961,6.0,15.0,18.369999999999997,32.28,0.256,10.568,10.35,13.91,-11.2,-2.0699999999999816,6.0,38.8,27.6,December,2.56
Adelaide,13.5,27.7,0.0,5.47,13.6,ESE,35.0,7.0,13.0,38.0,18.0,1018.9,1015.9,4.45,4.51,18.2,25.9,0,0,14.2,-20.0,0.05999999999999961,-3.0,6.0,18.02,30.99,0.256,9.995000000000001,10.47,12.969999999999999,-9.8,-1.2199999999999818,8.1,41.5,31.7,December,2.56
Adelaide,13.9,29.6,0.0,5.47,10.7,W,30.0,2.0,20.0,31.0,21.0,1016.2,1014.2,4.45,4.51,21.9,28.2,0,0,15.700000000000001,-10.0,0.05999999999999961,-2.0,18.0,17.2,29.419999999999998,0.256,9.542,10.64,12.22,-10.1,-1.309999999999991,7.4,42.6,32.5,December,2.56
Adelaide,12.8,36.8,0.0,33.8,13.4,NW,31.0,2.0,6.0,19.0,6.0,1014.5,1010.9,4.45,4.51,22.1,35.2,0,0,23.999999999999996,-13.0,0.05999999999999961,-3.6000000000000227,4.0,16.14,28.390000000000004,0.256,8.889,10.419999999999998,12.250000000000002,-12.1,-1.4499999999999886,7.1,43.6,31.5,December,2.56
Adelaide,22.0,33.0,2.36,5.47,0.5,WSW,43.0,4.0,24.0,29.0,50.0,1006.1,1007.0,4.45,4.51,29.8,29.7,0,1,11.0,21.0,0.05999999999999961,0.8999999999999773,20.0,15.069999999999999,29.329999999999995,0.02,11.722,11.76,14.26,-13.9,-1.479999999999984,7.3,41.8,27.9,January,0.2
Adelaide,16.9,22.7,4.2,13.8,0.0,SE,33.0,4.0,17.0,92.0,67.0,1008.4,1005.1,4.45,4.51,17.8,21.2,1,0,5.800000000000001,-25.0,0.05999999999999961,-3.2999999999999545,13.0,15.429999999999998,30.189999999999998,0.236,11.722,11.459999999999999,14.76,-9.4,-1.359999999999991,9.3,37.5,28.1,January,2.36
Adelaide,15.2,22.6,0.8,2.0,8.9,WSW,48.0,11.0,20.0,78.0,53.0,1009.5,1010.5,4.45,4.51,16.6,20.2,0,0,7.400000000000002,-25.0,0.05999999999999961,1.0,9.0,15.66,30.090000000000003,0.656,11.102,10.440000000000001,14.430000000000001,-10.5,-1.7499999999999887,10.1,40.8,30.3,January,6.5600000000000005
Adelaide,14.8,22.8,0.6,5.47,13.2,SSW,44.0,19.0,24.0,57.0,36.0,1013.7,1012.7,4.45,4.51,17.3,21.3,0,0,8.0,-21.0,0.05999999999999961,-1.0,5.0,16.08,29.639999999999997,0.736,10.661999999999999,9.95,13.560000000000002,-11.3,-1.3199999999999932,10.6,43.7,32.4,January,7.359999999999999
Adelaide,16.0,21.7,2.36,5.47,8.4,WSW,57.0,22.0,26.0,50.0,76.0,1010.9,1011.9,4.45,4.51,19.1,18.4,0,1,5.699999999999999,26.0,0.05999999999999961,1.0,4.0,16.05,28.6,0.796,10.661999999999999,9.91,12.55,-12.6,-1.1399999999999977,10.7,47.0,34.4,January,7.96
Adelaide,12.5,22.5,2.8,16.2,11.0,WSW,43.0,20.0,15.0,45.0,32.0,1022.5,1022.6,4.45,4.51,16.4,21.1,1,0,10.0,-13.0,0.05999999999999961,0.10000000000002274,-5.0,15.930000000000001,27.869999999999997,1.032,10.661999999999999,9.5,11.940000000000001,-6.8,-0.9100000000000023,10.1,46.6,39.8,January,10.32
Adelaide,12.1,23.4,0.0,6.2,12.7,SE,46.0,15.0,19.0,51.0,34.0,1026.3,1022.0,4.45,4.51,15.2,22.4,0,0,11.299999999999999,-17.0,0.05999999999999961,-4.2999999999999545,4.0,15.790000000000001,26.75,1.3119999999999998,9.861999999999998,9.27,10.959999999999999,-6.8,-0.38999999999999774,8.9,47.6,40.8,January,13.12
Adelaide,12.7,27.7,0.0,6.2,13.6,ESE,41.0,7.0,17.0,53.0,31.0,1020.8,1016.6,4.45,4.51,17.8,26.5,0,0,15.0,-22.0,0.05999999999999961,-4.199999999999932,10.0,14.969999999999999,26.28,1.3119999999999998,9.934999999999999,9.24,11.309999999999999,-9.7,-1.4199999999999933,7.8,49.0,39.3,January,13.12
Adelaide,14.9,31.4,0.0,7.0,13.4,SSE,37.0,7.0,15.0,51.0,19.0,1015.8,1013.6,4.45,4.51,21.7,30.6,0,0,16.5,-32.0,0.05999999999999961,-2.199999999999932,8.0,14.89,26.28,1.3119999999999998,10.008,9.24,11.389999999999999,-9.9,-1.5399999999999863,8.2,50.5,40.6,January,13.12
Adelaide,18.2,35.2,0.0,8.0,13.0,SSE,39.0,0.0,15.0,43.0,29.0,1015.0,1013.9,4.45,4.51,28.4,33.9,0,0,17.000000000000004,-14.0,0.05999999999999961,-1.1000000000000227,15.0,14.989999999999998,26.46,1.3119999999999998,10.161,9.510000000000002,11.469999999999999,-12.1,-1.5599999999999796,7.2,52.5,40.4,January,13.12
Adelaide,17.1,33.0,0.0,5.47,13.4,SE,41.0,4.0,15.0,39.0,18.0,1020.0,1017.9,4.45,4.51,23.9,31.1,0,0,15.899999999999999,-21.0,0.05999999999999961,-2.1000000000000227,11.0,15.530000000000001,26.3,1.3119999999999998,7.581,9.47,10.77,-12.2,-1.3099999999999796,8.3,54.9,42.7,January,13.12
Adelaide,16.6,35.5,0.0,5.47,13.6,SE,33.0,11.0,15.0,46.0,22.0,1020.3,1015.9,4.45,4.51,22.2,33.6,0,0,18.9,-24.0,0.05999999999999961,-4.399999999999977,4.0,15.040000000000001,26.3,1.076,7.581,10.76,11.260000000000002,-16.4,-1.6099999999999794,7.4,55.9,39.5,January,10.76
Adelaide,22.1,42.1,0.0,27.4,13.4,N,33.0,6.0,15.0,42.0,9.0,1013.7,1009.6,4.45,4.51,28.7,41.1,0,0,20.0,-33.0,0.05999999999999961,-4.100000000000023,9.0,15.01,27.580000000000002,0.6559999999999999,6.748,12.120000000000001,12.57,-16.3,-1.7199999999999818,6.5,51.3,35.0,January,6.559999999999999
Adelaide,25.3,45.1,0.0,10.2,7.4,N,48.0,13.0,20.0,11.0,11.0,1009.5,1008.0,4.45,4.51,38.6,43.2,0,0,19.8,0.0,0.05999999999999961,-1.5,7.0,15.7,29.53,0.5759999999999998,9.288,12.57,13.830000000000002,-17.1,-2.229999999999984,6.5,47.7,30.6,January,5.759999999999999
Adelaide,27.1,43.7,0.0,9.8,6.6,ESE,41.0,17.0,11.0,21.0,12.0,1012.7,1011.0,4.45,4.51,34.9,42.3,0,0,16.6,-9.0,0.05999999999999961,-1.7000000000000455,-6.0,16.75,31.759999999999998,0.5159999999999998,9.761,11.99,15.010000000000002,-15.0,-2.2799999999999843,6.7,43.1,28.1,January,5.159999999999998
Adelaide,29.9,44.2,0.0,11.4,13.3,ESE,50.0,11.0,17.0,16.0,10.0,1012.3,1008.3,4.45,4.51,37.4,44.0,0,0,14.300000000000004,-6.0,0.05999999999999961,-4.0,6.0,17.86,33.96,0.2799999999999999,10.193999999999999,11.809999999999999,16.1,-18.5,-2.5499999999999887,5.7,40.2,21.7,January,2.799999999999999
Adelaide,28.3,42.7,0.0,12.2,11.0,SE,78.0,17.0,20.0,12.0,15.0,1007.0,1005.1,4.45,4.51,36.1,41.1,0,1,14.400000000000002,3.0,0.05999999999999961,-1.8999999999999773,3.0,19.6,36.13,0.0,9.714,12.040000000000001,16.53,-17.8,-2.959999999999991,6.8,37.3,19.5,January,0.0
Adelaide,21.4,30.8,1.6,5.47,12.6,SE,54.0,17.0,15.0,68.0,41.0,1013.3,1012.2,4.45,4.51,23.5,29.8,1,0,9.400000000000002,-27.0,0.05999999999999961,-1.099999999999909,-2.0,21.220000000000002,38.06,0.0,10.314,11.87,16.84,-15.8,-2.719999999999993,6.7,33.4,17.6,January,0.0
Adelaide,16.7,28.8,0.0,5.47,13.1,SSW,33.0,11.0,17.0,49.0,28.0,1014.2,1011.7,4.45,4.51,19.9,27.7,0,0,12.100000000000001,-21.0,0.05999999999999961,-2.5,6.0,22.089999999999996,38.370000000000005,0.15999999999999992,10.241,11.77,16.28,-16.3,-2.409999999999991,5.5,34.9,18.6,January,1.5999999999999992
Adelaide,15.5,30.2,0.0,28.2,13.1,S,33.0,7.0,17.0,47.0,25.0,1013.1,1010.7,4.45,4.51,20.2,29.2,0,0,14.7,-22.0,0.05999999999999961,-2.3999999999999773,10.0,22.270000000000003,38.11,0.15999999999999992,10.088,11.739999999999998,15.840000000000003,-15.2,-2.4399999999999977,5.3,34.7,19.5,January,1.5999999999999992
Adelaide,14.4,26.8,0.0,8.0,13.1,SSE,44.0,17.0,19.0,52.0,28.0,1016.2,1014.7,4.45,4.51,18.7,26.2,0,0,12.4,-24.0,0.05999999999999961,-1.5,2.0,22.0,37.61,0.15999999999999992,12.107999999999999,11.75,15.610000000000003,-16.0,-2.569999999999993,4.8,35.1,19.1,January,1.5999999999999992
Adelaide,15.4,28.9,0.0,7.0,9.6,SE,30.0,13.0,4.0,54.0,31.0,1019.4,1018.5,4.45,4.51,18.6,27.2,0,0,13.499999999999998,-23.0,0.05999999999999961,-0.8999999999999773,-9.0,21.73,36.99,0.15999999999999992,12.360999999999999,11.72,15.260000000000002,-16.3,-2.509999999999991,3.9,36.4,20.1,January,1.5999999999999992
Adelaide,18.6,35.3,0.0,5.8,5.5,SSW,31.0,11.0,17.0,26.0,15.0,1016.0,1012.0,4.45,4.51,25.6,33.3,0,0,16.699999999999996,-11.0,0.05999999999999961,-4.0,6.0,21.610000000000003,36.33,0.15999999999999992,12.514,11.319999999999999,14.720000000000002,-16.2,-2.159999999999991,2.6,37.2,21.0,January,1.5999999999999992
Adelaide,20.1,27.3,0.2,6.8,9.1,WSW,44.0,9.0,15.0,76.0,46.0,1013.2,1013.1,4.45,4.51,20.5,25.9,0,0,7.199999999999999,-30.0,0.05999999999999961,-0.10000000000002274,6.0,21.259999999999998,35.65,0.15999999999999992,10.354000000000001,10.53,14.39,-14.0,-2.149999999999989,2.3,35.6,21.6,January,1.5999999999999992
Adelaide,15.0,27.1,0.0,5.47,7.61,SE,35.0,11.0,11.0,49.0,27.0,1021.6,1019.4,4.45,4.51,18.7,26.1,0,0,12.100000000000001,-22.0,0.05999999999999961,-2.2000000000000455,0.0,20.740000000000002,33.870000000000005,0.1799999999999999,10.014,10.7,13.13,-17.0,-2.009999999999991,2.2,42.1,25.1,January,1.7999999999999992
Adelaide,18.2,34.0,0.0,5.47,13.1,E,41.0,20.0,15.0,28.0,11.0,1019.4,1015.9,4.45,4.51,23.7,32.6,0,0,15.8,-17.0,0.05999999999999961,-3.5,-5.0,19.53,32.209999999999994,0.1799999999999999,9.581,10.801,12.680000000000001,-18.3,-2.0599999999999907,2.8,44.9,26.6,January,1.7999999999999992
Adelaide,17.6,39.1,0.0,5.47,13.1,SW,30.0,7.0,15.0,22.0,7.0,1015.1,1012.4,4.45,4.51,28.8,37.2,0,0,21.5,-15.0,0.05999999999999961,-2.7000000000000455,8.0,18.36,31.189999999999998,0.1799999999999999,8.988,10.781,12.830000000000002,-19.4,-2.009999999999991,1.7,46.1,26.7,January,1.7999999999999992
Adelaide,20.3,43.0,0.0,32.2,12.6,NNW,54.0,19.0,22.0,15.0,15.0,1009.5,1008.6,4.45,4.51,33.7,38.1,0,0,22.7,0.0,0.05999999999999961,-0.8999999999999773,3.0,17.29,30.830000000000002,0.1799999999999999,8.315,10.991000000000001,13.540000000000001,-21.2,-2.0899999999999976,2.2,47.1,25.9,January,1.7999999999999992
Adelaide,18.8,31.3,0.0,12.2,12.5,SSE,35.0,13.0,15.0,53.0,29.0,1016.2,1013.7,4.45,4.51,21.8,30.0,0,0,12.5,-24.0,0.05999999999999961,-2.5,2.0,17.18,32.05,0.019999999999999914,10.988,10.991,14.87,-18.5,-2.0700000000000047,2.7,41.8,23.3,January,0.19999999999999912
Adelaide,21.7,36.7,0.0,8.0,10.7,SW,35.0,2.0,13.0,33.0,23.0,1013.5,1011.6,4.45,4.51,27.1,35.7,0,0,15.000000000000004,-10.0,0.05999999999999961,-1.8999999999999773,11.0,17.39,32.3,0.019999999999999914,11.661,10.931000000000001,14.91,-18.8,-2.0700000000000047,2.3,42.2,23.4,January,0.19999999999999912
Adelaide,20.9,37.6,0.0,7.0,12.8,WSW,30.0,4.0,15.0,49.0,28.0,1012.4,1010.4,4.45,4.51,25.7,36.2,0,0,16.700000000000003,-21.0,0.05999999999999961,-2.0,11.0,18.009999999999998,32.95,0.019999999999999914,9.641,10.690999999999999,14.940000000000001,-17.6,-2.0200000000000045,2.4,40.8,23.2,January,0.19999999999999912
Adelaide,22.7,43.4,0.0,5.47,7.61,ESE,43.0,9.0,17.0,35.0,12.0,1009.6,1006.6,4.45,4.51,28.8,41.6,0,0,20.7,-23.0,0.05999999999999961,-3.0,8.0,18.66,34.03,0.019999999999999914,9.541,10.661,15.370000000000001,-17.3,-2.0700000000000047,3.3,40.5,23.2,February,0.19999999999999912
Adelaide,28.7,44.7,0.0,5.47,11.3,ESE,46.0,11.0,19.0,16.0,8.0,1006.9,1004.8,4.45,4.51,36.5,43.9,0,0,16.000000000000004,-8.0,0.05999999999999961,-2.1000000000000227,8.0,19.389999999999997,35.480000000000004,0.019999999999999914,9.388,10.462,16.09,-17.3,-2.280000000000007,5.0,38.6,21.3,February,0.19999999999999912
Adelaide,23.6,28.3,0.0,34.0,9.0,SE,59.0,22.0,31.0,57.0,54.0,1010.0,1014.2,4.45,4.51,23.8,23.5,0,0,4.699999999999999,-3.0,0.05999999999999961,4.2000000000000455,9.0,20.4,36.42,0.019999999999999914,9.355,11.042,16.020000000000003,-17.0,-2.090000000000009,5.2,37.6,20.6,February,0.19999999999999912
Adelaide,14.9,28.3,0.0,8.8,12.7,SSW,70.0,11.0,17.0,39.0,18.0,1019.3,1016.9,4.45,4.51,17.8,27.4,0,0,13.4,-21.0,0.05999999999999961,-2.3999999999999773,6.0,20.75,36.519999999999996,0.0,12.075,11.032,15.77,-14.3,-1.6600000000000024,5.5,35.7,21.4,February,0.0
Adelaide,17.8,34.3,0.0,8.2,12.8,SE,48.0,11.0,15.0,37.0,17.0,1015.2,1012.5,4.45,4.51,24.3,33.6,0,0,16.499999999999996,-20.0,0.05999999999999961,-2.7000000000000455,4.0,20.740000000000002,36.64,0.0,12.408,11.541,15.9,-14.2,-1.6799999999999955,6.1,34.7,20.5,February,0.0
Adelaide,16.1,33.5,0.0,8.0,12.7,SW,28.0,2.0,19.0,34.0,27.0,1012.6,1010.9,4.45,4.51,24.2,31.6,0,0,17.4,-7.0,0.05999999999999961,-1.7000000000000455,17.0,20.7,36.67,0.0,12.681000000000001,11.511,15.969999999999999,-14.5,-1.6,7.0,35.6,21.1,February,0.0
Adelaide,17.9,36.7,0.0,7.4,12.7,WSW,26.0,7.0,13.0,27.0,15.0,1011.5,1009.9,4.45,4.51,24.6,36.2,0,0,18.800000000000004,-12.0,0.05999999999999961,-1.6000000000000227,6.0,20.55,36.11,0.0,12.934000000000001,11.471,15.559999999999999,-13.7,-1.5,7.9,36.8,23.1,February,0.0
Adelaide,22.8,42.7,0.0,5.47,8.3,NW,61.0,20.0,26.0,13.0,10.0,1007.7,1005.7,4.45,4.51,35.4,40.9,0,0,19.900000000000002,-3.0,0.05999999999999961,-2.0,6.0,20.310000000000002,35.480000000000004,0.0,10.454,11.481,15.170000000000002,-14.9,-1.5700000000000045,8.2,38.0,23.1,February,0.0
Adelaide,20.3,28.4,0.0,5.47,12.7,SW,48.0,26.0,26.0,63.0,38.0,1015.5,1016.3,4.45,4.51,20.4,25.7,0,0,8.099999999999998,-25.0,0.05999999999999961,0.7999999999999545,0.0,20.71,36.62,0.0,9.781,11.061,15.910000000000002,-12.8,-1.5200000000000045,8.6,34.0,21.2,February,0.0
Adelaide,14.6,33.8,0.0,27.2,12.9,SE,31.0,11.0,11.0,41.0,21.0,1018.4,1014.5,4.45,4.51,19.7,31.5,0,0,19.199999999999996,-20.0,0.05999999999999961,-3.8999999999999773,0.0,20.57,35.79,0.0,9.528,11.261,15.220000000000002,-14.3,-1.2500000000000113,7.5,37.0,22.7,February,0.0
Adelaide,19.5,42.5,0.0,8.2,12.2,SE,41.0,4.0,9.0,21.0,9.0,1012.3,1009.8,4.45,4.51,29.0,41.3,0,0,23.0,-12.0,0.05999999999999961,-2.5,5.0,19.94,35.41,0.0,11.547999999999998,11.270999999999999,15.469999999999999,-14.2,-1.440000000000009,6.4,36.2,22.0,February,0.0
Adelaide,29.0,41.7,0.0,13.2,4.6,ESE,52.0,13.0,11.0,6.0,10.0,1009.8,1008.0,4.45,4.51,35.5,41.1,0,0,12.700000000000003,4.0,0.05999999999999961,-1.7999999999999545,-2.0,19.62,35.32,0.0,11.821,11.73,15.7,-13.1,-1.390000000000009,6.1,34.8,21.7,February,0.0
Adelaide,24.7,26.6,0.8,9.6,0.0,E,37.0,13.0,7.0,54.0,95.0,1009.1,1009.7,4.45,4.51,25.3,21.6,0,1,1.9000000000000021,41.0,0.05999999999999961,0.6000000000000227,-6.0,19.65,35.02,0.0,12.594,11.059999999999999,15.37,-11.9,-1.3600000000000023,5.1,33.8,21.9,February,0.0
Adelaide,20.6,24.5,75.2,5.47,0.0,NE,26.0,11.0,7.0,93.0,86.0,1003.2,998.8,4.45,4.51,22.0,23.2,1,1,3.8999999999999986,-7.0,0.05999999999999961,-4.400000000000091,-4.0,19.759999999999998,34.85,0.07999999999999992,10.154,10.16,15.09,-7.5,-1.7200000000000046,3.6,33.5,26.0,February,0.7999999999999992
Adelaide,21.3,26.9,17.0,5.47,4.0,SW,39.0,11.0,19.0,81.0,63.0,998.9,1000.8,4.45,4.51,23.4,25.1,1,0,5.599999999999998,-18.0,0.05999999999999961,1.8999999999999773,8.0,20.330000000000002,34.47,7.6,9.821,8.89,14.14,-6.1,-1.920000000000016,2.6,38.9,32.8,February,76.0
Adelaide,17.0,25.1,0.0,5.47,10.4,WSW,46.0,13.0,22.0,65.0,42.0,1013.2,1012.3,4.45,4.51,18.8,23.7,0,0,8.100000000000001,-23.0,0.05999999999999961,-0.900000000000091,9.0,20.68,33.73,9.3,9.547999999999998,8.01,13.05,-5.9,-1.4600000000000137,3.0,43.3,37.4,February,93.0
Adelaide,12.7,26.8,0.0,10.8,12.7,NW,26.0,6.0,11.0,66.0,31.0,1014.3,1011.6,4.45,4.51,17.2,26.1,0,0,14.100000000000001,-35.0,0.05999999999999961,-2.699999999999932,5.0,20.77,32.89,9.3,9.295,7.779999999999999,12.120000000000001,-7.5,-1.380000000000018,2.2,46.4,38.9,February,93.0
Adelaide,17.0,24.9,0.0,5.0,10.7,WSW,33.0,15.0,15.0,62.0,43.0,1011.4,1009.3,4.45,4.51,19.7,23.2,0,1,7.899999999999999,-19.0,0.05999999999999961,-2.1000000000000227,0.0,20.250000000000004,31.9,9.3,9.635,7.779999999999999,11.65,-9.8,-1.490000000000009,2.1,50.3,40.5,February,93.0
Adelaide,14.7,21.2,3.4,5.0,10.3,SSW,57.0,17.0,31.0,70.0,48.0,1007.7,1008.3,4.45,4.51,17.0,20.2,1,1,6.5,-22.0,0.05999999999999961,0.599999999999909,14.0,19.67,30.119999999999997,9.3,9.588,8.02,10.45,-11.4,-1.5000000000000113,1.5,55.2,43.8,February,93.0
Adelaide,10.7,21.1,1.6,5.6,10.1,W,46.0,11.0,22.0,56.0,40.0,1017.4,1018.7,4.45,4.51,16.6,19.2,1,0,10.400000000000002,-16.0,0.05999999999999961,1.3000000000000682,11.0,19.11,29.4,9.64,9.541,7.779999999999999,10.290000000000001,-11.1,-1.520000000000016,2.9,55.9,44.8,February,96.4
Adelaide,13.2,21.5,0.2,4.2,3.3,SSE,35.0,15.0,20.0,48.0,35.0,1025.1,1024.6,4.45,4.51,16.5,19.7,0,0,8.3,-13.0,0.05999999999999961,-0.5,5.0,18.72,28.130000000000003,9.8,7.381,7.5,9.41,-10.7,-1.0000000000000113,4.0,57.4,46.7,February,98.0
Adelaide,13.5,23.0,0.0,5.47,9.6,SSE,39.0,9.0,19.0,63.0,41.0,1026.6,1023.9,4.45,4.51,15.7,22.4,0,0,9.5,-22.0,0.05999999999999961,-2.699999999999932,10.0,18.09,26.03,9.82,6.981,6.609999999999999,7.94,-10.8,-0.8000000000000114,4.0,60.1,49.3,February,98.2
Adelaide,13.6,26.7,0.0,5.47,12.4,ENE,33.0,0.0,17.0,63.0,44.0,1022.3,1019.2,4.45,4.51,18.1,25.6,0,0,13.1,-19.0,0.05999999999999961,-3.099999999999909,17.0,16.54,24.16,9.82,6.208,7.109999999999999,7.62,-13.4,-0.8900000000000091,5.2,65.8,52.4,February,98.2
Adelaide,13.1,30.1,0.0,13.8,12.4,W,28.0,2.0,17.0,54.0,26.0,1018.4,1015.3,4.45,4.51,19.6,29.7,0,0,17.0,-28.0,0.05999999999999961,-3.1000000000000227,15.0,15.430000000000001,24.17,9.74,5.795,8.35,8.739999999999998,-19.4,-1.2600000000000022,7.5,66.7,47.3,February,97.4
Adelaide,15.2,24.0,0.0,5.4,12.1,W,37.0,9.0,20.0,70.0,54.0,1012.8,1012.0,4.45,4.51,19.8,21.9,0,0,8.8,-16.0,0.05999999999999961,-0.7999999999999545,11.0,14.679999999999998,24.73,2.2199999999999998,6.628,9.59,10.05,-21.5,-1.1299999999999955,9.4,62.8,41.3,February,22.2
Adelaide,15.4,23.8,0.0,5.4,7.6,SSE,41.0,7.0,15.0,71.0,42.0,1015.5,1016.0,4.45,4.51,18.4,21.7,0,0,8.4,-29.0,0.05999999999999961,0.5,8.0,14.069999999999999,24.44,0.52,6.6209999999999996,10.4,10.370000000000001,-21.3,-1.3999999999999886,9.7,61.7,40.4,February,5.2
Adelaide,13.5,24.2,0.0,4.8,12.2,SSE,50.0,9.0,11.0,50.0,35.0,1023.1,1020.7,4.45,4.51,17.0,23.0,0,0,10.7,-15.0,0.05999999999999961,-2.3999999999999773,2.0,13.91,24.310000000000002,0.52,6.614,10.12,10.4,-21.9,-1.2599999999999796,9.6,62.3,40.4,February,5.2
Adelaide,14.6,25.5,0.0,5.8,12.2,SE,48.0,9.0,13.0,48.0,29.0,1022.5,1020.8,4.45,4.51,18.2,25.1,0,0,10.9,-19.0,0.05999999999999961,-1.7000000000000455,4.0,13.99,24.05,0.52,6.014,10.07,10.06,-19.9,-1.229999999999984,9.3,60.7,40.8,February,5.2
Adelaide,12.6,26.7,0.0,5.47,12.0,SE,41.0,6.0,9.0,63.0,32.0,1022.0,1019.7,4.45,4.51,17.7,25.7,0,0,14.1,-31.0,0.05999999999999961,-2.2999999999999545,3.0,13.75,24.11,0.52,6.094,10.22,10.360000000000001,-19.9,-1.1899999999999864,9.7,59.3,39.4,March,5.2
Adelaide,15.4,30.4,0.0,5.47,12.0,SE,30.0,4.0,15.0,64.0,34.0,1021.3,1019.5,4.45,4.51,19.8,29.9,0,0,14.999999999999998,-30.0,0.05999999999999961,-1.7999999999999545,11.0,13.540000000000001,24.66,0.18,6.141,10.39,11.120000000000001,-20.8,-1.4799999999999727,8.6,58.6,37.8,March,1.8
Adelaide,16.1,32.1,0.0,17.2,11.8,W,26.0,4.0,17.0,52.0,23.0,1021.9,1019.2,4.45,4.51,22.5,31.4,0,0,16.0,-29.0,0.05999999999999961,-2.699999999999932,13.0,14.01,25.59,0.02,6.128,10.58,11.58,-22.2,-1.789999999999975,8.6,59.4,37.2,March,0.2
Adelaide,19.7,35.4,0.0,6.6,11.8,SW,33.0,0.0,15.0,41.0,17.0,1018.7,1016.2,4.45,4.51,24.9,35.0,0,0,15.7,-24.0,0.05999999999999961,-2.5,15.0,14.3,26.65,0.0,7.428,11.43,12.35,-23.8,-2.0099999999999683,9.4,59.8,36.0,March,0.0
Adelaide,16.7,24.8,0.0,6.6,11.7,S,37.0,15.0,24.0,61.0,48.0,1019.3,1018.9,4.45,4.51,20.8,23.7,0,0,8.100000000000001,-13.0,0.05999999999999961,-0.39999999999997726,9.0,14.920000000000002,27.889999999999997,0.0,7.5409999999999995,11.65,12.969999999999999,-24.0,-1.989999999999975,9.9,57.6,33.6,March,0.0
Adelaide,13.5,23.9,0.0,6.6,11.6,SSE,48.0,9.0,11.0,48.0,35.0,1021.3,1019.3,4.45,4.51,16.5,22.8,0,0,10.399999999999999,-13.0,0.05999999999999961,-2.0,2.0,15.23,27.7,0.0,7.653999999999999,11.58,12.47,-23.4,-1.7199999999999818,9.1,57.4,34.0,March,0.0
Adelaide,13.3,24.3,0.0,5.8,11.6,SSE,39.0,7.0,13.0,49.0,34.0,1024.3,1021.8,4.45,4.51,16.5,23.2,0,0,11.0,-15.0,0.05999999999999961,-2.5,6.0,15.27,27.080000000000002,0.0,6.934,11.5,11.809999999999999,-21.9,-1.6099999999999794,7.8,56.8,34.9,March,0.0
Adelaide,15.5,31.4,2.36,5.47,11.5,ESE,41.0,4.0,11.0,56.0,28.0,1020.3,1016.1,4.45,4.51,20.9,30.5,0,0,15.899999999999999,-28.0,0.05999999999999961,-4.199999999999932,7.0,15.080000000000002,27.110000000000003,0.0,6.973999999999999,11.45,12.03,-21.8,-1.779999999999984,7.3,54.7,32.9,March,0.0
Adelaide,19.4,36.4,2.36,5.47,11.0,WNW,35.0,7.0,24.0,34.0,15.0,1015.0,1012.9,4.45,4.51,27.2,35.3,0,0,17.0,-19.0,0.05999999999999961,-2.1000000000000227,17.0,15.09,27.869999999999997,0.236,6.981,11.84,12.78,-21.7,-2.2499999999999774,7.2,53.2,31.5,March,2.36
Adelaide,20.3,35.2,2.36,5.47,1.4,NNW,28.0,6.0,13.0,47.0,22.0,1017.3,1016.0,4.45,4.51,25.6,34.2,0,0,14.900000000000002,-25.0,0.05999999999999961,-1.2999999999999545,7.0,15.679999999999998,29.089999999999996,0.472,7.047999999999999,11.72,13.41,-22.1,-2.219999999999982,8.7,51.6,29.5,March,4.72
Adelaide,22.3,32.2,0.4,20.6,3.2,W,65.0,9.0,9.0,53.0,78.0,1017.0,1017.2,4.45,4.51,25.6,22.8,0,1,9.900000000000002,25.0,0.05999999999999961,0.20000000000004547,0.0,16.25,30.060000000000002,0.708,7.014999999999999,10.639999999999999,13.809999999999999,-22.7,-2.1799999999999726,9.0,51.5,28.8,March,7.08
Adelaide,15.1,24.1,2.2,2.8,10.7,W,39.0,13.0,19.0,59.0,42.0,1022.9,1021.3,4.45,4.51,18.6,23.4,1,0,9.000000000000002,-17.0,0.05999999999999961,-1.6000000000000227,6.0,17.220000000000002,30.610000000000003,0.748,8.528,9.76,13.39,-17.1,-1.9299999999999726,8.7,50.5,33.4,March,7.4799999999999995
Adelaide,12.2,25.6,0.0,5.0,9.8,WSW,26.0,0.0,13.0,59.0,41.0,1020.8,1017.1,4.45,4.51,17.8,23.8,0,0,13.400000000000002,-18.0,0.05999999999999961,-3.699999999999932,13.0,17.19,29.98,0.968,8.261,9.629999999999999,12.790000000000001,-15.8,-1.9099999999999795,8.2,50.0,34.2,March,9.68
Adelaide,12.1,28.1,0.0,3.6,4.1,NNW,24.0,6.0,15.0,66.0,30.0,1014.1,1010.9,4.45,4.51,16.2,26.4,0,0,16.0,-36.0,0.05999999999999961,-3.2000000000000455,9.0,16.8,29.330000000000002,0.968,7.0409999999999995,9.43,12.530000000000001,-14.7,-2.0099999999999794,8.2,50.7,36.0,March,9.68
Adelaide,16.2,23.6,0.4,5.47,4.1,W,61.0,20.0,30.0,78.0,59.0,1006.1,1006.7,4.45,4.51,20.2,19.5,0,1,7.400000000000002,-19.0,0.05999999999999961,0.6000000000000227,10.0,16.04,28.6,0.968,6.741,8.66,12.56,-15.9,-2.079999999999984,7.6,53.2,37.3,March,9.68
Adelaide,13.5,21.8,5.4,5.47,6.4,WNW,46.0,19.0,19.0,73.0,48.0,1011.2,1011.4,4.45,4.51,15.5,21.2,1,1,8.3,-25.0,0.05999999999999961,0.1999999999999318,0.0,15.99,28.48,1.008,6.628,7.9,12.49,-16.5,-1.979999999999984,7.7,54.9,38.4,March,10.08
Adelaide,15.5,24.0,7.4,9.0,3.9,WNW,46.0,11.0,20.0,85.0,75.0,1015.6,1016.3,4.45,4.51,18.6,21.9,1,1,8.5,-10.0,0.05999999999999961,0.6999999999999318,9.0,15.99,28.27,1.548,6.514999999999999,7.380000000000001,12.280000000000001,-17.7,-1.759999999999991,7.5,57.4,39.7,March,15.48
Adelaide,17.1,24.9,1.4,2.2,7.6,WSW,31.0,6.0,15.0,85.0,50.0,1021.8,1021.8,4.45,4.51,18.2,24.5,1,0,7.799999999999997,-35.0,0.05999999999999961,0.0,9.0,16.21,28.24,2.2880000000000003,6.834999999999999,6.609999999999999,12.030000000000001,-17.2,-1.4399999999999977,7.8,61.0,43.8,March,22.880000000000003
Adelaide,13.3,25.4,0.0,3.6,11.0,WSW,26.0,7.0,13.0,67.0,45.0,1026.9,1024.3,4.45,4.51,17.7,24.5,0,0,12.099999999999998,-22.0,0.05999999999999961,-2.6000000000001364,6.0,16.369999999999997,27.589999999999996,2.192,6.508,6.22,11.220000000000002,-17.9,-1.0200000000000045,8.0,63.9,46.0,March,21.92
Adelaide,14.2,32.6,0.0,4.0,10.9,W,30.0,7.0,19.0,52.0,24.0,1021.4,1017.8,4.45,4.51,19.8,31.9,0,0,18.400000000000002,-28.0,0.05999999999999961,-3.6000000000000227,12.0,15.760000000000002,26.490000000000002,1.9560000000000002,6.321,6.220000000000001,10.73,-18.2,-1.0700000000000158,6.9,67.2,49.0,March,19.560000000000002
Adelaide,17.9,21.6,0.0,4.8,8.5,SSE,48.0,24.0,24.0,71.0,44.0,1020.0,1021.7,4.45,4.51,18.0,20.4,0,0,3.700000000000003,-27.0,0.05999999999999961,1.7000000000000455,0.0,15.15,26.23,1.7200000000000002,6.1739999999999995,7.17,11.080000000000002,-18.5,-1.3000000000000227,7.4,67.7,49.2,March,17.200000000000003
Adelaide,11.2,22.6,2.36,5.47,10.7,SE,31.0,2.0,7.0,53.0,34.0,1023.8,1020.3,4.45,4.51,13.6,21.1,0,0,11.400000000000002,-19.0,0.05999999999999961,-3.5,5.0,14.709999999999999,25.17,1.6800000000000002,4.594,7.7,10.459999999999999,-23.7,-1.1500000000000228,7.4,69.5,45.8,March,16.8
Adelaide,13.3,20.4,2.36,5.47,2.8,SSW,37.0,9.0,17.0,61.0,51.0,1022.5,1022.3,4.45,4.51,14.8,18.0,0,1,7.099999999999998,-10.0,0.05999999999999961,-0.20000000000004547,8.0,14.319999999999999,25.02,1.6960000000000002,4.861,7.7,10.7,-23.9,-1.3400000000000205,7.3,68.9,45.0,March,16.96
Adelaide,10.5,22.2,1.2,12.8,6.1,SSE,37.0,6.0,15.0,91.0,39.0,1023.3,1021.0,4.45,4.51,13.4,21.6,1,0,11.7,-52.0,0.05999999999999961,-2.2999999999999545,9.0,14.430000000000001,24.5,1.932,4.9079999999999995,7.0,10.069999999999999,-23.1,-0.9900000000000319,6.8,69.1,46.0,March,19.32
Adelaide,13.2,20.2,0.0,2.8,2.3,SSE,31.0,9.0,15.0,64.0,51.0,1023.9,1021.3,4.45,4.51,15.3,19.0,0,0,7.0,-13.0,0.05999999999999961,-2.6000000000000227,6.0,14.270000000000001,23.910000000000004,2.052,5.828,7.2,9.639999999999999,-24.7,-0.9000000000000228,6.8,71.6,46.9,March,20.52
Adelaide,13.5,28.3,0.6,1.6,8.5,ENE,31.0,7.0,13.0,71.0,54.0,1021.1,1017.7,4.45,4.51,18.1,25.3,0,0,14.8,-17.0,0.05999999999999961,-3.3999999999999773,6.0,13.969999999999999,23.57,2.012,5.561,7.0200000000000005,9.6,-24.1,-1.2200000000000273,6.4,70.2,46.1,March,20.12
Adelaide,15.8,29.2,0.0,3.4,9.7,WSW,28.0,6.0,13.0,65.0,39.0,1017.3,1013.9,4.45,4.51,19.9,27.7,0,0,13.399999999999999,-26.0,0.05999999999999961,-3.3999999999999773,7.0,13.969999999999999,24.220000000000002,1.532,5.174,7.2299999999999995,10.25,-23.3,-1.5800000000000183,7.0,70.0,46.7,March,15.32
Adelaide,15.9,27.5,0.0,3.8,8.6,W,24.0,0.0,13.0,77.0,55.0,1017.2,1015.6,4.45,4.51,18.6,25.1,0,0,11.6,-22.0,0.05999999999999961,-1.6000000000000227,13.0,14.0,24.740000000000002,0.792,4.614,7.81,10.739999999999998,-24.9,-1.990000000000009,6.8,68.0,43.1,March,7.92
Adelaide,17.0,27.6,0.0,5.47,10.2,WSW,30.0,0.0,15.0,76.0,46.0,1017.2,1015.5,4.45,4.51,19.0,27.2,0,0,10.600000000000001,-30.0,0.05999999999999961,-1.7000000000000455,15.0,13.88,25.0,0.6519999999999999,4.773999999999999,7.909999999999999,11.12,-23.6,-2.1500000000000115,7.2,67.2,43.6,March,6.52
Adelaide,12.8,32.7,0.0,5.47,10.9,W,24.0,0.0,15.0,75.0,22.0,1018.6,1016.3,4.45,4.51,16.2,32.0,0,0,19.900000000000002,-53.0,0.05999999999999961,-2.300000000000068,15.0,14.25,25.22,0.6519999999999999,4.961,7.83,10.97,-24.4,-2.0600000000000023,8.1,68.1,43.7,March,6.52
Adelaide,16.2,32.5,0.0,12.4,1.0,NE,24.0,7.0,7.0,43.0,31.0,1017.3,1015.1,4.45,4.51,25.7,30.3,0,0,16.3,-12.0,0.05999999999999961,-2.199999999999932,0.0,14.110000000000003,25.23,0.6519999999999999,5.108,7.83,11.120000000000001,-26.9,-1.9300000000000068,8.4,70.4,43.5,March,6.52
Adelaide,19.9,36.8,0.0,2.8,8.4,WNW,43.0,13.0,22.0,27.0,17.0,1013.2,1008.6,4.45,4.51,27.5,36.1,0,0,16.9,-10.0,0.05999999999999961,-4.600000000000023,9.0,13.940000000000001,26.32,0.6519999999999999,5.868,7.08,12.379999999999999,-25.4,-2.3200000000000047,8.4,67.6,42.2,April,6.52
Adelaide,18.0,23.4,0.8,6.8,4.7,SW,37.0,17.0,19.0,69.0,52.0,1016.6,1015.7,4.45,4.51,18.1,22.0,0,0,5.399999999999999,-17.0,0.05999999999999961,-0.8999999999999773,2.0,14.809999999999999,27.74,0.41600000000000004,5.601,6.85,12.930000000000001,-24.5,-2.430000000000007,8.8,65.0,40.5,April,4.16
Adelaide,15.4,21.4,0.0,4.0,4.5,SSE,37.0,11.0,22.0,55.0,51.0,1022.3,1020.9,4.45,4.51,16.7,20.1,0,0,5.999999999999998,-4.0,0.05999999999999961,-1.3999999999999773,11.0,15.280000000000001,28.04,0.26,5.734,7.040000000000001,12.760000000000002,-25.2,-2.5,8.2,65.8,40.6,April,2.6
Adelaide,12.3,21.3,0.0,2.6,10.9,SW,33.0,11.0,15.0,64.0,34.0,1023.3,1021.1,4.45,4.51,15.0,20.8,0,0,9.0,-30.0,0.05999999999999961,-2.199999999999932,4.0,15.770000000000001,27.96,0.13999999999999999,4.854000000000001,6.880000000000001,12.190000000000001,-20.4,-2.4100000000000024,8.4,62.2,41.8,April,1.4
Adelaide,10.3,22.1,0.0,5.47,7.61,SE,35.0,9.0,7.0,66.0,37.0,1024.6,1022.1,4.45,4.51,13.3,20.5,0,0,11.8,-29.0,0.05999999999999961,-2.4999999999998863,-2.0,15.679999999999998,28.07,0.13999999999999999,4.834,7.739999999999999,12.39,-22.1,-2.369999999999993,8.2,62.2,40.1,April,1.4
Adelaide,10.1,25.0,0.0,5.47,10.1,NE,28.0,6.0,15.0,59.0,32.0,1023.7,1019.2,4.45,4.51,16.8,24.2,0,0,14.9,-27.0,0.05999999999999961,-4.5,9.0,15.36,27.45,0.08,5.220999999999999,7.650999999999999,12.09,-23.3,-2.2799999999999843,7.4,61.7,38.4,April,0.8
Adelaide,16.8,26.2,0.0,11.8,0.9,NE,35.0,19.0,9.0,31.0,36.0,1017.5,1014.7,4.45,4.51,22.6,24.8,0,0,9.399999999999999,5.0,0.05999999999999961,-2.7999999999999545,-10.0,14.790000000000001,27.03,0.08,5.428,7.691000000000001,12.24,-23.4,-2.3899999999999864,7.6,61.1,37.7,April,0.8
Adelaide,19.5,23.9,1.0,3.2,0.0,NNE,24.0,9.0,7.0,78.0,85.0,1016.4,1014.8,4.45,4.51,21.2,22.3,0,1,4.399999999999999,7.0,0.05999999999999961,-1.6000000000000227,-2.0,14.88,26.9,0.08,6.228,6.920999999999999,12.02,-20.7,-2.5099999999999794,5.3,56.5,35.8,April,0.8
Adelaide,18.5,22.1,15.0,0.2,0.0,ENE,22.0,2.0,13.0,91.0,72.0,1016.0,1012.8,4.45,4.51,19.3,21.7,1,1,3.6000000000000014,-19.0,0.05999999999999961,-3.2000000000000455,11.0,15.13,26.53,0.18,6.001,5.901000000000001,11.4,-17.0,-2.4999999999999774,3.6,56.7,39.7,April,1.8
Adelaide,18.5,23.4,3.4,1.4,2.7,SE,39.0,9.0,17.0,84.0,65.0,1011.3,1010.5,4.45,4.51,21.2,22.0,1,0,4.899999999999999,-19.0,0.05999999999999961,-0.7999999999999545,8.0,15.7,25.47,1.6800000000000002,5.474,4.811000000000001,9.77,-13.6,-2.589999999999975,3.2,58.3,44.7,April,16.8
Adelaide,15.4,19.0,0.2,3.0,1.7,S,41.0,15.0,17.0,72.0,65.0,1018.8,1017.6,4.45,4.51,16.7,18.0,0,0,3.5999999999999996,-7.0,0.05999999999999961,-1.1999999999999318,2.0,15.930000000000001,24.56,2.02,4.374,4.981,8.629999999999999,-14.3,-2.449999999999977,4.0,62.4,48.1,April,20.2
Adelaide,14.4,21.1,0.0,5.47,8.1,SSE,28.0,15.0,11.0,58.0,45.0,1022.0,1018.6,4.45,4.51,15.5,20.8,0,0,6.700000000000001,-13.0,0.05999999999999961,-3.3999999999999773,-4.0,15.479999999999999,22.78,2.04,4.394,4.311,7.3,-14.0,-2.1099999999999683,3.3,66.9,52.9,April,20.400000000000002
Adelaide,9.4,21.5,0.0,5.47,9.6,SSE,33.0,7.0,17.0,71.0,48.0,1021.8,1020.3,4.45,4.51,16.1,20.7,0,0,12.1,-23.0,0.05999999999999961,-1.5,10.0,15.12,22.55,1.9600000000000002,4.261,4.651000000000001,7.43,-13.6,-2.3599999999999683,2.7,65.8,52.2,April,19.6
Adelaide,12.6,21.9,0.0,7.8,10.4,SE,44.0,13.0,15.0,49.0,35.0,1023.2,1021.3,4.45,4.51,18.4,21.7,0,0,9.299999999999999,-14.0,0.05999999999999961,-1.900000000000091,2.0,14.52,22.56,1.9600000000000002,4.408,5.161,8.04,-15.5,-2.3699999999999704,2.6,67.4,51.9,April,19.6
Adelaide,12.2,22.5,0.0,4.4,10.8,SSE,28.0,11.0,11.0,50.0,40.0,1024.1,1021.1,4.45,4.51,18.3,21.7,0,0,10.3,-10.0,0.05999999999999961,-2.9999999999998863,0.0,14.55,22.62,1.9600000000000002,4.928,5.111,8.069999999999999,-13.9,-2.3399999999999865,2.4,65.9,52.0,April,19.6
Adelaide,10.0,23.8,0.0,3.2,10.2,WNW,26.0,7.0,15.0,60.0,31.0,1020.9,1019.1,4.45,4.51,17.2,23.3,0,0,13.8,-29.0,0.05999999999999961,-1.7999999999999545,8.0,14.74,22.66,1.9600000000000002,4.821,5.43,7.919999999999999,-12.0,-2.3899999999999864,2.6,64.3,52.3,April,19.6
Adelaide,10.9,24.2,0.0,2.4,8.4,W,22.0,9.0,13.0,75.0,42.0,1021.8,1019.6,4.45,4.51,17.6,23.6,0,1,13.299999999999999,-33.0,0.05999999999999961,-2.199999999999932,4.0,14.73,22.54,1.9600000000000002,4.593999999999999,5.44,7.81,-12.2,-2.119999999999982,2.5,64.4,52.2,April,19.6
Adelaide,15.1,20.5,1.8,5.47,8.9,SW,39.0,11.0,17.0,87.0,34.0,1021.8,1021.4,4.45,4.51,16.7,20.4,1,0,5.4,-53.0,0.05999999999999961,-0.39999999999997726,6.0,14.139999999999997,22.34,1.9600000000000002,3.654,6.1899999999999995,8.2,-16.0,-2.0599999999999796,3.9,68.8,52.8,April,19.6
Adelaide,9.0,19.6,0.0,5.47,5.3,W,26.0,7.0,17.0,66.0,43.0,1023.5,1019.1,4.45,4.51,13.8,19.0,0,0,10.600000000000001,-23.0,0.05999999999999961,-4.399999999999977,10.0,13.7,22.0,2.04,3.8809999999999993,7.08,8.3,-22.0,-1.939999999999975,4.7,69.7,47.7,April,20.4
Adelaide,9.2,22.5,0.0,5.47,9.6,W,20.0,6.0,11.0,50.0,41.0,1019.7,1017.5,4.45,4.51,16.6,21.3,0,0,13.3,-9.0,0.05999999999999961,-2.2000000000000455,5.0,12.75,21.75,0.54,4.4079999999999995,7.609999999999999,9.0,-22.4,-2.059999999999968,4.6,67.2,44.8,April,5.4
Adelaide,15.0,28.5,0.0,5.47,4.4,NNW,48.0,17.0,26.0,35.0,27.0,1014.4,1011.1,4.45,4.51,22.4,27.4,0,0,13.5,-8.0,0.05999999999999961,-3.2999999999999545,9.0,11.82,21.66,0.2,4.815,8.3,9.84,-21.4,-2.199999999999977,4.3,63.8,42.4,April,2.0
Adelaide,16.7,21.4,0.0,15.2,8.5,SW,35.0,13.0,22.0,66.0,50.0,1017.2,1017.0,4.45,4.51,18.6,19.8,0,0,4.699999999999999,-16.0,0.05999999999999961,-0.20000000000004547,9.0,11.78,22.61,0.18,5.062,8.57,10.83,-21.5,-2.4099999999999797,5.0,60.1,38.6,April,1.8
Adelaide,8.1,20.9,0.0,3.6,9.2,WNW,22.0,0.0,9.0,63.0,34.0,1018.8,1014.9,4.45,4.51,14.6,20.1,0,1,12.799999999999999,-29.0,0.05999999999999961,-3.8999999999999773,9.0,12.010000000000002,22.64,0.18,6.035,8.61,10.629999999999999,-21.8,-2.0899999999999865,6.3,60.9,39.1,April,1.8
Adelaide,12.9,21.7,1.2,2.0,9.5,WSW,28.0,17.0,15.0,71.0,41.0,1018.7,1017.5,4.45,4.51,17.2,21.0,1,0,8.799999999999999,-30.0,0.05999999999999961,-1.2000000000000455,-2.0,11.879999999999999,22.580000000000002,0.18,5.848,8.57,10.7,-22.4,-2.329999999999984,6.2,60.1,37.7,April,1.8
Adelaide,9.0,23.3,0.0,5.47,4.9,NNW,39.0,13.0,11.0,43.0,43.0,1017.4,1011.9,4.45,4.51,17.9,22.2,0,1,14.3,0.0,0.05999999999999961,-5.5,-2.0,11.91,22.56,0.3,5.268,8.48,10.65,-24.0,-2.2599999999999794,5.8,62.3,38.3,April,3.0
Adelaide,11.8,21.3,1.2,5.47,9.1,S,35.0,13.0,17.0,75.0,60.0,1016.1,1017.1,4.45,4.51,18.2,19.3,1,0,9.5,-15.0,0.05999999999999961,1.0,4.0,11.59,22.639999999999997,0.3,5.375,7.890000000000001,11.05,-23.0,-2.509999999999991,5.6,61.6,38.6,April,3.0
Adelaide,10.7,22.2,0.0,5.47,8.5,ENE,35.0,15.0,15.0,41.0,38.0,1023.7,1019.4,4.45,4.51,14.9,21.3,0,0,11.5,-3.0,0.05999999999999961,-4.300000000000068,0.0,11.77,22.39,0.42000000000000004,5.601999999999999,7.779999999999999,10.62,-21.6,-2.2299999999999955,5.2,63.1,41.5,April,4.2
Adelaide,14.9,29.2,0.0,10.6,6.6,N,43.0,17.0,17.0,46.0,33.0,1014.8,1010.2,4.45,4.51,22.0,29.1,0,1,14.299999999999999,-13.0,0.05999999999999961,-4.599999999999909,0.0,11.75,22.189999999999998,0.42000000000000004,5.909,7.790000000000001,10.440000000000001,-18.6,-2.4400000000000093,4.8,59.7,41.1,April,4.2
Adelaide,13.9,19.3,24.4,3.8,5.7,SW,54.0,9.0,24.0,94.0,54.0,1014.0,1012.3,4.45,4.51,14.1,18.7,1,1,5.4,-40.0,0.05999999999999961,-1.7000000000000455,15.0,11.73,23.06,0.24000000000000005,6.422,7.56,11.33,-14.6,-2.860000000000002,4.2,55.6,41.0,April,2.4000000000000004
Adelaide,11.0,18.3,1.6,2.2,6.7,WSW,24.0,6.0,11.0,61.0,48.0,1021.6,1020.5,4.45,4.51,14.0,17.1,1,0,7.300000000000001,-13.0,0.05999999999999961,-1.1000000000000227,5.0,12.22,23.03,2.6799999999999997,6.255,7.6,10.809999999999999,-16.3,-2.590000000000009,4.7,58.4,42.1,April,26.799999999999997
Adelaide,10.2,17.8,0.0,1.0,7.61,WNW,33.0,11.0,17.0,65.0,53.0,1018.7,1014.2,4.45,4.51,13.9,16.1,0,1,7.600000000000001,-12.0,0.05999999999999961,-4.5,6.0,12.4,22.61,2.84,5.928,7.31,10.209999999999999,-16.7,-2.4800000000000066,4.7,59.5,42.8,May,28.4
Adelaide,9.6,12.1,12.4,1.2,7.61,WSW,41.0,0.0,9.0,91.0,87.0,1007.8,1006.5,4.45,4.51,10.5,10.0,1,1,2.5,-4.0,0.05999999999999961,-1.2999999999999545,9.0,11.92,21.54,2.84,5.481,7.631,9.620000000000001,-17.1,-2.600000000000011,4.4,62.5,45.4,May,28.4
Adelaide,7.2,15.8,8.0,5.47,7.61,SW,52.0,15.0,20.0,58.0,45.0,1010.6,1010.7,4.45,4.51,12.1,14.8,1,0,8.600000000000001,-13.0,0.05999999999999961,0.10000000000002274,5.0,11.209999999999999,20.61,4.08,4.081,7.542,9.4,-15.9,-2.710000000000002,4.4,65.0,49.1,May,40.8
Adelaide,5.9,16.8,0.0,5.47,7.61,W,26.0,7.0,11.0,62.0,52.0,1017.9,1016.7,4.45,4.51,11.6,16.0,0,0,10.9,-10.0,0.05999999999999961,-1.1999999999999318,4.0,11.120000000000001,20.1,4.88,4.268,7.383,8.98,-14.3,-2.3100000000000023,4.0,64.5,50.2,May,48.8
Adelaide,11.5,17.9,0.4,4.0,7.61,SE,20.0,9.0,4.0,91.0,80.0,1021.8,1020.7,4.45,4.51,12.8,17.2,0,1,6.399999999999999,-11.0,0.05999999999999961,-1.099999999999909,-5.0,10.42,19.61,4.76,4.615,7.194,9.190000000000001,-12.3,-2.3099999999999907,4.6,63.6,51.3,May,47.599999999999994
Adelaide,9.8,17.3,3.4,1.2,7.61,ENE,28.0,0.0,11.0,75.0,54.0,1026.6,1025.1,4.45,4.51,13.7,16.4,1,0,7.5,-21.0,0.05999999999999961,-1.5,11.0,10.669999999999998,19.07,4.799999999999999,4.468,7.464999999999999,8.4,-13.4,-1.869999999999982,4.3,68.4,55.0,May,47.99999999999999
Adelaide,9.9,18.0,0.0,2.0,7.61,ESE,31.0,9.0,13.0,57.0,44.0,1027.5,1024.7,4.45,4.51,13.5,17.8,0,0,8.1,-13.0,0.05999999999999961,-2.7999999999999545,4.0,10.47,18.67,5.02,4.0409999999999995,7.316,8.2,-14.0,-2.119999999999982,5.0,68.4,54.4,May,50.199999999999996
Adelaide,7.1,17.8,0.0,1.8,7.61,N,41.0,15.0,17.0,50.0,42.0,1023.9,1019.5,4.45,4.51,13.3,17.0,0,1,10.700000000000001,-8.0,0.05999999999999961,-4.399999999999977,2.0,10.389999999999999,18.25,5.02,3.694,7.227000000000001,7.859999999999999,-15.0,-1.9699999999999704,5.4,70.0,55.0,May,50.199999999999996
Adelaide,12.0,14.0,2.2,2.6,7.61,NE,41.0,13.0,9.0,88.0,97.0,1017.2,1014.0,4.45,4.51,12.0,12.8,1,1,2.0,9.0,0.05999999999999961,-3.2000000000000455,-4.0,9.610000000000001,17.11,5.02,2.814,7.328000000000001,7.5,-14.5,-1.9499999999999773,5.6,70.4,55.9,May,50.199999999999996
Adelaide,11.2,19.4,21.4,5.47,7.61,W,24.0,7.0,13.0,97.0,70.0,1019.8,1019.5,4.45,4.51,14.0,19.0,1,0,8.2,-27.0,0.05999999999999961,-0.2999999999999545,6.0,9.42,16.580000000000002,2.8,2.694,7.519000000000001,7.160000000000001,-9.6,-2.0999999999999774,3.7,69.8,60.2,May,28.0
Adelaide,12.2,21.1,0.0,5.47,7.61,WNW,20.0,6.0,7.0,86.0,57.0,1026.7,1025.8,4.45,4.51,15.2,20.5,0,0,8.900000000000002,-29.0,0.05999999999999961,-0.900000000000091,1.0,9.440000000000001,16.69,4.779999999999999,3.021,7.61,7.250000000000002,-11.0,-2.0199999999999703,3.8,73.4,62.4,May,47.8
Adelaide,9.2,21.3,0.0,2.0,7.61,N,35.0,9.0,15.0,73.0,39.0,1029.1,1025.7,4.45,4.51,16.1,20.9,0,0,12.100000000000001,-34.0,0.05999999999999961,-3.3999999999998636,6.0,9.639999999999999,17.02,4.779999999999999,3.468,7.61,7.38,-12.7,-1.6599999999999795,3.3,75.5,62.8,May,47.8
Adelaide,12.2,22.6,0.0,3.0,7.61,NE,24.0,13.0,9.0,46.0,41.0,1026.0,1023.2,4.45,4.51,17.6,21.9,0,0,10.400000000000002,-5.0,0.05999999999999961,-2.7999999999999545,-4.0,9.6,17.94,3.54,3.5479999999999996,7.61,8.34,-15.7,-1.8699999999999704,3.0,73.7,58.0,May,35.4
Adelaide,13.1,24.2,0.0,2.0,7.61,N,26.0,11.0,13.0,42.0,27.0,1022.8,1018.8,4.45,4.51,18.5,23.9,0,0,11.1,-15.0,0.05999999999999961,-4.0,2.0,10.1,18.619999999999997,2.7399999999999998,3.3009999999999997,7.61,8.520000000000001,-14.9,-2.159999999999968,2.1,72.5,57.6,May,27.4
Adelaide,14.1,25.3,0.0,3.2,7.61,NW,44.0,9.0,19.0,49.0,33.0,1021.0,1018.7,4.45,4.51,18.9,24.4,0,0,11.200000000000001,-16.0,0.05999999999999961,-2.2999999999999545,10.0,10.819999999999999,19.360000000000003,2.7399999999999998,2.9539999999999997,7.61,8.540000000000001,-15.4,-2.439999999999975,1.9,70.5,55.1,May,27.4
Adelaide,14.8,27.4,0.0,2.4,7.61,NNE,37.0,13.0,13.0,34.0,26.0,1022.5,1021.0,4.45,4.51,22.4,26.5,0,0,12.599999999999998,-8.0,0.05999999999999961,-1.5,0.0,11.079999999999998,20.1,2.7,2.8739999999999997,7.61,9.02,-15.9,-2.5599999999999796,3.4,66.3,50.4,May,27.0
Adelaide,18.6,24.2,2.36,5.47,7.61,N,22.0,9.0,11.0,41.0,39.0,1023.4,1021.1,4.45,4.51,20.8,24.2,0,0,5.599999999999998,-2.0,0.05999999999999961,-2.2999999999999545,2.0,11.58,21.11,2.36,2.994,7.61,9.53,-14.6,-2.5599999999999796,2.3,62.2,47.6,May,23.599999999999998
Adelaide,15.3,24.8,2.36,5.47,7.61,N,30.0,13.0,9.0,47.0,42.0,1021.7,1019.5,4.45,4.51,21.2,22.8,0,0,9.5,-5.0,0.05999999999999961,-2.2000000000000455,-4.0,12.45,21.729999999999997,2.5959999999999996,3.3409999999999997,7.61,9.28,-13.5,-2.5099999999999794,2.1,60.6,47.1,May,25.959999999999997
Adelaide,12.7,22.1,0.4,7.0,7.61,NNW,26.0,9.0,7.0,75.0,53.0,1021.3,1019.8,4.45,4.51,16.9,21.7,0,0,9.400000000000002,-22.0,0.05999999999999961,-1.5,-2.0,13.27,22.43,2.832,3.7079999999999997,7.61,9.16,-13.2,-2.2899999999999863,1.5,60.3,47.1,May,28.319999999999997
Adelaide,11.1,24.0,0.0,1.2,7.61,SW,19.0,6.0,7.0,69.0,34.0,1022.7,1020.6,4.45,4.51,18.1,23.9,0,0,12.9,-35.0,0.05999999999999961,-2.1000000000000227,1.0,13.34,23.240000000000002,2.652,4.148,7.61,9.9,-16.3,-2.119999999999982,1.7,59.0,42.7,May,26.52
Adelaide,11.8,26.3,0.0,1.6,7.61,N,28.0,4.0,13.0,64.0,37.0,1021.5,1018.4,4.45,4.51,20.2,26.1,0,0,14.5,-27.0,0.05999999999999961,-3.1000000000000227,9.0,13.330000000000002,23.7,0.512,3.721,7.61,10.370000000000001,-17.1,-2.2999999999999887,1.2,56.2,39.1,May,5.12
Adelaide,16.0,25.7,0.0,3.0,7.61,NNW,37.0,9.0,22.0,47.0,34.0,1017.7,1014.3,4.45,4.51,20.4,25.0,0,0,9.7,-13.0,0.05999999999999961,-3.400000000000091,13.0,13.290000000000001,24.220000000000002,0.512,3.3340000000000005,7.61,10.930000000000001,-16.9,-2.519999999999982,2.0,54.0,37.1,May,5.12
Adelaide,16.4,21.8,0.4,1.4,7.61,W,24.0,7.0,9.0,90.0,61.0,1017.2,1014.6,4.45,4.51,16.8,20.7,0,0,5.400000000000002,-29.0,0.05999999999999961,-2.6000000000000227,2.0,13.969999999999999,24.66,0.512,3.434,7.61,10.690000000000001,-14.8,-2.5200000000000045,2.7,51.4,36.6,May,5.12
Adelaide,11.8,24.8,2.36,5.47,7.61,N,37.0,0.0,17.0,71.0,50.0,1015.8,1012.6,4.45,4.51,17.7,24.3,0,0,13.0,-21.0,0.05999999999999961,-3.199999999999932,17.0,14.39,24.580000000000002,0.5519999999999999,3.274,7.61,10.19,-17.2,-2.5000000000000115,3.3,55.8,38.6,May,5.52
Adelaide,14.6,23.9,2.36,5.47,7.61,NE,24.0,9.0,11.0,94.0,41.0,1017.2,1015.2,4.45,4.51,15.9,23.6,0,1,9.299999999999999,-53.0,0.05999999999999961,-2.0,2.0,14.26,24.64,0.788,3.621,7.61,10.379999999999999,-17.8,-2.4200000000000044,4.8,58.7,40.9,May,7.88
Adelaide,15.9,20.2,1.2,5.2,7.61,NNW,37.0,6.0,2.0,91.0,74.0,1015.2,1008.8,4.45,4.51,16.8,20.0,1,1,4.299999999999999,-17.0,0.05999999999999961,-6.400000000000091,-4.0,14.310000000000002,24.5,1.024,3.8480000000000003,7.61,10.19,-21.5,-2.390000000000009,4.0,63.2,41.7,May,10.24
Adelaide,13.7,17.8,9.2,0.4,7.61,NW,56.0,20.0,30.0,83.0,74.0,1005.8,1004.5,4.45,4.51,14.6,16.6,1,1,4.100000000000001,-9.0,0.05999999999999961,-1.2999999999999545,10.0,14.419999999999998,23.78,1.144,4.128,7.61,9.36,-22.4,-2.880000000000018,3.6,68.9,46.5,May,11.44
Adelaide,13.3,18.1,5.0,1.4,7.61,W,39.0,9.0,13.0,86.0,65.0,1015.9,1016.6,4.45,4.51,15.0,17.7,1,0,4.800000000000001,-21.0,0.05999999999999961,0.7000000000000455,4.0,13.930000000000001,23.14,1.828,3.621,7.61,9.21,-23.1,-2.780000000000018,4.4,73.1,50.0,May,18.28
Adelaide,11.3,20.9,0.2,1.0,7.61,NNW,28.0,7.0,11.0,72.0,43.0,1022.8,1020.5,4.45,4.51,14.9,19.6,0,0,9.599999999999998,-29.0,0.05999999999999961,-2.2999999999999545,4.0,13.729999999999999,22.47,2.092,3.214,7.61,8.74,-24.7,-2.490000000000009,5.2,77.0,52.3,May,20.92
Adelaide,13.0,20.7,0.0,2.0,7.61,NE,39.0,15.0,19.0,49.0,39.0,1022.4,1019.3,4.45,4.51,16.9,19.8,0,0,7.699999999999999,-10.0,0.05999999999999961,-3.1000000000000227,4.0,13.59,22.35,2.072,2.614,7.61,8.76,-25.4,-2.5700000000000047,5.8,76.7,51.3,May,20.72
Adelaide,13.8,14.7,0.2,5.47,7.61,NNE,30.0,9.0,7.0,81.0,93.0,1019.0,1016.6,4.45,4.51,14.0,12.9,0,1,0.8999999999999986,12.0,0.05999999999999961,-2.3999999999999773,-2.0,13.780000000000001,22.02,2.072,2.694,7.61,8.239999999999998,-22.9,-2.6700000000000044,6.1,74.7,51.8,May,20.72
Adelaide,10.4,15.5,4.8,5.47,7.61,WSW,24.0,0.0,13.0,78.0,76.0,1020.1,1018.5,4.45,4.51,13.1,15.0,1,0,5.1,-2.0,0.05999999999999961,-1.6000000000000227,13.0,13.98,20.86,2.0919999999999996,3.081,7.61,6.88,-19.0,-2.6,5.0,76.4,57.4,June,20.919999999999998
Adelaide,11.1,18.2,1.0,4.0,7.61,S,24.0,0.0,15.0,88.0,77.0,1020.3,1019.1,4.45,4.51,14.5,17.1,0,0,7.1,-11.0,0.05999999999999961,-1.1999999999999318,15.0,13.419999999999998,19.84,2.572,3.3280000000000003,7.61,6.42,-17.9,-2.4199999999999933,5.0,79.5,61.6,June,25.72
Adelaide,13.9,18.0,0.4,0.6,7.61,WNW,28.0,7.0,15.0,92.0,59.0,1022.1,1021.1,4.45,4.51,15.0,16.7,0,0,4.1,-33.0,0.05999999999999961,-1.0,8.0,12.89,19.479999999999997,2.632,3.588,7.61,6.589999999999999,-16.1,-2.2799999999999843,6.3,79.3,63.2,June,26.32
Adelaide,12.6,17.9,0.2,1.2,7.61,WNW,30.0,7.0,7.0,72.0,88.0,1026.3,1025.5,4.45,4.51,14.5,15.1,0,0,5.299999999999999,16.0,0.05999999999999961,-0.7999999999999545,0.0,13.1,18.8,2.436,3.101,7.61,5.699999999999999,-17.3,-2.0599999999999907,5.4,81.4,64.1,June,24.36
Adelaide,8.4,18.3,1.0,1.0,7.61,SSE,19.0,2.0,9.0,87.0,46.0,1031.0,1029.4,4.45,4.51,12.5,17.8,0,0,9.9,-41.0,0.05999999999999961,-1.599999999999909,7.0,12.9,18.2,2.2199999999999998,2.6740000000000004,7.61,5.299999999999999,-10.4,-1.9399999999999864,5.2,79.2,68.8,June,22.2
Adelaide,6.1,17.7,0.0,1.2,7.61,SE,26.0,0.0,11.0,81.0,59.0,1034.2,1031.9,4.45,4.51,10.8,16.7,0,0,11.6,-22.0,0.05999999999999961,-2.2999999999999545,11.0,12.15,18.01,2.1999999999999997,2.254,7.61,5.859999999999999,-12.8,-1.4599999999999682,6.3,78.8,66.0,June,21.999999999999996
Adelaide,9.5,19.3,0.0,5.47,7.61,SSE,28.0,0.0,13.0,91.0,51.0,1035.0,1032.2,4.45,4.51,12.5,19.0,0,0,9.8,-40.0,0.05999999999999961,-2.7999999999999545,13.0,11.39,18.0,1.28,2.334,7.61,6.609999999999999,-14.1,-1.559999999999968,6.4,78.6,64.5,June,12.8
Adelaide,9.8,17.0,0.0,5.47,7.61,SSE,26.0,4.0,13.0,67.0,53.0,1034.9,1032.9,4.45,4.51,14.1,16.6,0,0,7.199999999999999,-14.0,0.05999999999999961,-2.0,9.0,11.01,18.12,0.78,2.7410000000000005,7.61,7.109999999999999,-16.0,-1.9099999999999682,7.3,79.1,63.1,June,7.800000000000001
Adelaide,6.7,14.5,0.0,5.47,7.61,NNE,24.0,7.0,9.0,72.0,52.0,1033.3,1029.2,4.45,4.51,9.2,13.9,0,0,7.8,-20.0,0.05999999999999961,-4.099999999999909,2.0,10.86,17.73,0.76,3.188,7.61,6.869999999999999,-14.5,-1.8799999999999728,7.8,78.6,64.1,June,7.6
Adelaide,5.7,19.0,0.0,4.4,7.61,NNE,33.0,17.0,17.0,48.0,41.0,1027.2,1022.8,4.45,4.51,13.6,18.5,0,0,13.3,-7.0,0.05999999999999961,-4.400000000000091,0.0,10.23,17.110000000000003,0.76,3.535,7.61,6.88,-15.5,-1.9799999999999613,7.6,80.9,65.4,June,7.6
Adelaide,9.7,17.2,0.0,2.0,7.61,N,30.0,13.0,7.0,54.0,53.0,1020.6,1017.0,4.45,4.51,15.1,16.3,0,0,7.5,-1.0,0.05999999999999961,-3.6000000000000227,-6.0,9.42,17.54,0.74,3.428,7.61,8.120000000000001,-17.4,-2.1799999999999726,7.8,77.6,60.2,June,7.4
Adelaide,11.4,17.1,0.0,0.6,7.61,NNW,39.0,7.0,15.0,67.0,50.0,1012.5,1009.0,4.45,4.51,14.0,16.8,0,1,5.700000000000001,-17.0,0.05999999999999961,-3.5,8.0,9.35,17.71,0.26,3.0810000000000004,7.61,8.36,-17.3,-2.379999999999973,5.9,75.2,57.9,June,2.6
Adelaide,9.5,13.6,4.2,3.2,7.61,E,44.0,17.0,13.0,92.0,74.0,1008.5,1006.9,4.45,4.51,9.8,11.9,1,1,4.1,-18.0,0.05999999999999961,-1.6000000000000227,-4.0,9.38,17.6,0.16,2.741,7.61,8.22,-17.9,-2.6099999999999794,5.2,73.1,55.2,June,1.6
Adelaide,7.9,15.3,7.0,5.47,7.61,SSE,41.0,17.0,15.0,73.0,67.0,1020.3,1021.4,4.45,4.51,13.6,14.2,1,0,7.4,-6.0,0.05999999999999961,1.1000000000000227,-2.0,8.940000000000001,17.16,0.54,3.0010000000000003,7.61,8.22,-16.4,-2.6699999999999817,4.0,73.1,56.7,June,5.4
Adelaide,7.6,15.8,0.0,5.47,7.61,WSW,30.0,7.0,15.0,97.0,64.0,1025.5,1023.9,4.45,4.51,9.8,15.3,0,0,8.200000000000001,-33.0,0.05999999999999961,-1.6000000000000227,8.0,8.47,16.9,1.22,3.428,7.61,8.430000000000001,-18.6,-2.479999999999984,3.8,73.2,54.6,June,12.2
Adelaide,9.7,16.5,0.4,2.8,7.61,WNW,39.0,15.0,11.0,85.0,93.0,1025.6,1025.6,4.45,4.51,14.3,14.3,0,1,6.800000000000001,8.0,0.05999999999999961,0.0,-4.0,8.39,16.65,1.1199999999999999,3.875,7.61,8.260000000000002,-17.8,-2.4799999999999955,3.9,74.2,56.4,June,11.2
Adelaide,6.8,15.4,2.4,0.6,7.61,SSW,17.0,0.0,7.0,91.0,62.0,1032.4,1031.2,4.45,4.51,11.2,15.2,1,0,8.600000000000001,-29.0,0.05999999999999961,-1.2000000000000455,7.0,8.75,16.53,1.16,4.035,7.61,7.779999999999999,-14.8,-2.25,2.4,74.6,59.8,June,11.6
Adelaide,5.0,16.9,0.0,0.6,7.61,NE,30.0,7.0,13.0,78.0,55.0,1030.7,1026.9,4.45,4.51,11.0,16.3,0,0,11.899999999999999,-23.0,0.05999999999999961,-3.7999999999999545,6.0,8.48,16.14,1.4,3.5480000000000005,7.61,7.659999999999999,-13.7,-2.090000000000009,1.8,74.6,60.9,June,14.0
Adelaide,11.0,15.5,0.0,1.4,7.61,NNE,39.0,13.0,13.0,60.0,59.0,1021.2,1015.6,4.45,4.51,13.5,15.0,0,0,4.5,-1.0,0.05999999999999961,-5.600000000000023,0.0,8.0,16.13,1.4,3.0610000000000004,7.61,8.13,-14.6,-2.2700000000000045,1.5,75.7,61.1,June,14.0
Adelaide,10.5,17.9,0.0,1.8,7.61,NW,43.0,15.0,19.0,86.0,88.0,1014.6,1013.7,4.45,4.51,11.9,14.8,0,1,7.399999999999999,2.0,0.05999999999999961,-0.8999999999999773,4.0,8.430000000000001,16.229999999999997,1.4,2.654,7.61,7.8,-12.7,-2.420000000000016,1.3,74.5,61.8,June,14.0
Adelaide,11.3,16.1,8.8,5.47,7.61,WSW,33.0,2.0,13.0,96.0,75.0,1020.1,1020.1,4.45,4.51,13.0,15.5,1,0,4.800000000000001,-21.0,0.05999999999999961,0.0,11.0,8.91,16.119999999999997,1.4,2.394,7.61,7.209999999999999,-11.8,-2.0700000000000047,1.7,78.3,66.5,June,14.0
Adelaide,8.9,16.8,0.4,5.47,7.61,NW,52.0,15.0,20.0,69.0,52.0,1019.0,1011.6,4.45,4.51,13.2,16.7,0,1,7.9,-17.0,0.05999999999999961,-7.399999999999977,5.0,9.07,16.009999999999998,2.2800000000000002,2.741,7.61,6.94,-13.8,-1.7100000000000022,3.4,82.5,68.7,June,22.8
Adelaide,8.6,12.8,12.6,4.4,7.61,SW,72.0,19.0,22.0,73.0,67.0,1007.0,1009.3,4.45,4.51,10.9,11.7,1,1,4.200000000000001,-6.0,0.05999999999999961,2.2999999999999545,3.0,8.82,15.98,2.32,3.228,7.61,7.159999999999999,-13.8,-2.1,3.1,82.7,68.9,June,23.2
Adelaide,8.1,15.9,26.0,1.2,7.61,WSW,54.0,26.0,26.0,94.0,68.0,1013.4,1014.8,4.45,4.51,12.7,15.2,1,1,7.800000000000001,-26.0,0.05999999999999961,1.3999999999999773,0.0,8.73,15.9,3.16,3.348,7.61,7.17,-12.6,-1.7100000000000022,3.8,80.8,68.2,June,31.6
Adelaide,12.0,16.1,6.0,0.8,7.61,NW,54.0,17.0,24.0,92.0,79.0,1021.2,1019.7,4.45,4.51,12.9,14.0,1,1,4.100000000000001,-13.0,0.05999999999999961,-1.5,7.0,8.75,15.959999999999999,5.0600000000000005,2.9210000000000003,7.61,7.209999999999999,-14.6,-1.6800000000000068,4.0,82.9,68.3,June,50.6
Adelaide,12.7,15.7,2.0,0.8,7.61,NW,39.0,11.0,20.0,92.0,70.0,1022.2,1019.9,4.45,4.51,13.0,14.6,1,0,3.0,-22.0,0.05999999999999961,-2.300000000000068,9.0,9.190000000000001,15.989999999999998,5.66,2.454,7.61,6.8,-12.6,-1.6700000000000046,3.9,82.4,69.8,June,56.6
Adelaide,11.5,17.1,0.0,1.8,7.61,NW,72.0,24.0,26.0,56.0,49.0,1008.1,1001.2,4.45,4.51,13.2,15.9,0,1,5.600000000000001,-7.0,0.05999999999999961,-6.899999999999977,2.0,9.49,15.91,5.82,2.2540000000000004,7.61,6.42,-15.6,-1.9000000000000115,5.2,83.1,67.5,June,58.2
Adelaide,8.1,13.1,24.4,5.47,7.61,WSW,59.0,22.0,26.0,64.0,58.0,1003.6,1005.7,4.45,4.51,10.6,11.7,1,1,5.0,-6.0,0.05999999999999961,2.1000000000000227,4.0,9.96,16.08,5.58,2.3739999999999997,7.61,6.12,-13.4,-2.4700000000000046,4.7,79.6,66.2,June,55.8
Adelaide,9.4,14.4,1.8,5.47,7.61,WSW,43.0,11.0,22.0,83.0,56.0,1013.6,1015.5,4.45,4.51,10.5,13.0,1,0,5.0,-27.0,0.05999999999999961,1.8999999999999773,11.0,10.27,15.7,8.02,2.8609999999999998,7.61,5.430000000000001,-11.7,-1.8800000000000068,4.5,78.2,66.5,June,80.19999999999999
Adelaide,6.5,15.3,0.8,4.6,7.61,WNW,26.0,6.0,15.0,90.0,67.0,1025.7,1025.7,4.45,4.51,9.7,15.0,0,1,8.8,-23.0,0.05999999999999961,0.0,9.0,10.11,15.59,8.2,3.268,7.61,5.48,-14.3,-1.1300000000000068,5.6,80.5,66.2,June,82.0
Adelaide,9.0,16.0,6.0,0.6,7.61,WNW,22.0,6.0,9.0,94.0,65.0,1031.5,1030.6,4.45,4.51,10.3,14.9,1,0,7.0,-29.0,0.05999999999999961,-0.900000000000091,3.0,9.709999999999999,15.330000000000002,8.28,3.5480000000000005,7.61,5.62,-16.8,-1.0400000000000091,6.1,80.9,64.1,July,82.8
Adelaide,10.0,16.5,0.8,0.8,7.61,N,24.0,2.0,11.0,74.0,55.0,1031.1,1027.3,4.45,4.51,12.3,15.4,0,0,6.5,-19.0,0.05999999999999961,-3.7999999999999545,9.0,9.48,15.320000000000002,8.0,3.0610000000000004,7.61,5.840000000000001,-17.6,-1.130000000000018,5.3,80.7,63.1,July,80.0
Adelaide,8.1,15.9,0.0,1.4,7.61,NNW,43.0,19.0,24.0,54.0,52.0,1023.5,1018.0,4.45,4.51,12.0,15.5,0,0,7.800000000000001,-2.0,0.05999999999999961,-5.5,5.0,9.59,15.290000000000001,8.04,2.5940000000000003,7.61,5.7,-17.8,-0.7700000000000159,5.7,81.2,63.4,July,80.39999999999999
Adelaide,10.2,15.7,0.0,1.2,7.61,W,46.0,11.0,24.0,90.0,62.0,1017.6,1017.1,4.45,4.51,11.3,14.1,0,1,5.5,-28.0,0.05999999999999961,-0.5,13.0,9.54,15.600000000000003,6.779999999999999,2.294,7.61,6.0600000000000005,-17.4,-1.5500000000000114,5.9,79.3,61.9,July,67.8
Adelaide,11.0,13.8,3.2,5.47,7.61,WSW,41.0,17.0,17.0,62.0,71.0,1022.6,1021.2,4.45,4.51,12.8,13.4,1,1,2.8000000000000007,9.0,0.05999999999999961,-1.3999999999999773,0.0,9.75,15.580000000000002,4.18,2.294,7.61,5.83,-17.6,-1.740000000000009,7.2,78.9,61.3,July,41.8
Adelaide,9.6,15.5,18.6,5.47,7.61,WSW,31.0,2.0,13.0,95.0,55.0,1019.7,1018.7,4.45,4.51,11.2,14.9,1,0,5.9,-40.0,0.05999999999999961,-1.0,11.0,9.65,15.35,3.9,2.761,7.61,5.7,-15.4,-1.7300000000000069,6.5,75.9,60.5,July,39.0
Adelaide,6.3,15.2,0.0,2.4,7.61,N,46.0,19.0,19.0,67.0,52.0,1015.2,1010.5,4.45,4.51,11.6,15.0,0,0,8.899999999999999,-15.0,0.05999999999999961,-4.7000000000000455,0.0,9.34,15.330000000000002,5.5600000000000005,3.228,7.61,5.99,-17.2,-1.6,6.7,76.2,59.0,July,55.6
Adelaide,11.6,18.5,0.0,2.6,7.61,WNW,69.0,19.0,26.0,39.0,30.0,1003.4,995.2,4.45,4.51,13.6,18.2,0,1,6.9,-9.0,0.05999999999999961,-8.199999999999932,7.0,8.82,15.14,5.5600000000000005,3.2880000000000003,7.61,6.32,-18.0,-1.3800000000000068,6.5,77.3,59.3,July,55.6
Adelaide,8.0,10.9,13.2,1.6,7.61,WSW,74.0,20.0,13.0,93.0,88.0,999.5,1004.9,4.45,4.51,8.6,9.3,1,1,2.9000000000000004,-5.0,0.05999999999999961,5.399999999999977,-7.0,9.17,15.680000000000001,3.12,3.0010000000000003,7.61,6.51,-18.3,-2.4100000000000024,6.8,74.8,56.5,July,31.200000000000003
Adelaide,6.8,14.4,14.4,1.0,7.61,WSW,50.0,4.0,19.0,91.0,75.0,1017.0,1018.3,4.45,4.51,10.1,12.2,1,0,7.6000000000000005,-16.0,0.05999999999999961,1.2999999999999545,15.0,9.03,15.330000000000002,4.26,2.614,7.61,6.3,-16.1,-2.0600000000000023,5.0,75.8,59.7,July,42.6
Adelaide,7.6,15.9,0.0,1.4,7.61,NW,43.0,13.0,28.0,92.0,69.0,1019.9,1018.0,4.45,4.51,9.2,15.4,0,1,8.3,-23.0,0.05999999999999961,-1.8999999999999773,15.0,9.059999999999999,15.24,5.62,2.254,7.61,6.180000000000001,-15.4,-1.9300000000000068,5.6,75.9,60.5,July,56.2
Adelaide,5.8,13.5,1.6,5.47,7.61,SSE,31.0,0.0,4.0,81.0,71.0,1027.5,1028.3,4.45,4.51,9.3,10.9,1,0,7.7,-10.0,0.05999999999999961,0.7999999999999545,4.0,8.92,15.229999999999999,5.0200000000000005,2.3340000000000005,7.61,6.31,-14.8,-2.0299999999999954,6.8,75.7,60.9,July,50.2
Adelaide,3.8,13.5,0.2,5.47,7.61,ENE,24.0,6.0,11.0,70.0,46.0,1034.5,1031.5,4.45,4.51,7.6,12.6,0,0,9.7,-24.0,0.05999999999999961,-3.0,5.0,8.5,14.929999999999998,5.1,2.801,7.61,6.43,-13.9,-1.5700000000000045,6.3,76.4,62.5,July,51.0
Adelaide,6.1,11.9,0.0,3.4,7.61,ENE,33.0,11.0,11.0,59.0,47.0,1029.5,1023.3,4.45,4.51,8.9,11.6,0,1,5.800000000000001,-12.0,0.05999999999999961,-6.2000000000000455,0.0,8.07,14.689999999999998,5.12,3.2079999999999997,7.61,6.62,-16.1,-1.3200000000000045,6.3,78.0,61.9,July,51.2
Adelaide,7.2,13.3,1.6,1.0,7.61,N,37.0,13.0,15.0,82.0,65.0,1013.7,1009.1,4.45,4.51,8.5,12.6,1,1,6.1000000000000005,-17.0,0.05999999999999961,-4.600000000000023,2.0,7.659999999999999,14.309999999999999,5.12,3.428,7.61,6.65,-14.5,-1.890000000000009,5.0,74.9,60.4,July,51.2
Adelaide,8.4,16.6,2.8,0.4,7.61,WNW,57.0,13.0,22.0,92.0,63.0,1013.6,1011.6,4.45,4.51,10.5,15.5,1,1,8.200000000000001,-29.0,0.05999999999999961,-2.0,9.0,7.279999999999999,14.26,4.96,2.9810000000000003,7.61,6.9799999999999995,-17.1,-2.2100000000000137,5.2,76.9,59.8,July,49.6
Adelaide,9.3,12.8,4.6,1.0,7.61,WSW,50.0,19.0,24.0,86.0,55.0,1016.5,1018.2,4.45,4.51,9.6,12.4,1,1,3.5,-31.0,0.05999999999999961,1.7000000000000455,5.0,7.159999999999999,14.370000000000001,3.3800000000000003,2.474,7.61,7.209999999999999,-16.0,-2.310000000000014,5.0,76.6,60.6,July,33.800000000000004
Adelaide,2.3,13.5,8.0,2.0,7.61,S,24.0,6.0,13.0,88.0,58.0,1030.0,1029.6,4.45,4.51,6.2,12.3,1,0,11.2,-30.0,0.05999999999999961,-0.40000000000009095,7.0,7.459999999999999,14.13,3.8400000000000007,2.334,7.61,6.67,-17.6,-1.6700000000000046,5.5,78.5,60.9,July,38.400000000000006
Adelaide,6.2,13.2,0.0,5.47,7.61,WSW,22.0,7.0,15.0,70.0,68.0,1032.9,1030.3,4.45,4.51,10.0,11.6,0,0,6.999999999999999,-2.0,0.05999999999999961,-2.6000000000001364,8.0,6.529999999999999,13.63,4.640000000000001,2.274,7.61,7.1,-19.7,-0.8900000000000204,5.5,83.4,63.7,July,46.400000000000006
Adelaide,4.7,14.5,0.0,5.47,7.61,N,24.0,0.0,13.0,83.0,52.0,1028.2,1024.0,4.45,4.51,8.0,14.2,0,0,9.8,-31.0,0.05999999999999961,-4.2000000000000455,13.0,6.35,13.86,3.3200000000000003,2.661,7.61,7.51,-19.4,-1.690000000000032,7.0,81.1,61.7,July,33.2
Adelaide,8.0,16.9,0.0,1.8,7.61,N,24.0,9.0,9.0,52.0,41.0,1023.1,1020.8,4.45,4.51,12.0,15.6,0,0,8.899999999999999,-11.0,0.05999999999999961,-2.300000000000068,0.0,6.140000000000001,13.870000000000001,1.8800000000000001,3.1079999999999997,7.61,7.7299999999999995,-20.9,-2.2400000000000317,6.8,80.3,59.4,July,18.8
Adelaide,3.7,19.0,0.0,1.4,7.61,N,24.0,0.0,11.0,75.0,32.0,1024.2,1021.1,4.45,4.51,9.6,18.5,0,0,15.3,-43.0,0.05999999999999961,-3.1000000000000227,11.0,6.180000000000001,13.969999999999999,1.8800000000000003,3.148,7.61,7.790000000000001,-19.7,-2.280000000000041,5.3,76.3,56.6,July,18.800000000000004
Adelaide,9.6,15.8,0.0,2.6,7.61,NE,52.0,9.0,20.0,35.0,51.0,1017.9,1011.5,4.45,4.51,14.7,15.4,0,1,6.200000000000001,16.0,0.05999999999999961,-6.399999999999977,11.0,5.97,14.52,1.7200000000000002,2.741,7.61,8.55,-23.0,-2.6700000000000386,6.0,75.7,52.7,July,17.200000000000003
Adelaide,10.1,15.5,16.6,0.8,7.61,NNE,50.0,17.0,26.0,96.0,80.0,1007.4,1008.0,4.45,4.51,11.2,14.0,1,1,5.4,-16.0,0.05999999999999961,0.6000000000000227,9.0,6.55,14.75,1.7000000000000004,2.4539999999999997,7.61,8.2,-19.0,-3.010000000000036,6.6,72.2,53.2,July,17.000000000000004
Adelaide,11.2,16.2,1.8,0.6,7.61,NW,30.0,13.0,15.0,89.0,70.0,1018.4,1019.2,4.45,4.51,13.0,15.3,1,1,5.0,-19.0,0.05999999999999961,0.8000000000000682,2.0,6.95,15.11,3.3600000000000008,2.194,7.61,8.16,-19.4,-2.3300000000000294,7.5,75.9,56.5,July,33.60000000000001
Adelaide,10.3,16.2,3.0,5.47,7.61,NNW,22.0,7.0,15.0,99.0,59.0,1028.2,1026.1,4.45,4.51,10.4,15.7,1,0,5.899999999999999,-40.0,0.05999999999999961,-2.1000000000001364,8.0,7.35,15.4,3.3800000000000003,2.1540000000000004,7.61,8.05,-19.6,-1.7900000000000205,7.5,76.6,57.0,July,33.800000000000004
Adelaide,6.4,17.4,0.0,5.47,7.61,N,43.0,9.0,17.0,63.0,53.0,1024.8,1020.0,4.45,4.51,12.2,16.5,0,0,10.999999999999998,-10.0,0.05999999999999961,-4.7999999999999545,8.0,7.539999999999999,15.36,3.4,2.661,7.61,7.82,-20.7,-1.800000000000034,7.4,77.3,56.6,July,34.0
Adelaide,9.9,16.7,0.0,3.8,7.61,NW,37.0,11.0,19.0,70.0,73.0,1019.1,1016.5,4.45,4.51,12.0,16.1,0,0,6.799999999999999,3.0,0.05999999999999961,-2.6000000000000227,8.0,7.25,15.819999999999999,2.9400000000000004,3.1079999999999997,7.61,8.57,-18.6,-2.450000000000034,7.7,75.0,56.4,July,29.400000000000006
Adelaide,9.1,16.9,0.0,0.8,7.61,NW,50.0,19.0,17.0,85.0,79.0,1016.9,1016.3,4.45,4.51,12.7,15.4,0,1,7.799999999999999,-6.0,0.05999999999999961,-0.6000000000000227,-2.0,8.010000000000002,16.14,2.1400000000000006,3.2879999999999994,7.61,8.129999999999999,-15.3,-2.6700000000000275,7.8,73.2,57.9,July,21.400000000000006
Adelaide,12.7,17.3,3.2,0.4,7.61,NNW,43.0,15.0,20.0,88.0,73.0,1018.8,1015.6,4.45,4.51,13.5,16.3,1,0,4.600000000000001,-15.0,0.05999999999999961,-3.199999999999932,5.0,8.3,16.509999999999998,2.1400000000000006,2.821,7.61,8.209999999999999,-15.7,-2.4700000000000157,6.8,74.7,59.0,July,21.400000000000006
Adelaide,10.1,16.4,0.0,1.4,7.61,W,80.0,19.0,20.0,65.0,95.0,1007.2,1006.1,4.45,4.51,14.2,11.2,0,1,6.299999999999999,30.0,0.05999999999999961,-1.1000000000000227,1.0,9.1,16.79,2.4600000000000004,2.314,7.61,7.69,-14.1,-2.3700000000000045,6.0,75.2,61.1,July,24.600000000000005
Adelaide,6.4,12.6,16.0,0.4,7.61,SW,63.0,19.0,26.0,79.0,44.0,1017.4,1022.1,4.45,4.51,7.9,12.2,1,1,6.199999999999999,-35.0,0.05999999999999961,4.7000000000000455,7.0,9.309999999999999,16.740000000000002,2.4600000000000004,2.274,7.61,7.43,-10.0,-2.25,6.1,76.5,66.5,August,24.600000000000005
Adelaide,2.3,14.1,2.4,5.47,7.61,NNW,28.0,2.0,9.0,74.0,46.0,1032.9,1031.1,4.45,4.51,7.2,14.0,1,0,11.8,-28.0,0.05999999999999961,-1.800000000000182,7.0,9.58,16.1,4.0600000000000005,2.1740000000000004,7.61,6.519999999999999,-9.2,-1.469999999999993,5.7,76.9,67.7,August,40.60000000000001
Adelaide,3.0,15.0,0.0,5.47,7.61,N,30.0,6.0,13.0,56.0,34.0,1033.3,1030.8,4.45,4.51,9.4,13.9,0,0,12.0,-22.0,0.05999999999999961,-2.5,7.0,8.85,15.929999999999998,4.300000000000001,2.461,7.61,7.08,-13.6,-1.0100000000000136,5.3,80.8,67.2,August,43.00000000000001
Adelaide,0.9,14.6,0.0,4.4,7.61,W,24.0,0.0,15.0,64.0,33.0,1034.7,1033.0,4.45,4.51,7.0,14.2,0,0,13.7,-31.0,0.05999999999999961,-1.7000000000000455,15.0,8.14,15.879999999999999,2.64,2.928,7.61,7.74,-14.2,-1.3200000000000158,5.1,76.8,62.6,August,26.400000000000002
Adelaide,3.0,16.9,0.0,1.2,7.61,WSW,20.0,0.0,11.0,63.0,50.0,1036.6,1034.4,4.45,4.51,9.4,15.6,0,0,13.899999999999999,-13.0,0.05999999999999961,-2.199999999999818,11.0,7.110000000000001,15.720000000000002,2.46,3.308,7.61,8.61,-15.4,-1.5700000000000274,6.4,74.3,58.9,August,24.6
Adelaide,3.3,16.1,0.0,1.6,7.61,WSW,22.0,0.0,11.0,75.0,44.0,1034.8,1032.4,4.45,4.51,9.5,15.0,0,0,12.8,-31.0,0.05999999999999961,-2.3999999999998636,11.0,6.38,15.789999999999997,2.16,2.8810000000000002,7.61,9.41,-12.7,-1.5799999999999954,6.7,70.7,58.0,August,21.6
Adelaide,9.4,17.2,0.0,1.8,7.61,N,28.0,4.0,13.0,61.0,42.0,1033.5,1029.4,4.45,4.51,12.2,17.0,0,0,7.799999999999999,-19.0,0.05999999999999961,-4.099999999999909,9.0,6.069999999999999,15.660000000000002,2.16,2.494,7.61,9.59,-14.8,-1.3399999999999863,7.0,71.9,57.1,August,21.6
Adelaide,3.9,18.3,0.0,1.0,7.61,S,57.0,6.0,7.0,79.0,44.0,1030.2,1027.9,4.45,4.51,9.3,17.8,0,0,14.4,-35.0,0.05999999999999961,-2.2999999999999545,1.0,6.0200000000000005,15.709999999999999,2.16,2.294,7.61,9.69,-17.0,-1.489999999999975,7.1,71.0,54.0,August,21.6
Adelaide,7.8,18.3,0.0,5.47,7.61,N,30.0,7.0,11.0,47.0,45.0,1027.4,1025.8,4.45,4.51,13.9,16.8,0,0,10.5,-2.0,0.05999999999999961,-1.6000000000001364,4.0,5.5,15.85,2.16,2.3140000000000005,7.61,10.35,-19.9,-1.6599999999999682,7.4,70.4,50.5,August,21.6
Adelaide,6.3,15.2,0.2,5.47,7.61,SSW,33.0,2.0,15.0,74.0,45.0,1030.8,1029.4,4.45,4.51,11.5,14.1,0,0,8.899999999999999,-29.0,0.05999999999999961,-1.3999999999998636,13.0,5.01,15.95,1.8400000000000003,2.821,7.61,10.94,-18.6,-1.4999999999999887,7.3,66.3,47.7,August,18.400000000000002
Adelaide,5.1,12.7,0.4,4.0,7.61,W,24.0,6.0,11.0,56.0,72.0,1034.3,1032.1,4.45,4.51,10.1,10.4,0,0,7.6,16.0,0.05999999999999961,-2.2000000000000455,5.0,4.630000000000001,15.830000000000002,1.8600000000000005,3.228,7.61,11.2,-24.5,-1.5299999999999727,8.5,67.2,42.7,August,18.600000000000005
Adelaide,4.5,13.5,0.0,0.8,7.61,SE,35.0,9.0,19.0,58.0,39.0,1035.5,1034.1,4.45,4.51,10.0,12.8,0,0,9.0,-19.0,0.05999999999999961,-1.400000000000091,10.0,4.5,15.84,0.3000000000000004,3.588,7.61,11.34,-19.4,-2.219999999999982,8.3,64.9,45.5,August,3.0000000000000036
Adelaide,7.4,13.6,0.0,2.0,7.61,SSE,50.0,19.0,20.0,48.0,45.0,1037.6,1036.0,4.45,4.51,10.6,12.5,0,0,6.199999999999999,-3.0,0.05999999999999961,-1.599999999999909,1.0,4.72,15.780000000000001,0.060000000000000366,3.121,7.61,11.059999999999999,-18.5,-2.1799999999999726,8.6,63.3,44.8,August,0.6000000000000036
Adelaide,9.8,15.5,0.0,2.2,7.61,SE,31.0,11.0,15.0,65.0,47.0,1035.6,1031.4,4.45,4.51,11.7,14.7,0,0,5.699999999999999,-18.0,0.05999999999999961,-4.199999999999818,4.0,5.16,15.64,0.060000000000000366,2.774,7.61,10.48,-16.6,-2.0899999999999634,8.0,62.5,45.9,August,0.6000000000000036
Adelaide,8.5,20.3,0.0,2.0,7.61,E,48.0,7.0,13.0,40.0,40.0,1026.8,1022.9,4.45,4.51,15.0,18.1,0,0,11.8,0.0,0.05999999999999961,-3.8999999999999773,6.0,6.05,15.729999999999999,0.060000000000000366,2.5540000000000003,7.61,9.679999999999998,-15.3,-2.339999999999941,6.9,62.6,47.3,August,0.6000000000000036
Adelaide,10.3,14.0,0.0,5.47,7.61,SE,46.0,9.0,15.0,75.0,60.0,1021.6,1019.4,4.45,4.51,10.3,13.0,0,1,3.6999999999999993,-15.0,0.05999999999999961,-2.2000000000000455,6.0,6.6,16.07,0.060000000000000366,2.634,7.61,9.47,-14.0,-2.5099999999999567,6.4,60.3,46.3,August,0.6000000000000036
Adelaide,9.4,16.2,1.8,5.47,7.61,SSE,39.0,13.0,19.0,63.0,73.0,1021.4,1020.5,4.45,4.51,11.6,13.5,1,0,6.799999999999999,10.0,0.05999999999999961,-0.8999999999999773,6.0,7.3,15.860000000000003,0.060000000000000366,3.021,7.61,8.559999999999999,-12.4,-2.489999999999975,5.9,60.3,47.9,August,0.6000000000000036
Adelaide,6.2,14.7,0.0,5.2,7.61,SSE,30.0,7.0,9.0,75.0,53.0,1024.9,1023.0,4.45,4.51,12.1,14.3,0,0,8.5,-22.0,0.05999999999999961,-1.900000000000091,2.0,7.3,15.76,0.24000000000000038,3.3880000000000003,7.61,8.459999999999999,-9.5,-2.1699999999999817,5.6,60.5,51.0,August,2.400000000000004
Adelaide,5.3,14.9,0.0,1.6,7.61,S,28.0,13.0,13.0,60.0,48.0,1026.9,1025.1,4.45,4.51,11.4,13.9,0,0,9.600000000000001,-12.0,0.05999999999999961,-1.800000000000182,0.0,7.530000000000001,15.4,0.24000000000000038,3.808,7.61,7.869999999999999,-8.2,-2.1299999999999955,5.7,60.1,51.9,August,2.400000000000004
Adelaide,6.9,15.1,0.0,1.4,7.61,ESE,30.0,13.0,15.0,50.0,50.0,1027.8,1026.3,4.45,4.51,12.0,13.8,0,0,8.2,0.0,0.05999999999999961,-1.5,2.0,7.279999999999999,15.059999999999999,0.24000000000000038,3.4210000000000003,7.61,7.779999999999999,-9.2,-2.15,5.3,61.4,52.2,August,2.400000000000004
Adelaide,6.1,19.3,0.0,2.2,7.61,E,30.0,9.0,9.0,47.0,39.0,1027.4,1024.0,4.45,4.51,13.8,18.1,0,0,13.200000000000001,-8.0,0.05999999999999961,-3.400000000000091,0.0,7.340000000000001,15.05,0.22000000000000036,3.0140000000000002,7.61,7.710000000000001,-6.3,-2.1600000000000135,4.2,59.0,52.7,August,2.2000000000000037
Adelaide,12.3,21.1,0.0,2.6,7.61,N,37.0,13.0,15.0,30.0,24.0,1026.7,1022.6,4.45,4.51,17.2,20.5,0,0,8.8,-6.0,0.05999999999999961,-4.100000000000023,2.0,7.44,15.709999999999999,0.18000000000000035,2.834,7.61,8.27,-8.7,-2.280000000000018,3.7,58.1,49.4,August,1.8000000000000036
Adelaide,15.0,17.9,0.0,5.47,7.61,WNW,41.0,17.0,19.0,40.0,56.0,1023.7,1025.2,4.45,4.51,16.3,16.2,0,0,2.8999999999999986,16.0,0.05999999999999961,1.5,2.0,8.22,16.47,0.18000000000000035,3.0140000000000002,7.61,8.25,-7.4,-2.5500000000000114,2.9,55.3,47.9,August,1.8000000000000036
Adelaide,6.0,16.2,0.0,5.47,7.61,W,26.0,9.0,15.0,86.0,55.0,1031.2,1029.6,4.45,4.51,10.3,15.4,0,0,10.2,-31.0,0.05999999999999961,-1.6000000000001364,6.0,8.98,16.9,0.18000000000000035,3.3609999999999998,7.61,7.919999999999999,-5.5,-2.2400000000000206,3.0,54.5,49.0,August,1.8000000000000036
Adelaide,4.2,18.6,0.0,8.0,7.61,WNW,20.0,7.0,13.0,76.0,51.0,1032.3,1028.2,4.45,4.51,11.1,17.1,0,0,14.400000000000002,-25.0,0.05999999999999961,-4.099999999999909,6.0,8.6,16.97,0.18000000000000035,3.688,7.61,8.370000000000001,-6.8,-1.9800000000000524,3.2,56.6,49.8,August,1.8000000000000036
Adelaide,4.7,19.2,0.0,1.0,7.61,SW,26.0,0.0,11.0,69.0,47.0,1028.2,1024.3,4.45,4.51,12.2,18.8,0,0,14.5,-22.0,0.05999999999999961,-3.900000000000091,11.0,8.17,16.8,0.18000000000000035,4.288,7.61,8.629999999999999,-9.3,-2.0000000000000453,3.2,60.2,50.9,August,1.8000000000000036
Adelaide,5.8,22.0,0.0,2.0,7.61,WSW,24.0,9.0,15.0,47.0,41.0,1027.4,1025.7,4.45,4.51,16.2,21.0,0,0,16.2,-6.0,0.05999999999999961,-1.7000000000000455,6.0,7.610000000000001,17.32,0.18000000000000035,3.841,7.61,9.71,-10.0,-2.17000000000005,3.7,59.6,49.6,August,1.8000000000000036
Adelaide,7.3,23.5,0.0,2.4,7.61,N,20.0,2.0,11.0,61.0,36.0,1029.3,1026.9,4.45,4.51,14.6,23.0,0,0,16.2,-25.0,0.05999999999999961,-2.3999999999998636,9.0,7.25,17.9,0.0,3.4940000000000007,7.61,10.65,-11.6,-2.250000000000057,3.7,58.0,46.4,August,0.0
Adelaide,7.8,24.7,0.0,3.4,7.61,N,20.0,0.0,9.0,53.0,32.0,1028.7,1025.5,4.45,4.51,16.7,23.5,0,0,16.9,-21.0,0.05999999999999961,-3.2000000000000455,9.0,7.359999999999999,18.78,0.0,3.214,7.61,11.42,-11.9,-2.300000000000034,4.4,56.6,44.7,August,0.0
Adelaide,8.5,25.0,0.0,5.47,7.61,NW,37.0,9.0,15.0,44.0,23.0,1023.8,1019.8,4.45,4.51,18.5,23.9,0,0,16.5,-21.0,0.05999999999999961,-4.0,6.0,7.609999999999999,19.76,0.0,3.3939999999999997,7.61,12.15,-12.8,-2.4400000000000204,5.3,55.9,43.1,August,0.0
Adelaide,12.3,23.4,0.0,6.0,7.61,N,43.0,11.0,20.0,29.0,24.0,1015.9,1010.6,4.45,4.51,17.7,22.3,0,1,11.099999999999998,-5.0,0.05999999999999961,-5.2999999999999545,9.0,7.769999999999999,20.75,0.0,3.8010000000000006,7.61,12.979999999999999,-14.9,-2.6900000000000204,5.7,55.3,40.4,August,0.0
Adelaide,11.3,15.8,6.8,3.0,7.61,WNW,44.0,0.0,20.0,90.0,44.0,1014.1,1014.6,4.45,4.51,11.7,15.5,1,1,4.5,-46.0,0.05999999999999961,0.5,20.0,8.39,21.16,0.0,4.181,7.61,12.77,-14.6,-2.880000000000007,6.6,53.5,38.9,September,0.0
Adelaide,6.3,16.2,5.6,2.2,7.61,SW,39.0,11.0,17.0,65.0,60.0,1025.3,1024.9,4.45,4.51,11.9,13.5,1,0,9.899999999999999,-5.0,0.05999999999999961,-0.3999999999998636,6.0,8.290000000000001,20.630000000000003,0.6800000000000004,4.221,7.61,12.34,-18.6,-2.4200000000000044,8.4,59.5,40.9,September,6.800000000000003
Adelaide,5.6,14.7,0.4,2.4,7.61,N,35.0,4.0,15.0,68.0,49.0,1025.1,1020.7,4.45,4.51,10.4,14.6,0,1,9.1,-19.0,0.05999999999999961,-4.399999999999864,11.0,7.42,20.46,1.2400000000000002,3.8939999999999997,7.61,13.040000000000001,-20.7,-2.609999999999991,8.8,62.0,41.3,September,12.400000000000002
Adelaide,9.2,16.2,4.8,1.0,7.61,E,28.0,9.0,11.0,69.0,53.0,1017.6,1017.2,4.45,4.51,12.0,15.4,1,0,7.0,-16.0,0.05999999999999961,-0.39999999999997726,2.0,7.38,20.31,1.2800000000000002,3.5869999999999997,7.61,12.929999999999998,-19.5,-2.8899999999999637,9.3,60.2,40.7,September,12.800000000000002
Adelaide,5.7,18.7,0.0,1.8,7.61,SSE,28.0,11.0,15.0,47.0,41.0,1024.7,1023.3,4.45,4.51,15.4,18.0,0,0,13.0,-6.0,0.05999999999999961,-1.400000000000091,4.0,7.88,20.07,1.7600000000000002,2.887,7.61,12.19,-18.6,-2.5199999999999703,8.9,59.5,40.9,September,17.6
Adelaide,6.9,21.2,0.0,5.47,7.61,N,35.0,20.0,17.0,33.0,21.0,1027.6,1023.9,4.45,4.51,17.2,20.7,0,0,14.299999999999999,-12.0,0.05999999999999961,-3.699999999999932,-3.0,7.9799999999999995,20.02,1.7600000000000002,2.967,7.61,12.04,-17.0,-2.2699999999999703,8.2,57.3,40.3,September,17.6
Adelaide,13.0,23.2,0.0,5.47,7.61,N,52.0,19.0,28.0,29.0,18.0,1023.7,1018.3,4.45,4.51,18.7,22.8,0,0,10.2,-11.0,0.05999999999999961,-5.400000000000091,9.0,8.09,19.94,1.7600000000000002,3.314,7.61,11.849999999999998,-17.6,-2.469999999999959,7.3,55.9,38.3,September,17.6
Adelaide,17.7,25.4,0.0,14.2,7.61,N,59.0,22.0,20.0,23.0,20.0,1012.8,1003.9,4.45,4.51,19.7,24.8,0,1,7.699999999999999,-3.0,0.05999999999999961,-8.899999999999977,-2.0,8.66,19.91,1.7600000000000002,3.621,7.61,11.25,-16.2,-2.769999999999982,7.3,52.7,36.5,September,17.6
Adelaide,11.7,20.5,4.6,4.6,7.61,WNW,72.0,17.0,22.0,70.0,31.0,1007.3,1004.9,4.45,4.51,14.8,18.3,1,1,8.8,-39.0,0.05999999999999961,-2.3999999999999773,5.0,9.65,19.979999999999997,1.7600000000000002,4.7010000000000005,7.61,10.329999999999998,-14.4,-3.339999999999975,6.2,49.7,35.3,September,17.6
Adelaide,11.4,18.4,1.4,2.6,7.61,WNW,41.0,20.0,20.0,74.0,61.0,1017.0,1016.7,4.45,4.51,15.1,17.0,1,1,6.999999999999998,-13.0,0.05999999999999961,-0.2999999999999545,0.0,9.97,19.53,2.22,4.614,7.61,9.559999999999999,-16.2,-3.1799999999999726,6.1,52.3,36.1,September,22.200000000000003
Adelaide,11.9,17.6,1.2,2.0,7.61,WSW,39.0,13.0,20.0,67.0,38.0,1022.2,1022.8,4.45,4.51,14.5,17.1,1,0,5.700000000000001,-29.0,0.05999999999999961,0.599999999999909,7.0,9.88,19.03,2.3600000000000003,4.274,7.61,9.15,-17.0,-2.6799999999999726,5.2,56.8,39.8,September,23.6
Adelaide,6.1,17.5,0.0,3.2,7.61,SW,30.0,9.0,15.0,54.0,49.0,1028.1,1026.0,4.45,4.51,13.9,17.2,0,0,11.4,-5.0,0.05999999999999961,-2.099999999999909,6.0,9.94,19.21,1.8000000000000003,4.174,7.61,9.27,-15.3,-2.6699999999999817,3.9,54.5,39.2,September,18.000000000000004
Adelaide,6.0,22.3,0.0,5.47,7.61,WNW,31.0,7.0,15.0,52.0,31.0,1025.1,1020.8,4.45,4.51,14.5,21.8,0,0,16.3,-21.0,0.05999999999999961,-4.2999999999999545,8.0,9.92,19.34,1.2400000000000004,4.274,7.61,9.419999999999998,-15.3,-2.8399999999999865,3.9,53.4,38.1,September,12.400000000000004
Adelaide,8.8,26.5,0.0,5.47,7.61,E,37.0,11.0,15.0,35.0,23.0,1019.2,1013.7,4.45,4.51,19.4,26.1,0,0,17.7,-12.0,0.05999999999999961,-5.5,4.0,9.96,20.1,1.2000000000000004,4.581,7.61,10.14,-15.5,-2.8299999999999956,3.6,51.8,36.3,September,12.000000000000004
Adelaide,12.7,18.1,0.2,10.0,7.61,S,57.0,26.0,24.0,77.0,69.0,1010.2,1013.5,4.45,4.51,15.0,16.2,0,0,5.400000000000002,-8.0,0.05999999999999961,3.2999999999999545,-2.0,9.92,21.130000000000003,0.7200000000000003,5.0280000000000005,7.61,11.209999999999999,-15.1,-3.3399999999999976,3.8,48.4,33.3,September,7.200000000000003
Adelaide,11.3,17.9,0.2,2.2,7.61,WSW,35.0,15.0,22.0,68.0,47.0,1018.7,1016.9,4.45,4.51,14.8,16.8,0,1,6.599999999999998,-21.0,0.05999999999999961,-1.8000000000000682,7.0,10.620000000000001,21.07,0.7400000000000003,5.848,7.61,10.45,-15.3,-2.869999999999993,3.2,51.4,36.1,September,7.400000000000003
Adelaide,9.6,16.8,2.2,2.6,7.61,W,39.0,19.0,19.0,75.0,38.0,1022.0,1022.0,4.45,4.51,13.0,16.2,1,0,7.200000000000001,-37.0,0.05999999999999961,0.0,0.0,11.06,20.74,0.7600000000000003,5.521,7.61,9.68,-16.2,-2.680000000000007,4.2,54.9,38.7,September,7.600000000000003
Adelaide,5.8,14.9,0.0,3.4,7.61,ESE,30.0,6.0,11.0,61.0,74.0,1027.4,1025.2,4.45,4.51,12.1,12.5,0,1,9.100000000000001,13.0,0.05999999999999961,-2.2000000000000455,5.0,10.719999999999999,20.1,0.9800000000000004,5.234,7.61,9.379999999999999,-18.8,-2.139999999999998,3.3,59.5,40.7,September,9.800000000000004
Adelaide,8.7,19.4,2.0,0.6,7.61,ENE,33.0,17.0,15.0,47.0,29.0,1026.4,1023.2,4.45,4.51,14.7,19.1,1,0,10.7,-18.0,0.05999999999999961,-3.2000000000000455,-2.0,9.53,19.05,0.9800000000000004,4.154000000000001,7.61,9.52,-17.2,-1.4700000000000046,4.0,63.3,46.1,September,9.800000000000004
Adelaide,11.4,23.2,0.0,5.47,7.61,E,35.0,15.0,15.0,28.0,23.0,1026.6,1024.6,4.45,4.51,18.0,22.5,0,0,11.799999999999999,-5.0,0.05999999999999961,-2.0,0.0,9.23,18.94,0.7200000000000004,3.754,7.61,9.709999999999999,-15.1,-1.5500000000000114,3.3,61.0,45.9,September,7.200000000000004
Adelaide,9.6,24.2,0.0,5.47,7.61,ENE,33.0,11.0,9.0,29.0,21.0,1030.6,1026.5,4.45,4.51,18.7,23.5,0,0,14.6,-8.0,0.05999999999999961,-4.099999999999909,-2.0,9.23,19.419999999999998,0.5800000000000004,4.0409999999999995,7.61,10.190000000000001,-14.3,-1.720000000000016,3.3,56.4,42.1,September,5.800000000000004
Adelaide,9.5,26.7,0.0,12.6,7.61,NNW,37.0,15.0,13.0,21.0,9.0,1026.0,1021.2,4.45,4.51,20.5,26.2,0,0,17.2,-12.0,0.05999999999999961,-4.7999999999999545,-2.0,9.0,20.080000000000002,0.4600000000000004,4.388,7.61,11.080000000000002,-12.2,-2.1899999999999977,2.4,52.6,40.4,September,4.600000000000004
Adelaide,16.7,26.8,0.0,5.4,7.61,N,44.0,19.0,20.0,42.0,27.0,1021.0,1015.9,4.45,4.51,21.3,25.9,0,1,10.100000000000001,-15.0,0.05999999999999961,-5.100000000000023,1.0,9.34,21.0,0.4600000000000004,5.328,7.61,11.66,-12.9,-2.460000000000002,1.6,49.3,36.4,September,4.600000000000004
Adelaide,14.9,23.1,1.2,5.0,7.61,W,33.0,9.0,19.0,61.0,54.0,1015.5,1013.7,4.45,4.51,19.2,21.9,1,0,8.200000000000001,-7.0,0.05999999999999961,-1.7999999999999545,10.0,10.41,21.45,0.4600000000000004,5.321,7.61,11.04,-12.3,-2.540000000000009,0.9,48.3,36.0,September,4.600000000000004
Adelaide,13.9,16.9,0.0,3.8,7.61,WSW,31.0,17.0,13.0,65.0,53.0,1023.0,1022.3,4.45,4.51,15.1,15.4,0,0,2.9999999999999982,-12.0,0.05999999999999961,-0.7000000000000455,-4.0,11.02,21.11,0.5800000000000004,5.274,7.61,10.09,-11.8,-2.1700000000000044,1.5,50.9,39.1,September,5.800000000000004
Adelaide,11.2,22.0,0.8,2.2,7.61,SW,26.0,9.0,11.0,86.0,58.0,1023.8,1020.9,4.45,4.51,13.1,18.2,0,0,10.8,-28.0,0.05999999999999961,-2.8999999999999773,2.0,11.139999999999999,20.99,0.5600000000000004,4.654,7.61,9.85,-12.2,-2.5700000000000047,1.3,49.7,37.5,September,5.600000000000004
Adelaide,11.8,30.6,0.0,5.47,7.61,N,48.0,17.0,19.0,32.0,19.0,1018.9,1014.6,4.45,4.51,22.0,30.1,0,0,18.8,-13.0,0.05999999999999961,-4.2999999999999545,2.0,11.129999999999999,21.4,0.6200000000000003,4.654,7.61,10.27,-12.9,-2.6799999999999953,0.8,51.5,38.6,September,6.200000000000004
Adelaide,21.6,29.6,0.0,5.47,7.61,NNW,67.0,30.0,28.0,20.0,36.0,1009.4,1007.6,4.45,4.51,25.1,25.0,0,0,8.0,16.0,0.05999999999999961,-1.7999999999999545,-2.0,11.35,22.78,0.40000000000000036,4.941000000000001,7.61,11.43,-10.5,-3.109999999999991,1.0,47.2,36.7,September,4.0000000000000036
Adelaide,12.0,21.9,0.0,14.8,7.61,W,41.0,15.0,20.0,75.0,44.0,1016.6,1013.5,4.45,4.51,15.8,21.0,0,0,9.899999999999999,-31.0,0.05999999999999961,-3.1000000000000227,5.0,12.930000000000001,24.25,0.40000000000000036,5.148,7.61,11.319999999999999,-10.2,-3.0699999999999816,0.3,43.1,32.9,September,4.0000000000000036
Adelaide,11.2,21.1,0.0,4.0,7.61,W,59.0,22.0,30.0,52.0,65.0,1014.7,1017.0,4.45,4.51,19.3,16.8,0,0,9.900000000000002,13.0,0.05999999999999961,2.2999999999999545,8.0,13.26,24.5,0.20000000000000034,6.5680000000000005,7.61,11.24,-11.5,-3.0599999999999796,1.0,45.9,34.4,September,2.0000000000000036
Adelaide,9.4,18.5,0.8,3.2,7.61,WSW,37.0,13.0,20.0,43.0,46.0,1028.2,1026.7,4.45,4.51,15.0,17.6,0,0,9.1,3.0,0.05999999999999961,-1.5,7.0,13.24,24.29,0.20000000000000034,6.421000000000001,7.61,11.05,-9.7,-2.629999999999984,1.8,48.3,38.6,October,2.0000000000000036
Adelaide,6.5,19.5,0.0,4.0,7.61,WSW,30.0,9.0,17.0,57.0,50.0,1029.0,1025.0,4.45,4.51,14.0,17.7,0,0,13.0,-7.0,0.05999999999999961,-4.0,8.0,13.220000000000002,23.72,0.28000000000000036,6.194,7.61,10.5,-8.6,-2.369999999999993,2.7,49.7,41.1,October,2.8000000000000034
Adelaide,7.8,26.5,0.0,4.0,7.61,N,26.0,11.0,9.0,47.0,27.0,1021.2,1016.4,4.45,4.51,18.4,25.8,0,0,18.7,-20.0,0.05999999999999961,-4.800000000000068,-2.0,12.920000000000002,23.0,0.28000000000000036,5.3340000000000005,7.61,10.080000000000002,-8.1,-2.289999999999998,3.7,53.3,45.2,October,2.8000000000000034
Adelaide,12.1,31.9,0.0,5.47,7.61,NNW,39.0,13.0,19.0,23.0,15.0,1015.3,1012.1,4.45,4.51,24.4,30.9,0,0,19.799999999999997,-8.0,0.05999999999999961,-3.199999999999932,6.0,12.03,22.97,0.28000000000000036,5.194,7.61,10.940000000000001,-8.6,-2.2600000000000025,3.4,53.8,45.2,October,2.8000000000000034
Adelaide,13.6,28.7,0.0,5.47,7.61,NNE,24.0,11.0,6.0,63.0,40.0,1017.3,1012.7,4.45,4.51,16.6,25.1,0,0,15.1,-23.0,0.05999999999999961,-4.599999999999909,-5.0,11.75,23.85,0.16000000000000036,5.241,7.61,12.1,-8.7,-2.4,3.0,50.0,41.3,October,1.6000000000000036
Adelaide,16.6,29.1,0.0,5.47,7.61,NW,85.0,19.0,33.0,16.0,64.0,1002.8,1002.0,4.45,4.51,27.8,22.3,0,0,12.5,48.0,0.05999999999999961,-0.7999999999999545,14.0,11.72,25.03,0.16000000000000036,5.4079999999999995,7.61,13.309999999999999,-9.8,-2.7899999999999863,2.9,49.8,40.0,October,1.6000000000000036
Adelaide,13.2,18.9,0.0,17.6,7.61,SW,43.0,24.0,13.0,66.0,41.0,1018.8,1020.3,4.45,4.51,14.3,18.0,0,0,5.699999999999999,-25.0,0.05999999999999961,1.5,-11.0,12.26,25.740000000000002,0.08000000000000036,5.734999999999999,7.61,13.479999999999999,-2.2,-2.579999999999984,4.1,42.8,40.6,October,0.8000000000000036
Adelaide,9.2,20.5,0.0,3.6,7.61,S,28.0,7.0,13.0,73.0,46.0,1024.6,1023.1,4.45,4.51,12.9,19.4,0,0,11.3,-27.0,0.05999999999999961,-1.4999999999998863,6.0,12.4,24.57,0.08000000000000036,6.948,7.61,12.17,-3.4,-1.9999999999999887,2.8,46.2,42.8,October,0.8000000000000036
Adelaide,8.1,29.4,0.0,3.0,7.61,N,31.0,13.0,17.0,36.0,14.0,1020.1,1015.7,4.45,4.51,19.4,27.9,0,0,21.299999999999997,-22.0,0.05999999999999961,-4.399999999999977,4.0,11.16,23.66,0.08000000000000036,6.761,7.61,12.5,-7.7,-1.9699999999999818,3.6,51.5,43.8,October,0.8000000000000036
Adelaide,15.4,32.1,0.0,5.8,7.61,WSW,35.0,6.0,11.0,27.0,10.0,1012.7,1009.6,4.45,4.51,21.8,31.7,0,0,16.700000000000003,-17.0,0.05999999999999961,-3.1000000000000227,5.0,10.77,24.41,0.08000000000000036,5.581,7.61,13.639999999999997,-6.8,-2.0999999999999774,3.5,47.6,40.8,October,0.8000000000000036
Adelaide,12.7,21.7,0.0,5.47,7.61,S,30.0,13.0,17.0,62.0,49.0,1018.0,1014.2,4.45,4.51,15.2,20.5,0,0,9.0,-13.0,0.05999999999999961,-3.7999999999999545,4.0,11.190000000000001,25.509999999999998,0.08000000000000036,5.761000000000001,7.61,14.319999999999999,-9.8,-2.639999999999975,3.2,45.1,35.3,October,0.8000000000000036
Adelaide,9.5,21.5,0.0,5.47,7.61,SW,41.0,4.0,15.0,75.0,50.0,1013.4,1011.3,4.45,4.51,14.5,20.6,0,0,12.0,-25.0,0.05999999999999961,-2.1000000000000227,11.0,11.52,25.830000000000002,0.0,5.988,7.61,14.309999999999999,-11.4,-2.8699999999999704,2.9,47.0,35.6,October,0.0
Adelaide,9.3,16.7,0.0,15.8,7.61,SSW,50.0,20.0,19.0,49.0,31.0,1021.0,1022.2,4.45,4.51,12.3,16.1,0,0,7.399999999999999,-18.0,0.05999999999999961,1.2000000000000455,-1.0,11.82,26.03,0.0,6.135,7.61,14.209999999999999,-13.2,-2.6799999999999726,3.2,48.8,35.6,October,0.0
Adelaide,6.1,16.5,0.0,3.8,7.61,S,39.0,15.0,20.0,52.0,38.0,1027.9,1026.4,4.45,4.51,12.8,15.6,0,0,10.4,-14.0,0.05999999999999961,-1.5,5.0,11.97,25.05,0.0,7.315,7.61,13.080000000000002,-13.0,-2.0799999999999614,3.3,49.0,36.0,October,0.0
Adelaide,5.1,18.0,0.0,3.0,7.61,W,31.0,7.0,20.0,49.0,39.0,1026.4,1023.6,4.45,4.51,13.1,17.0,0,0,12.9,-10.0,0.05999999999999961,-2.800000000000068,13.0,11.37,23.509999999999998,0.0,7.148000000000001,7.61,12.139999999999999,-13.6,-1.9099999999999682,3.2,51.9,38.3,October,0.0
Adelaide,7.6,19.1,0.0,3.4,7.61,WSW,30.0,7.0,15.0,61.0,44.0,1025.0,1023.5,4.45,4.51,12.0,18.6,0,0,11.500000000000002,-17.0,0.05999999999999961,-1.5,8.0,10.52,22.44,0.0,6.901000000000001,7.61,11.92,-12.3,-1.729999999999984,5.0,50.5,38.2,October,0.0
Adelaide,8.5,27.9,0.0,3.2,7.61,NNE,31.0,20.0,15.0,38.0,15.0,1024.5,1021.4,4.45,4.51,17.2,27.4,0,0,19.4,-23.0,0.05999999999999961,-3.1000000000000227,-5.0,9.62,21.44,0.0,6.694000000000001,7.61,11.82,-18.8,-1.7999999999999887,4.4,55.0,36.2,October,0.0
Adelaide,15.4,32.6,0.0,5.47,7.61,NW,41.0,15.0,24.0,16.0,9.0,1021.4,1019.3,4.45,4.51,24.3,30.8,0,0,17.200000000000003,-7.0,0.05999999999999961,-2.1000000000000227,9.0,9.15,22.34,0.0,5.254,7.61,13.190000000000001,-18.6,-2.259999999999991,5.0,52.2,33.6,October,0.0
Adelaide,16.3,32.8,0.0,5.47,7.61,NW,39.0,7.0,13.0,19.0,13.0,1020.8,1020.1,4.45,4.51,24.8,30.9,0,0,16.499999999999996,-6.0,0.05999999999999961,-0.6999999999999318,6.0,9.77,23.55,0.0,5.441000000000001,7.61,13.780000000000001,-16.6,-2.3200000000000047,5.3,46.5,29.9,October,0.0
Adelaide,13.4,32.5,0.0,19.4,7.61,E,46.0,7.0,11.0,48.0,17.0,1024.4,1020.9,4.45,4.51,19.3,31.8,0,0,19.1,-31.0,0.05999999999999961,-3.5000000000001137,4.0,10.59,23.889999999999997,0.0,5.688000000000001,7.61,13.3,-15.0,-1.95,5.5,44.8,29.8,October,0.0
Adelaide,19.3,37.3,0.0,10.4,7.61,E,43.0,22.0,20.0,17.0,9.0,1019.8,1017.1,4.45,4.51,28.8,36.9,0,0,17.999999999999996,-8.0,0.05999999999999961,-2.699999999999932,-2.0,10.39,23.93,0.0,7.047999999999999,7.61,13.540000000000001,-16.4,-1.990000000000009,5.4,46.9,30.5,October,0.0
Adelaide,20.4,32.2,0.0,6.4,7.61,S,43.0,6.0,22.0,28.0,29.0,1016.5,1016.1,4.45,4.51,27.2,29.1,0,0,11.800000000000004,1.0,0.05999999999999961,-0.39999999999997726,16.0,11.05,25.490000000000002,0.0,7.5409999999999995,7.61,14.440000000000001,-15.9,-1.8800000000000068,4.8,42.4,26.5,October,0.0
Adelaide,13.3,24.4,0.0,7.0,7.61,W,28.0,6.0,15.0,65.0,52.0,1018.0,1014.6,4.45,4.51,17.9,23.1,0,0,11.099999999999998,-13.0,0.05999999999999961,-3.3999999999999773,9.0,12.14,26.560000000000002,0.0,7.634,7.61,14.419999999999998,-13.3,-1.7100000000000022,5.3,37.7,24.4,October,0.0
Adelaide,14.0,33.1,0.0,3.8,7.61,SSW,30.0,7.0,9.0,50.0,15.0,1015.1,1012.9,4.45,4.51,22.1,31.7,0,0,19.1,-35.0,0.05999999999999961,-2.2000000000000455,2.0,12.540000000000001,27.330000000000002,0.0,6.7540000000000004,7.61,14.790000000000001,-12.8,-2.1700000000000044,6.3,39.3,26.5,October,0.0
Adelaide,15.5,25.5,0.0,5.47,7.61,WNW,26.0,6.0,19.0,54.0,51.0,1017.5,1016.0,4.45,4.51,20.2,23.6,0,0,10.0,-3.0,0.05999999999999961,-1.5,13.0,13.330000000000002,28.99,0.0,6.754,7.61,15.66,-14.9,-2.240000000000009,6.0,39.1,24.2,October,0.0
Adelaide,14.2,28.7,0.0,5.47,7.61,SW,37.0,9.0,7.0,67.0,52.0,1012.8,1008.7,4.45,4.51,18.3,24.8,0,1,14.5,-15.0,0.05999999999999961,-4.099999999999909,-2.0,14.370000000000001,29.74,0.0,7.0009999999999994,7.61,15.370000000000001,-14.2,-2.110000000000002,6.0,39.6,25.4,October,0.0
Adelaide,13.8,19.7,4.0,14.8,7.61,W,57.0,24.0,24.0,56.0,47.0,1016.1,1017.9,4.45,4.51,15.4,18.5,1,0,5.899999999999999,-9.0,0.05999999999999961,1.7999999999999545,0.0,15.029999999999998,30.699999999999996,0.0,7.208,7.61,15.670000000000002,-14.0,-2.369999999999993,5.0,40.2,26.2,October,0.0
Adelaide,13.6,21.7,0.2,5.0,7.61,NW,41.0,15.0,20.0,79.0,47.0,1019.7,1019.4,4.45,4.51,15.6,20.4,0,0,8.1,-32.0,0.05999999999999961,-0.3000000000000682,5.0,15.559999999999999,29.880000000000003,0.40000000000000036,8.368,7.61,14.320000000000002,-12.6,-1.8799999999999955,5.5,42.0,29.4,October,4.0000000000000036
Adelaide,11.7,24.6,0.0,4.8,7.61,WSW,28.0,11.0,13.0,66.0,35.0,1020.3,1017.2,4.45,4.51,17.4,24.0,0,0,12.900000000000002,-31.0,0.05999999999999961,-3.099999999999909,2.0,15.38,28.790000000000003,0.4200000000000004,8.321000000000002,7.61,13.41,-15.1,-1.7,5.1,48.3,33.2,October,4.200000000000004
Adelaide,10.9,28.2,0.0,4.0,7.61,W,28.0,6.0,9.0,64.0,20.0,1016.8,1013.0,4.45,4.51,17.2,25.8,0,0,17.299999999999997,-44.0,0.05999999999999961,-3.7999999999999545,3.0,14.919999999999998,27.97,0.4200000000000004,8.254000000000001,7.61,13.05,-17.6,-1.9399999999999977,4.7,53.0,35.4,October,4.200000000000004
Adelaide,14.1,35.2,0.0,5.2,7.61,NNW,48.0,19.0,17.0,18.0,17.0,1005.0,1000.8,4.45,4.51,26.9,32.4,0,1,21.1,-1.0,0.05999999999999961,-4.2000000000000455,-2.0,14.669999999999998,27.540000000000003,0.4200000000000004,6.714,7.61,12.87,-18.9,-1.9699999999999818,4.6,54.6,35.7,October,4.200000000000004
Adelaide,13.2,17.8,2.0,5.47,7.61,SW,54.0,26.0,28.0,50.0,33.0,1015.1,1018.3,4.45,4.51,14.3,17.1,1,0,4.600000000000001,-17.0,0.05999999999999961,3.199999999999932,2.0,14.15,27.330000000000002,0.4200000000000004,6.194,7.61,13.180000000000001,-18.2,-2.119999999999993,4.6,54.7,36.5,November,4.200000000000004
Adelaide,11.9,19.9,0.0,5.47,7.61,WSW,33.0,11.0,17.0,43.0,38.0,1026.7,1024.5,4.45,4.51,14.4,19.4,0,0,7.999999999999998,-5.0,0.05999999999999961,-2.2000000000000455,6.0,13.429999999999998,25.890000000000004,0.6200000000000003,6.101,7.61,12.459999999999999,-20.0,-1.7600000000000022,3.2,56.9,36.9,November,6.200000000000004
Adelaide,13.1,29.3,0.0,19.2,7.61,N,46.0,15.0,9.0,30.0,14.0,1021.5,1017.4,4.45,4.51,19.4,27.0,0,0,16.200000000000003,-16.0,0.05999999999999961,-4.100000000000023,-6.0,13.290000000000001,25.44,0.6200000000000003,5.948,7.61,12.15,-19.2,-1.640000000000009,2.9,54.7,35.5,November,6.200000000000004
Adelaide,16.5,22.5,0.0,6.2,7.61,SW,48.0,22.0,20.0,70.0,35.0,1017.0,1018.7,4.45,4.51,17.8,21.7,0,0,6.0,-35.0,0.05999999999999961,1.7000000000000455,-2.0,13.2,25.060000000000002,0.6200000000000003,7.4879999999999995,7.61,11.86,-17.3,-1.8300000000000067,2.1,52.7,35.4,November,6.200000000000004
Adelaide,9.9,20.9,0.0,5.8,7.61,SW,39.0,13.0,22.0,54.0,44.0,1023.7,1021.3,4.45,4.51,14.8,19.3,0,0,10.999999999999998,-10.0,0.05999999999999961,-2.400000000000091,9.0,13.3,24.76,0.6200000000000003,7.561,7.61,11.459999999999999,-20.5,-1.5100000000000022,0.6,54.3,33.8,November,6.200000000000004
Adelaide,9.7,28.9,0.0,5.2,7.61,WNW,28.0,11.0,15.0,33.0,16.0,1018.0,1014.6,4.45,4.51,17.3,28.3,0,0,19.2,-17.0,0.05999999999999961,-3.3999999999999773,4.0,12.870000000000001,23.98,0.6200000000000003,7.593999999999999,7.61,11.11,-20.0,-1.3400000000000205,1.7,53.0,33.0,November,6.200000000000004
Adelaide,16.8,36.6,0.0,6.6,7.61,NW,44.0,15.0,20.0,14.0,6.0,1013.2,1010.7,4.45,4.51,28.8,35.9,0,0,19.8,-8.0,0.05999999999999961,-2.5,5.0,12.459999999999999,24.9,0.22000000000000036,6.634,7.61,12.440000000000001,-20.8,-1.8600000000000136,2.1,50.7,29.9,November,2.2000000000000037
Adelaide,21.3,21.9,2.36,5.47,7.61,SW,41.0,22.0,19.0,61.0,47.0,1017.1,1020.3,4.45,4.51,21.4,19.9,0,0,0.5999999999999979,-14.0,0.05999999999999961,3.199999999999932,-3.0,12.78,26.389999999999997,0.20000000000000034,6.794,7.61,13.61,-18.4,-2.0800000000000067,2.1,44.2,25.8,November,2.0000000000000036
Adelaide,10.5,22.8,0.6,5.47,7.61,WSW,44.0,13.0,24.0,56.0,41.0,1025.1,1022.8,4.45,4.51,16.0,21.7,0,0,12.3,-15.0,0.05999999999999961,-2.2999999999999545,11.0,13.74,26.119999999999997,0.4360000000000003,6.861,7.61,12.38,-16.7,-1.4500000000000228,1.6,43.7,27.0,November,4.360000000000003
Adelaide,9.9,26.6,0.0,18.4,7.61,W,35.0,7.0,13.0,56.0,30.0,1026.1,1022.8,4.45,4.51,17.1,25.6,0,0,16.700000000000003,-26.0,0.05999999999999961,-3.2999999999999545,6.0,13.7,25.580000000000002,0.4960000000000003,7.008,7.61,11.879999999999999,-13.8,-1.3000000000000227,2.4,42.9,29.1,November,4.960000000000003
Adelaide,10.7,28.2,0.0,6.2,7.61,N,22.0,7.0,11.0,46.0,31.0,1022.8,1018.3,4.45,4.51,18.3,26.7,0,0,17.5,-15.0,0.05999999999999961,-4.5,4.0,13.279999999999998,24.72,0.4960000000000003,8.328,7.61,11.440000000000001,-16.3,-1.2100000000000137,3.2,46.7,30.4,November,4.960000000000003
Adelaide,13.5,35.3,0.0,5.0,7.61,W,22.0,0.0,13.0,20.0,11.0,1015.8,1012.4,4.45,4.51,25.9,34.4,0,0,21.799999999999997,-9.0,0.05999999999999961,-3.3999999999999773,13.0,13.029999999999998,25.76,0.2960000000000003,8.401,7.61,12.73,-16.1,-1.9800000000000069,3.4,46.3,30.2,November,2.960000000000003
Adelaide,23.8,38.8,0.0,9.4,7.61,NW,46.0,19.0,20.0,10.0,7.0,1009.1,1006.4,4.45,4.51,30.9,37.6,0,0,14.999999999999996,-3.0,0.05999999999999961,-2.7000000000000455,1.0,13.190000000000001,27.3,0.2960000000000004,8.354,7.61,14.11,-16.5,-2.1,4.1,44.0,27.5,November,2.9600000000000035
Adelaide,20.6,24.1,0.0,7.6,7.61,SE,37.0,9.0,7.0,41.0,46.0,1011.9,1011.9,4.45,4.51,22.9,23.6,0,0,3.5,5.0,0.05999999999999961,0.0,-2.0,14.26,28.25,0.2960000000000004,7.3740000000000006,7.61,13.989999999999998,-15.2,-1.9600000000000022,4.8,42.0,26.8,November,2.9600000000000035
Adelaide,16.2,25.2,0.0,5.47,7.61,WSW,39.0,11.0,7.0,48.0,47.0,1010.2,1006.4,4.45,4.51,20.4,24.6,0,1,9.0,-1.0,0.05999999999999961,-3.800000000000068,-4.0,14.669999999999998,28.409999999999997,0.2960000000000004,7.514,7.61,13.739999999999998,-11.2,-2.130000000000007,4.8,39.1,27.9,November,2.9600000000000035
Adelaide,11.6,20.7,6.0,5.47,7.61,SW,39.0,20.0,17.0,53.0,42.0,1017.2,1016.6,4.45,4.51,14.8,19.7,1,0,9.1,-11.0,0.05999999999999961,-0.6000000000000227,-3.0,15.3,28.840000000000003,0.2960000000000004,7.481,7.61,13.540000000000001,-10.3,-2.2700000000000045,3.5,38.5,28.2,November,2.9600000000000035
Adelaide,12.0,23.0,0.0,11.0,7.61,W,31.0,13.0,15.0,62.0,39.0,1019.4,1018.8,4.45,4.51,17.1,22.0,0,0,11.0,-23.0,0.05999999999999961,-0.6000000000000227,2.0,15.49,28.02,0.8960000000000005,7.508,7.61,12.53,-9.7,-1.990000000000009,2.8,40.5,30.8,November,8.960000000000004
Adelaide,12.3,24.0,0.0,4.8,7.61,WNW,30.0,9.0,11.0,51.0,37.0,1023.2,1020.9,4.45,4.51,16.8,21.8,0,0,11.7,-14.0,0.05999999999999961,-2.300000000000068,2.0,15.010000000000002,26.660000000000004,0.8960000000000005,7.947999999999999,7.61,11.65,-11.2,-1.8000000000000114,2.5,45.3,34.1,November,8.960000000000004
Adelaide,11.3,33.3,0.0,4.4,7.61,NW,39.0,7.0,19.0,41.0,11.0,1016.8,1012.2,4.45,4.51,21.2,32.7,0,0,21.999999999999996,-30.0,0.05999999999999961,-4.599999999999909,12.0,14.11,26.869999999999997,0.6600000000000004,7.8809999999999985,7.61,12.760000000000002,-11.2,-2.350000000000011,3.0,44.3,33.1,November,6.600000000000003
Adelaide,21.1,24.4,0.4,8.0,7.61,NW,41.0,7.0,20.0,77.0,82.0,1009.7,1007.6,4.45,4.51,22.3,22.6,0,1,3.299999999999997,5.0,0.05999999999999961,-2.1000000000000227,13.0,14.190000000000001,27.919999999999998,0.6000000000000003,7.773999999999999,7.61,13.729999999999999,-12.7,-2.5800000000000067,3.1,42.8,30.1,November,6.0000000000000036
Adelaide,14.5,27.1,6.6,1.8,7.61,SSW,24.0,7.0,9.0,57.0,27.0,1013.5,1011.4,4.45,4.51,18.2,25.5,1,1,12.600000000000001,-30.0,0.05999999999999961,-2.1000000000000227,2.0,15.309999999999999,27.7,0.6400000000000003,6.734,7.61,12.389999999999997,-9.6,-2.4600000000000137,3.8,44.9,35.3,November,6.400000000000004
Adelaide,18.2,24.4,1.6,5.47,7.61,NNE,43.0,0.0,11.0,89.0,83.0,1010.2,1006.9,4.45,4.51,19.3,22.3,1,1,6.199999999999999,-6.0,0.05999999999999961,-3.300000000000068,11.0,15.690000000000001,27.589999999999996,1.3000000000000003,6.294,7.61,11.899999999999999,-11.1,-2.2200000000000157,3.6,46.0,34.9,November,13.000000000000004
Adelaide,12.5,28.2,7.2,5.47,7.61,E,39.0,4.0,15.0,60.0,32.0,1012.2,1012.5,4.45,4.51,19.6,26.0,1,0,15.7,-28.0,0.05999999999999961,0.2999999999999545,11.0,16.160000000000004,26.5,1.4600000000000004,6.340999999999999,7.61,10.34,-10.8,-2.210000000000025,3.4,52.9,42.1,November,14.600000000000003
Adelaide,18.2,23.0,0.0,13.8,7.61,WSW,46.0,19.0,26.0,50.0,51.0,1012.4,1015.0,4.45,4.51,20.2,20.5,0,0,4.800000000000001,1.0,0.05999999999999961,2.6000000000000227,7.0,15.030000000000001,25.439999999999998,2.1800000000000006,5.9479999999999995,7.61,10.41,-13.3,-1.910000000000025,4.4,57.9,44.6,November,21.800000000000004
Adelaide,11.1,22.2,0.0,6.2,7.61,SW,31.0,7.0,17.0,59.0,31.0,1023.4,1022.5,4.45,4.51,16.2,20.9,0,0,11.1,-28.0,0.05999999999999961,-0.8999999999999773,10.0,14.790000000000001,25.33,2.1800000000000006,6.5680000000000005,7.61,10.540000000000001,-13.7,-1.6500000000000228,5.3,58.8,45.1,November,21.800000000000004
Adelaide,10.4,25.5,0.0,5.4,7.61,SSE,35.0,6.0,20.0,52.0,43.0,1024.1,1021.3,4.45,4.51,17.5,23.6,0,0,15.1,-9.0,0.05999999999999961,-2.7999999999999545,14.0,14.279999999999998,25.03,2.1800000000000006,6.641,7.61,10.75,-16.4,-1.3600000000000136,6.7,59.9,43.5,November,21.800000000000004
Adelaide,13.2,28.6,0.0,5.8,7.61,SE,31.0,9.0,15.0,52.0,25.0,1024.1,1020.6,4.45,4.51,19.3,27.4,0,0,15.400000000000002,-27.0,0.05999999999999961,-3.4999999999998863,6.0,14.16,25.51,1.5800000000000005,6.634,7.61,11.35,-16.2,-1.5800000000000067,8.4,59.8,43.6,November,15.800000000000004
Adelaide,11.9,31.6,0.0,7.2,7.61,WSW,30.0,7.0,19.0,35.0,23.0,1020.0,1016.4,4.45,4.51,22.9,29.0,0,0,19.700000000000003,-12.0,0.05999999999999961,-3.6000000000000227,12.0,14.279999999999998,26.07,1.5800000000000005,6.114,7.61,11.79,-16.6,-1.8699999999999932,8.8,58.8,42.2,November,15.800000000000004
Adelaide,15.6,35.7,0.0,5.47,7.61,WNW,30.0,2.0,11.0,32.0,11.0,1011.8,1008.5,4.45,4.51,25.6,35.2,0,0,20.1,-21.0,0.05999999999999961,-3.2999999999999545,9.0,14.24,26.830000000000002,1.5800000000000005,6.354,7.61,12.59,-16.4,-1.9999999999999887,9.8,57.2,40.8,November,15.800000000000004
Adelaide,25.6,30.6,0.0,5.47,7.61,NW,46.0,19.0,17.0,14.0,37.0,1005.6,1005.7,4.45,4.51,29.1,29.7,0,0,5.0,23.0,0.05999999999999961,0.10000000000002274,-2.0,14.669999999999998,27.07,1.5800000000000005,6.461,7.61,12.400000000000002,-15.5,-1.8699999999999932,9.5,56.3,40.8,November,15.800000000000004
Adelaide,17.5,24.6,0.0,20.0,7.61,W,31.0,15.0,15.0,69.0,48.0,1010.3,1009.1,4.45,4.51,18.7,22.8,0,0,7.100000000000001,-21.0,0.05999999999999961,-1.1999999999999318,0.0,15.120000000000001,27.689999999999998,1.5400000000000005,6.208,7.61,12.570000000000002,-13.7,-1.6499999999999886,8.0,50.0,36.3,December,15.400000000000004
Adelaide,14.3,29.3,0.0,3.8,7.61,ENE,24.0,13.0,7.0,53.0,35.0,1010.0,1008.9,4.45,4.51,20.7,27.5,0,0,15.0,-18.0,0.05999999999999961,-1.1000000000000227,-6.0,15.420000000000002,27.439999999999998,0.8800000000000004,8.028,7.61,12.02,-12.8,-1.5599999999999796,7.8,51.2,38.4,December,8.800000000000004
Adelaide,20.6,32.8,0.0,4.8,7.61,W,35.0,15.0,20.0,44.0,36.0,1007.9,1006.8,4.45,4.51,26.3,31.9,0,0,12.199999999999996,-8.0,0.05999999999999961,-1.1000000000000227,5.0,15.029999999999998,27.93,0.7200000000000004,7.861,7.61,12.9,-14.0,-1.339999999999975,6.1,47.6,33.6,December,7.200000000000005
Adelaide,18.3,25.3,0.0,9.2,7.61,SW,39.0,15.0,17.0,71.0,52.0,1013.5,1012.2,4.45,4.51,20.2,24.5,0,0,7.0,-19.0,0.05999999999999961,-1.2999999999999545,2.0,15.839999999999998,28.389999999999997,0.0,7.794,7.61,12.55,-12.0,-1.4799999999999727,5.5,46.0,34.0,December,0.0
Adelaide,17.5,24.6,0.0,4.2,7.61,WSW,43.0,15.0,20.0,63.0,46.0,1012.6,1010.7,4.45,4.51,18.7,24.3,0,0,7.100000000000001,-17.0,0.05999999999999961,-1.8999999999999773,5.0,15.85,28.619999999999997,0.0,7.333999999999999,7.61,12.77,-14.0,-1.8699999999999704,5.0,48.1,34.1,December,0.0
Adelaide,16.4,23.7,2.36,5.47,7.61,S,43.0,15.0,20.0,63.0,50.0,1012.1,1010.6,4.45,4.51,18.8,21.6,0,0,7.300000000000001,-13.0,0.05999999999999961,-1.5,5.0,16.490000000000002,28.860000000000003,0.0,7.134,7.61,12.370000000000001,-12.9,-1.9699999999999704,4.5,48.5,35.6,December,0.0
Adelaide,15.8,25.3,2.36,5.47,7.61,WSW,37.0,11.0,19.0,67.0,51.0,1008.8,1007.0,4.45,4.51,19.1,24.2,0,0,9.5,-16.0,0.05999999999999961,-1.7999999999999545,8.0,17.09,28.68,0.23600000000000035,7.141,7.61,11.59,-13.3,-1.839999999999975,3.6,49.6,36.3,December,2.3600000000000034
Adelaide,15.9,29.5,0.0,16.2,7.61,W,39.0,6.0,15.0,62.0,44.0,1011.1,1009.7,4.45,4.51,21.1,26.7,0,0,13.6,-18.0,0.05999999999999961,-1.3999999999999773,9.0,17.35,28.35,0.4720000000000003,7.108,7.61,11.0,-12.2,-1.6699999999999817,3.8,51.1,38.9,December,4.720000000000003
Adelaide,14.9,32.3,0.0,6.6,7.61,WSW,30.0,7.0,17.0,51.0,29.0,1012.8,1011.1,4.45,4.51,22.4,30.0,0,0,17.4,-22.0,0.05999999999999961,-1.6999999999999318,10.0,17.75,28.139999999999997,0.4720000000000003,8.008,7.61,10.39,-12.8,-1.4499999999999773,3.5,53.8,41.0,December,4.720000000000003
Adelaide,19.1,23.4,0.0,7.4,7.61,SSE,43.0,6.0,6.0,52.0,88.0,1010.9,1011.8,4.45,4.51,22.7,19.5,0,1,4.299999999999997,36.0,0.05999999999999961,0.8999999999999773,0.0,17.68,27.8,0.4720000000000003,8.120999999999999,7.61,10.12,-12.9,-1.289999999999975,3.6,55.7,42.8,December,4.720000000000003
Adelaide,15.9,25.8,3.0,2.0,7.61,SE,46.0,7.0,19.0,57.0,42.0,1016.4,1016.9,4.45,4.51,18.6,24.8,1,0,9.9,-15.0,0.05999999999999961,0.5,12.0,17.029999999999998,27.080000000000002,0.4720000000000003,8.314,7.61,10.05,-11.6,-1.2099999999999795,3.8,59.5,47.9,December,4.720000000000003
Adelaide,13.9,31.1,0.0,7.2,7.61,ESE,39.0,13.0,15.0,46.0,36.0,1018.8,1015.6,4.45,4.51,21.6,29.3,0,0,17.200000000000003,-10.0,0.05999999999999961,-3.199999999999932,2.0,16.869999999999997,27.2,0.7720000000000004,6.514,7.61,10.33,-11.0,-1.0399999999999863,5.0,58.3,47.3,December,7.720000000000003
Adelaide,16.7,35.9,2.36,5.47,7.61,WSW,43.0,15.0,22.0,20.0,13.0,1012.3,1009.1,4.45,4.51,29.1,34.6,0,0,19.2,-7.0,0.05999999999999961,-3.199999999999932,7.0,16.830000000000002,27.380000000000003,0.7720000000000004,6.854000000000001,7.61,10.55,-10.2,-1.2499999999999774,5.8,57.6,47.4,December,7.720000000000003
Adelaide,19.7,28.6,0.4,5.47,7.61,WSW,31.0,6.0,17.0,61.0,39.0,1010.1,1009.5,4.45,4.51,24.4,27.0,0,0,8.900000000000002,-22.0,0.05999999999999961,-0.6000000000000227,11.0,16.439999999999998,27.689999999999998,1.0080000000000005,6.920999999999999,7.61,11.25,-10.1,-1.4599999999999682,6.0,55.2,45.1,December,10.080000000000004
Adelaide,14.8,29.0,0.0,24.8,7.61,WSW,31.0,4.0,17.0,48.0,38.0,1007.7,1003.9,4.45,4.51,20.0,27.4,0,0,14.2,-10.0,0.05999999999999961,-3.800000000000068,13.0,16.580000000000002,28.02,1.0480000000000005,6.548,7.61,11.440000000000001,-10.4,-1.389999999999975,6.9,54.2,43.8,December,10.480000000000004
Adelaide,14.4,24.4,0.0,7.2,7.61,SW,59.0,11.0,28.0,70.0,40.0,1003.3,1005.6,4.45,4.51,19.9,22.2,0,0,9.999999999999998,-30.0,0.05999999999999961,2.300000000000068,17.0,16.31,28.46,1.0480000000000005,8.608,7.61,12.15,-9.7,-1.579999999999984,7.7,52.7,43.0,December,10.480000000000004
Adelaide,11.9,24.4,0.0,6.6,7.61,W,31.0,6.0,19.0,50.0,30.0,1011.7,1009.0,4.45,4.51,16.7,23.7,0,0,12.499999999999998,-20.0,0.05999999999999961,-2.7000000000000455,13.0,16.11,28.53,0.8120000000000005,8.781,7.61,12.419999999999998,-11.4,-1.1999999999999773,8.9,53.4,42.0,December,8.120000000000005
Adelaide,13.5,23.7,0.0,5.6,7.61,W,43.0,20.0,24.0,51.0,43.0,1011.3,1012.9,4.45,4.51,20.0,23.3,0,0,10.2,-8.0,0.05999999999999961,1.6000000000000227,4.0,15.720000000000002,28.439999999999998,0.5760000000000003,8.894,7.61,12.719999999999999,-11.8,-1.2899999999999863,9.4,51.7,39.9,December,5.760000000000003
Adelaide,11.2,23.9,0.0,6.0,7.61,W,41.0,11.0,17.0,45.0,44.0,1020.4,1020.0,4.45,4.51,18.2,22.6,0,0,12.7,-1.0,0.05999999999999961,-0.39999999999997726,6.0,15.48,27.860000000000003,0.5760000000000003,7.8340000000000005,7.61,12.379999999999999,-10.8,-0.9899999999999863,8.9,50.6,39.8,December,5.760000000000003
Adelaide,12.9,30.3,0.0,5.47,7.61,WSW,26.0,7.0,13.0,50.0,25.0,1019.6,1015.2,4.45,4.51,19.1,29.3,0,0,17.4,-25.0,0.05999999999999961,-4.399999999999977,6.0,15.11,27.02,0.5760000000000003,7.774000000000001,7.61,11.91,-8.7,-0.8599999999999909,8.5,50.0,41.3,December,5.760000000000003
Adelaide,17.2,36.1,0.0,5.47,7.61,NW,35.0,15.0,15.0,20.0,18.0,1011.5,1009.9,4.45,4.51,30.3,34.8,0,0,18.900000000000002,-2.0,0.05999999999999961,-1.6000000000000227,0.0,14.49,27.71,0.5760000000000003,7.581,7.61,13.219999999999999,-14.8,-1.3899999999999864,9.1,49.8,35.0,December,5.760000000000003
Adelaide,22.6,26.0,0.0,22.4,7.61,WNW,39.0,6.0,7.0,60.0,51.0,1006.8,1007.3,4.45,4.51,24.4,25.6,0,1,3.3999999999999986,-9.0,0.05999999999999961,0.5,1.0,14.62,28.74,0.27600000000000036,7.928,7.61,14.12,-13.5,-1.5999999999999885,7.9,46.1,32.6,December,2.7600000000000033
Adelaide,17.7,23.8,1.6,1.2,7.61,SW,50.0,15.0,26.0,73.0,55.0,1013.0,1015.3,4.45,4.51,18.8,21.8,1,0,6.100000000000001,-18.0,0.05999999999999961,2.2999999999999545,11.0,15.49,28.229999999999997,0.27600000000000036,9.447999999999999,7.61,12.739999999999998,-13.4,-1.2299999999999955,7.8,47.5,34.1,December,2.7600000000000033
Adelaide,12.7,24.3,0.0,6.6,7.61,SW,39.0,11.0,24.0,54.0,45.0,1018.1,1015.0,4.45,4.51,17.4,22.8,0,0,11.600000000000001,-9.0,0.05999999999999961,-3.1000000000000227,13.0,15.59,27.02,0.20000000000000034,9.020999999999999,7.61,11.43,-14.5,-0.6800000000000068,8.2,52.8,38.3,December,2.0000000000000036
Adelaide,12.6,23.5,0.0,5.47,7.61,SW,46.0,13.0,24.0,54.0,49.0,1014.7,1013.2,4.45,4.51,17.8,21.9,0,0,10.9,-5.0,0.05999999999999961,-1.5,11.0,14.889999999999997,26.589999999999996,0.16000000000000036,9.133999999999999,7.61,11.7,-13.2,-0.9300000000000068,8.4,52.1,38.9,December,1.6000000000000036
Adelaide,10.2,23.4,0.0,5.47,7.61,SSE,35.0,19.0,17.0,49.0,30.0,1020.4,1018.2,4.45,4.51,16.5,22.3,0,0,13.2,-19.0,0.05999999999999961,-2.199999999999932,-2.0,14.670000000000002,26.04,0.16000000000000036,7.200999999999999,7.61,11.370000000000001,-12.7,-0.7,8.2,52.7,40.0,December,1.6000000000000036
Adelaide,11.5,25.9,0.0,18.6,7.61,SW,31.0,6.0,19.0,51.0,39.0,1021.2,1018.1,4.45,4.51,17.8,24.6,0,0,14.399999999999999,-12.0,0.05999999999999961,-3.1000000000000227,13.0,14.25,25.939999999999998,0.16000000000000036,7.0280000000000005,7.61,11.690000000000001,-11.6,-1.15,6.3,50.6,39.0,December,1.6000000000000036
Adelaide,13.3,30.4,0.0,5.47,7.61,W,30.0,7.0,11.0,39.0,23.0,1015.3,1010.3,4.45,4.51,21.5,29.3,0,1,17.099999999999998,-16.0,0.05999999999999961,-5.0,4.0,14.209999999999999,26.089999999999996,0.16000000000000036,8.228,7.61,11.879999999999999,-10.8,-1.1899999999999977,6.3,50.7,39.9,December,1.6000000000000036
Adelaide,16.3,23.0,1.4,13.2,7.61,W,56.0,22.0,22.0,94.0,48.0,1008.1,1010.4,4.45,4.51,17.3,20.6,1,0,6.699999999999999,-46.0,0.05999999999999961,2.2999999999999545,0.0,14.190000000000001,26.76,0.16000000000000036,8.215,7.61,12.569999999999999,-11.6,-1.85,6.3,49.5,37.9,December,1.6000000000000036
Adelaide,16.2,23.7,0.0,5.47,7.61,W,41.0,19.0,17.0,64.0,55.0,1016.0,1015.9,4.45,4.51,18.4,22.6,0,0,7.5,-9.0,0.05999999999999961,-0.10000000000002274,-2.0,14.7,26.669999999999998,0.3000000000000004,8.934999999999999,7.61,11.97,-16.1,-1.5800000000000067,5.7,54.4,38.3,December,3.0000000000000036
Adelaide,12.1,28.1,0.0,11.0,7.61,SW,31.0,2.0,13.0,58.0,39.0,1017.6,1013.4,4.45,4.51,18.4,26.8,0,0,16.0,-19.0,0.05999999999999961,-4.2000000000000455,11.0,15.030000000000001,26.009999999999998,0.3000000000000004,8.934999999999999,7.61,10.98,-14.5,-1.1500000000000115,4.9,55.8,41.3,December,3.0000000000000036
Adelaide,15.1,37.0,0.0,5.47,7.61,WNW,31.0,11.0,9.0,43.0,20.0,1012.1,1009.3,4.45,4.51,23.9,34.2,0,0,21.9,-23.0,0.05999999999999961,-2.800000000000068,-2.0,14.520000000000001,25.21,0.3000000000000004,9.488,7.61,10.69,-16.2,-1.4100000000000137,6.0,59.6,43.4,January,3.0000000000000036
Adelaide,23.2,44.1,0.0,5.47,7.61,NW,41.0,17.0,20.0,12.0,10.0,1009.4,1006.7,4.45,4.51,34.9,42.8,0,0,20.900000000000002,-2.0,0.05999999999999961,-2.699999999999932,3.0,13.77,26.310000000000002,0.3000000000000004,7.795,7.61,12.540000000000001,-17.6,-1.7400000000000204,5.7,57.9,40.3,January,3.0000000000000036
Adelaide,24.4,38.2,0.0,5.47,7.61,SW,56.0,15.0,28.0,33.0,17.0,1005.8,1007.3,4.45,4.51,29.2,35.4,0,0,13.800000000000004,-16.0,0.05999999999999961,1.5,13.0,14.319999999999999,28.340000000000003,0.14000000000000035,8.222,7.61,14.02,-16.0,-2.240000000000009,4.9,51.8,35.8,January,1.4000000000000035
Adelaide,17.7,30.5,0.0,5.47,7.61,S,33.0,13.0,13.0,51.0,33.0,1016.4,1014.8,4.45,4.51,21.6,28.9,0,0,12.8,-18.0,0.05999999999999961,-1.6000000000000227,0.0,15.49,29.73,0.14000000000000035,8.109,7.61,14.24,-16.7,-1.780000000000007,4.9,49.7,33.0,January,1.4000000000000035
Adelaide,18.2,34.9,0.0,43.4,7.61,ESE,50.0,0.0,13.0,45.0,28.0,1016.7,1014.7,4.45,4.51,24.1,32.4,0,0,16.7,-17.0,0.05999999999999961,-2.0,13.0,16.0,30.43,0.14000000000000035,8.109,7.61,14.430000000000001,-18.0,-1.7900000000000091,3.8,49.4,31.4,January,1.4000000000000035
Adelaide,23.7,39.4,0.0,10.2,7.61,ESE,48.0,11.0,19.0,31.0,25.0,1015.4,1013.1,4.45,4.51,30.2,38.0,0,0,15.7,-6.0,0.05999999999999961,-2.2999999999999545,8.0,16.8,31.580000000000002,0.14000000000000035,11.901999999999997,7.61,14.780000000000001,-17.8,-1.770000000000016,5.3,49.0,31.2,January,1.4000000000000035
Adelaide,27.0,42.2,0.0,10.8,7.61,W,46.0,17.0,17.0,29.0,23.0,1011.8,1008.7,4.45,4.51,35.1,39.4,0,1,15.200000000000003,-6.0,0.05999999999999961,-3.099999999999909,0.0,18.02,32.93,0.14000000000000035,11.062,7.61,14.91,-17.2,-1.690000000000009,4.8,47.0,29.8,January,1.4000000000000035
Adelaide,21.8,27.2,8.2,7.6,7.61,SSW,52.0,9.0,15.0,94.0,64.0,1010.5,1008.6,4.45,4.51,22.3,25.6,1,1,5.399999999999999,-30.0,0.05999999999999961,-1.8999999999999773,6.0,19.389999999999997,34.11,0.14000000000000035,11.594999999999999,7.61,14.720000000000002,-16.2,-1.5,4.4,46.0,29.8,January,1.4000000000000035
Adelaide,19.4,21.4,2.6,2.6,7.61,SSE,46.0,4.0,17.0,75.0,69.0,1009.3,1007.8,4.45,4.51,20.0,19.6,1,1,2.0,-6.0,0.05999999999999961,-1.5,13.0,19.94,34.53,0.8200000000000003,11.035,7.61,14.59,-14.6,-1.9199999999999933,5.0,46.0,31.4,January,8.200000000000003
Adelaide,14.6,20.2,8.8,5.47,7.61,SE,50.0,15.0,13.0,79.0,67.0,1010.1,1010.1,4.45,4.51,14.7,20.0,1,1,5.6,-12.0,0.05999999999999961,0.0,-2.0,20.259999999999998,34.3,1.0800000000000003,10.748,7.61,14.040000000000001,-14.3,-2.0599999999999907,6.5,47.1,32.8,January,10.800000000000002
Adelaide,14.6,28.3,2.4,5.47,7.61,ENE,35.0,13.0,19.0,73.0,51.0,1013.8,1010.4,4.45,4.51,18.4,26.3,1,0,13.700000000000001,-22.0,0.05999999999999961,-3.3999999999999773,6.0,20.509999999999998,33.510000000000005,1.9600000000000002,10.194999999999999,7.61,13.0,-13.6,-1.6399999999999864,5.2,49.2,35.6,January,19.6
Adelaide,18.3,29.9,0.0,9.0,7.61,N,31.0,15.0,11.0,66.0,83.0,1008.3,1005.1,4.45,4.51,25.2,25.3,0,1,11.599999999999998,17.0,0.05999999999999961,-3.199999999999932,-4.0,20.46,32.64,2.2,10.194999999999999,7.61,12.180000000000001,-13.5,-1.6999999999999773,6.0,52.2,38.7,January,22.000000000000004
Adelaide,18.6,20.5,16.8,2.8,7.61,W,50.0,17.0,22.0,94.0,84.0,1004.4,1004.5,4.45,4.51,18.7,19.4,1,1,1.8999999999999986,-10.0,0.05999999999999961,0.10000000000002274,5.0,19.970000000000002,31.22,2.2,10.547999999999998,7.61,11.25,-11.6,-1.7499999999999774,5.3,57.6,46.0,January,22.000000000000004
Adelaide,17.1,23.5,2.2,2.4,7.61,WSW,41.0,20.0,20.0,59.0,51.0,1011.6,1011.5,4.45,4.51,18.8,22.4,1,0,6.399999999999999,-8.0,0.05999999999999961,-0.10000000000002274,0.0,19.39,29.45,3.8800000000000003,10.281,7.61,10.059999999999999,-11.0,-1.889999999999975,4.5,63.7,52.7,January,38.800000000000004
Adelaide,15.9,24.0,0.0,6.2,7.61,WSW,35.0,13.0,20.0,59.0,48.0,1014.3,1012.7,4.45,4.51,18.4,22.8,0,0,8.1,-11.0,0.05999999999999961,-1.599999999999909,7.0,19.33,28.75,4.1000000000000005,9.974,7.61,9.42,-10.0,-1.739999999999975,4.5,64.5,54.5,January,41.00000000000001
Adelaide,13.2,25.6,0.0,5.0,7.61,WSW,35.0,2.0,15.0,69.0,48.0,1013.0,1012.0,4.45,4.51,18.4,24.5,0,0,12.400000000000002,-21.0,0.05999999999999961,-1.0,13.0,19.1,27.660000000000004,4.1000000000000005,6.254,7.61,8.559999999999999,-9.4,-1.699999999999966,3.9,65.9,56.5,January,41.00000000000001
Adelaide,17.9,25.3,0.0,5.47,7.61,WSW,39.0,13.0,19.0,59.0,38.0,1015.9,1015.3,4.45,4.51,19.2,23.9,0,0,7.400000000000002,-21.0,0.05999999999999961,-0.6000000000000227,6.0,18.05,26.28,4.1000000000000005,5.734,7.61,8.23,-10.9,-1.5699999999999705,4.4,69.7,58.8,January,41.00000000000001
Adelaide,15.8,25.8,0.0,5.47,7.61,SSE,37.0,9.0,11.0,50.0,41.0,1019.0,1016.4,4.45,4.51,18.3,24.1,0,0,10.0,-9.0,0.05999999999999961,-2.6000000000000227,2.0,17.14,24.589999999999996,4.1000000000000005,5.201,7.61,7.45,-12.4,-1.3199999999999819,5.0,72.7,60.3,January,41.00000000000001
Adelaide,15.8,31.7,0.0,19.2,7.61,ESE,31.0,11.0,6.0,43.0,28.0,1014.1,1010.0,4.45,4.51,20.9,29.6,0,0,15.899999999999999,-15.0,0.05999999999999961,-4.100000000000023,-5.0,16.54,24.45,3.280000000000001,4.9879999999999995,7.61,7.910000000000001,-10.3,-1.3899999999999864,4.6,68.3,58.0,January,32.80000000000001
Adelaide,20.7,33.1,0.0,8.0,7.61,N,46.0,11.0,24.0,36.0,46.0,1001.4,998.8,4.45,4.51,26.9,29.4,0,0,12.400000000000002,10.0,0.05999999999999961,-2.6000000000000227,13.0,16.18,25.48,3.0200000000000005,6.647999999999999,7.61,9.3,-11.2,-1.6499999999999886,2.8,65.1,53.9,January,30.200000000000003
Adelaide,17.8,28.1,0.6,5.8,7.61,W,43.0,11.0,11.0,76.0,50.0,1010.5,1010.0,4.45,4.51,20.1,27.2,0,0,10.3,-26.0,0.05999999999999961,-0.5,0.0,16.79,26.77,2.1400000000000006,6.900999999999999,7.61,9.98,-9.0,-1.9099999999999908,4.3,60.8,51.8,January,21.400000000000006
Adelaide,15.5,31.5,0.0,5.2,7.61,WSW,37.0,4.0,19.0,61.0,42.0,1011.0,1008.7,4.45,4.51,21.6,30.2,0,0,16.0,-19.0,0.05999999999999961,-2.2999999999999545,15.0,17.11,26.75,1.9600000000000004,6.934,7.61,9.639999999999999,-9.4,-1.6199999999999932,3.7,61.1,51.7,January,19.600000000000005
Adelaide,18.1,26.0,0.0,7.0,7.61,SSW,41.0,13.0,20.0,71.0,48.0,1009.9,1008.7,4.45,4.51,21.9,25.1,0,0,7.899999999999999,-23.0,0.05999999999999961,-1.1999999999999318,7.0,16.83,26.910000000000004,1.9600000000000004,6.553999999999999,7.61,10.08,-13.0,-1.5299999999999954,5.6,60.6,47.6,January,19.600000000000005
Adelaide,15.2,25.4,0.0,5.47,7.61,SSW,54.0,19.0,19.0,58.0,46.0,1008.9,1007.7,4.45,4.51,19.6,24.8,0,0,10.2,-12.0,0.05999999999999961,-1.1999999999999318,0.0,16.78,27.46,0.28000000000000036,6.974000000000001,7.61,10.680000000000001,-14.3,-1.6599999999999908,5.8,58.3,44.0,January,2.800000000000004
Adelaide,14.4,22.4,0.0,5.47,7.61,SW,44.0,19.0,24.0,52.0,37.0,1013.5,1014.3,4.45,4.51,17.6,21.3,0,0,7.999999999999998,-15.0,0.05999999999999961,0.7999999999999545,5.0,16.59,27.65,0.06000000000000035,7.281000000000001,7.61,11.059999999999999,-14.7,-1.7699999999999818,5.8,58.2,43.5,January,0.6000000000000035
Adelaide,14.9,21.4,0.0,5.47,7.61,SSE,39.0,13.0,22.0,55.0,45.0,1018.6,1017.1,4.45,4.51,17.1,19.6,0,0,6.499999999999998,-10.0,0.05999999999999961,-1.5,9.0,16.44,27.49,0.06000000000000035,7.208,7.61,11.05,-15.1,-1.5299999999999954,5.6,57.5,42.4,January,0.6000000000000035
Adelaide,13.5,23.4,0.0,25.6,7.61,SSE,44.0,11.0,17.0,47.0,41.0,1018.6,1016.4,4.45,4.51,17.3,21.9,0,0,9.899999999999999,-6.0,0.05999999999999961,-2.2000000000000455,6.0,16.610000000000003,27.07,0.06000000000000035,7.255,7.61,10.459999999999999,-14.0,-1.5799999999999954,5.2,56.1,42.1,January,0.6000000000000035
Adelaide,13.4,25.8,0.0,5.6,7.61,SSE,43.0,11.0,15.0,55.0,33.0,1018.4,1015.7,4.45,4.51,16.2,25.5,0,0,12.4,-22.0,0.05999999999999961,-2.699999999999932,4.0,16.169999999999998,26.879999999999995,0.06000000000000035,9.267999999999999,7.61,10.709999999999999,-12.5,-1.7399999999999978,5.2,54.9,42.4,January,0.6000000000000035
Adelaide,16.0,30.2,0.0,7.2,7.61,ESE,54.0,15.0,15.0,44.0,19.0,1017.5,1015.5,4.45,4.51,20.1,28.5,0,0,14.2,-25.0,0.05999999999999961,-2.0,0.0,15.929999999999998,26.880000000000003,0.06000000000000035,9.281,7.61,10.95,-13.8,-1.7499999999999887,5.4,55.4,41.6,January,0.6000000000000035
Adelaide,16.5,28.7,0.0,8.8,7.61,ESE,43.0,6.0,11.0,44.0,23.0,1016.6,1013.7,4.45,4.51,20.0,27.9,0,0,12.2,-21.0,0.05999999999999961,-2.8999999999999773,5.0,15.95,26.73,0.06000000000000035,8.081,7.61,10.78,-14.8,-1.5399999999999863,5.9,55.5,40.7,January,0.6000000000000035
Adelaide,14.3,24.1,0.0,7.6,7.61,SSE,46.0,19.0,28.0,52.0,40.0,1016.5,1015.0,4.45,4.51,17.7,22.6,0,0,9.8,-12.0,0.05999999999999961,-1.5,9.0,15.529999999999998,26.29,0.06000000000000035,8.161000000000001,7.61,10.76,-17.9,-1.5699999999999819,5.1,56.3,38.4,January,0.6000000000000035
Adelaide,14.9,21.7,0.0,5.47,7.61,S,43.0,15.0,20.0,68.0,51.0,1018.1,1017.8,4.45,4.51,16.8,20.4,0,0,6.799999999999999,-17.0,0.05999999999999961,-0.3000000000000682,5.0,15.180000000000001,25.889999999999997,0.0,8.341,7.61,10.709999999999999,-16.5,-1.6699999999999817,6.0,53.9,37.4,February,0.0
Adelaide,14.7,23.8,0.0,11.8,7.61,SSE,43.0,17.0,24.0,62.0,41.0,1022.3,1021.7,4.45,4.51,16.3,22.6,0,0,9.100000000000001,-21.0,0.05999999999999961,-0.599999999999909,7.0,15.120000000000001,24.91,0.0,8.368,7.61,9.79,-16.3,-1.469999999999993,5.0,54.6,38.3,February,0.0
Adelaide,12.5,28.6,0.0,6.6,7.61,S,37.0,7.0,15.0,60.0,31.0,1023.6,1020.4,4.45,4.51,17.1,28.0,0,0,16.1,-29.0,0.05999999999999961,-3.2000000000000455,8.0,14.780000000000001,24.69,0.0,8.848000000000003,7.61,9.91,-16.1,-1.4099999999999908,5.0,53.7,37.6,February,0.0
Adelaide,13.3,25.9,0.0,6.6,7.61,SSE,39.0,11.0,13.0,60.0,36.0,1022.1,1019.4,4.45,4.51,16.9,24.1,0,0,12.599999999999998,-24.0,0.05999999999999961,-2.7000000000000455,2.0,14.51,25.009999999999998,0.0,8.961,7.61,10.5,-17.8,-1.6100000000000023,5.8,53.9,36.1,February,0.0
Adelaide,12.5,29.6,0.0,5.0,7.61,SE,39.0,7.0,19.0,51.0,34.0,1021.7,1019.1,4.45,4.51,17.5,26.2,0,0,17.1,-17.0,0.05999999999999961,-2.6000000000000227,12.0,14.4,25.36,0.0,9.074,7.61,10.959999999999999,-18.7,-1.9600000000000022,5.5,54.7,36.0,February,0.0
Adelaide,14.9,37.9,0.0,6.4,7.61,WSW,37.0,0.0,17.0,36.0,16.0,1019.8,1017.0,4.45,4.51,25.6,36.6,0,0,23.0,-20.0,0.05999999999999961,-2.7999999999999545,17.0,14.160000000000002,26.18,0.0,9.027,7.61,12.02,-19.4,-2.0700000000000047,5.8,54.3,34.9,February,0.0
Adelaide,21.8,38.5,0.0,5.47,7.61,SW,35.0,13.0,19.0,27.0,21.0,1017.6,1015.4,4.45,4.51,31.1,37.4,0,0,16.7,-6.0,0.05999999999999961,-2.2000000000000455,6.0,14.3,27.630000000000003,0.0,7.107000000000001,7.61,13.330000000000002,-20.8,-2.1299999999999955,6.9,53.2,32.4,February,0.0
Adelaide,18.3,33.1,0.0,5.47,7.61,S,30.0,4.0,17.0,54.0,27.0,1021.6,1020.7,4.45,4.51,22.0,32.5,0,0,14.8,-27.0,0.05999999999999961,-0.8999999999999773,13.0,15.14,28.9,0.0,7.093999999999999,7.61,13.76,-19.2,-2.0800000000000067,7.1,50.4,31.2,February,0.0
Adelaide,15.5,30.7,0.0,24.8,7.61,WSW,28.0,4.0,17.0,54.0,34.0,1023.9,1021.7,4.45,4.51,20.5,29.3,0,0,15.2,-20.0,0.05999999999999961,-2.199999999999932,13.0,15.370000000000001,29.189999999999998,0.0,6.921000000000001,7.61,13.819999999999999,-19.4,-1.9700000000000046,8.4,51.4,32.0,February,0.0
Adelaide,12.8,33.9,0.0,6.8,7.61,SW,31.0,6.0,13.0,27.0,21.0,1021.8,1019.6,4.45,4.51,22.3,31.9,0,0,21.099999999999998,-6.0,0.05999999999999961,-2.199999999999932,7.0,15.270000000000001,29.390000000000004,0.0,8.521,7.61,14.12,-19.3,-1.9,9.2,52.4,33.1,February,0.0
Adelaide,18.3,34.6,0.0,7.8,7.61,SW,43.0,6.0,19.0,23.0,16.0,1019.3,1018.4,4.45,4.51,26.1,33.1,0,0,16.3,-7.0,0.05999999999999961,-0.8999999999999773,13.0,15.12,30.369999999999997,0.0,8.440999999999999,7.61,15.25,-18.7,-1.969999999999993,9.0,49.9,31.2,February,0.0
Adelaide,18.9,37.4,0.0,7.2,7.61,WSW,26.0,6.0,9.0,47.0,33.0,1020.8,1016.7,4.45,4.51,23.6,33.7,0,0,18.5,-14.0,0.05999999999999961,-4.099999999999909,3.0,15.459999999999999,31.660000000000004,0.0,8.674,7.61,16.2,-17.7,-2.0299999999999843,9.8,45.4,27.7,February,0.0
Adelaide,21.5,34.6,0.0,6.6,7.61,ESE,50.0,15.0,7.0,48.0,31.0,1017.9,1016.0,4.45,4.51,26.9,33.1,0,0,13.100000000000001,-17.0,0.05999999999999961,-1.8999999999999773,-8.0,15.88,33.019999999999996,0.0,8.214,7.61,17.14,-17.0,-2.379999999999984,9.4,43.9,26.9,February,0.0
Adelaide,26.5,41.6,0.0,5.47,7.61,NNE,37.0,9.0,17.0,30.0,15.0,1015.2,1013.4,4.45,4.51,30.8,39.4,0,0,15.100000000000001,-15.0,0.05999999999999961,-1.8000000000000682,8.0,16.78,33.620000000000005,0.0,8.214,7.61,16.84,-15.8,-2.2499999999999774,7.8,42.7,26.9,February,0.0
Adelaide,28.8,38.6,0.0,5.47,7.61,WSW,48.0,19.0,19.0,20.0,24.0,1011.8,1012.0,4.45,4.51,34.8,36.3,0,0,9.8,4.0,0.05999999999999961,0.20000000000004547,0.0,18.1,35.19,0.0,8.100999999999999,7.61,17.089999999999996,-14.9,-2.1599999999999797,8.4,39.7,24.8,February,0.0
Adelaide,17.9,28.3,0.0,23.0,7.61,WSW,44.0,15.0,26.0,55.0,48.0,1019.3,1017.1,4.45,4.51,20.2,25.5,0,0,10.400000000000002,-7.0,0.05999999999999961,-2.199999999999932,11.0,19.729999999999997,36.09,0.0,8.148,7.61,16.36,-12.8,-1.8799999999999728,7.2,36.6,23.8,February,0.0
Adelaide,13.8,29.6,0.0,6.2,7.61,SSE,37.0,2.0,19.0,61.0,43.0,1018.4,1016.2,4.45,4.51,19.2,26.5,0,0,15.8,-18.0,0.05999999999999961,-2.199999999999932,17.0,20.029999999999998,35.13,0.0,9.808000000000002,7.61,15.1,-11.5,-1.8199999999999705,6.6,38.5,27.0,February,0.0
Adelaide,14.4,30.8,0.0,5.8,7.61,SE,28.0,6.0,13.0,61.0,31.0,1018.9,1016.3,4.45,4.51,19.7,29.5,0,0,16.4,-30.0,0.05999999999999961,-2.6000000000000227,7.0,19.23,34.239999999999995,0.0,9.881,7.61,15.010000000000002,-12.7,-1.819999999999959,7.7,41.9,29.2,February,0.0
Adelaide,18.0,36.9,0.0,6.4,7.61,WSW,30.0,7.0,17.0,47.0,17.0,1015.8,1012.9,4.45,4.51,24.8,35.7,0,0,18.9,-30.0,0.05999999999999961,-2.8999999999999773,10.0,18.84,34.010000000000005,0.0,9.914000000000001,7.61,15.169999999999998,-13.0,-1.9899999999999636,7.1,42.6,29.6,February,0.0
Adelaide,23.9,38.8,0.0,5.47,7.61,NE,31.0,6.0,19.0,46.0,21.0,1013.8,1011.4,4.45,4.51,26.2,38.0,0,0,14.899999999999999,-25.0,0.05999999999999961,-2.3999999999999773,13.0,19.089999999999996,34.629999999999995,0.0,8.074,7.61,15.540000000000001,-14.0,-2.059999999999968,6.8,41.9,27.9,February,0.0
Adelaide,25.8,39.5,0.0,18.0,7.61,N,35.0,13.0,20.0,33.0,20.0,1011.2,1008.9,4.45,4.51,30.8,38.6,0,0,13.7,-13.0,0.05999999999999961,-2.300000000000068,7.0,20.2,35.12,0.0,7.941,7.61,14.920000000000002,-15.9,-2.0799999999999725,7.4,43.8,27.9,February,0.0
Adelaide,23.4,40.0,0.0,5.47,7.61,W,35.0,7.0,17.0,52.0,20.0,1010.4,1008.5,4.45,4.51,27.3,39.3,0,0,16.6,-32.0,0.05999999999999961,-1.8999999999999773,10.0,20.95,35.61,0.0,8.961,7.61,14.66,-16.5,-2.219999999999982,6.8,44.8,28.3,February,0.0
Adelaide,20.6,26.5,0.0,16.2,7.61,SSE,48.0,20.0,22.0,61.0,43.0,1015.3,1016.5,4.45,4.51,22.2,25.7,0,0,5.899999999999999,-18.0,0.05999999999999961,1.2000000000000455,2.0,21.4,35.87,0.0,8.788,7.61,14.469999999999999,-18.3,-1.9999999999999887,7.5,45.3,27.0,February,0.0
Adelaide,13.6,25.0,0.0,7.6,7.61,S,39.0,15.0,20.0,45.0,31.0,1021.2,1019.3,4.45,4.51,16.9,24.0,0,0,11.4,-14.0,0.05999999999999961,-1.900000000000091,5.0,21.31,35.059999999999995,0.0,9.748000000000001,7.61,13.75,-18.4,-1.6899999999999864,8.5,46.6,28.2,February,0.0
Adelaide,13.8,28.2,0.0,6.2,7.61,SE,37.0,6.0,13.0,46.0,28.0,1017.4,1013.5,4.45,4.51,18.5,27.2,0,0,14.399999999999999,-18.0,0.05999999999999961,-3.8999999999999773,7.0,20.02,33.4,0.0,9.961,7.61,13.38,-18.3,-1.6999999999999886,8.2,48.1,29.8,February,0.0
Adelaide,15.2,30.8,0.0,5.6,7.61,SW,30.0,2.0,17.0,42.0,20.0,1013.3,1010.8,4.45,4.51,21.5,29.5,0,0,15.600000000000001,-22.0,0.05999999999999961,-2.5,15.0,18.520000000000003,32.36,0.0,10.034,7.61,13.84,-20.5,-2.109999999999991,8.9,50.7,30.2,February,0.0
Adelaide,18.5,34.9,0.0,5.8,7.61,SSE,31.0,7.0,13.0,42.0,26.0,1010.1,1007.0,4.45,4.51,23.3,34.6,0,0,16.4,-16.0,0.05999999999999961,-3.1000000000000227,6.0,18.25,32.61,0.0,8.294,7.61,14.36,-22.0,-2.139999999999998,9.3,49.4,27.4,February,0.0
Adelaide,21.9,35.1,0.6,6.6,7.61,ENE,43.0,11.0,20.0,38.0,46.0,1004.2,1004.8,4.45,4.51,28.9,28.4,0,0,13.200000000000003,8.0,0.05999999999999961,0.599999999999909,9.0,18.72,33.14,0.0,8.254000000000001,7.61,14.419999999999998,-21.8,-2.2300000000000066,8.2,47.5,25.7,February,0.0
Adelaide,15.1,25.4,0.0,5.47,7.61,SSE,41.0,13.0,19.0,55.0,37.0,1016.3,1015.9,4.45,4.51,18.2,24.0,0,0,10.299999999999999,-18.0,0.05999999999999961,-0.39999999999997726,6.0,19.47,33.57,0.06000000000000035,8.334,7.61,14.1,-18.0,-1.9100000000000137,8.4,45.2,27.2,March,0.6000000000000035
Adelaide,15.1,29.5,0.0,13.4,7.61,ESE,26.0,9.0,17.0,45.0,20.0,1015.9,1013.3,4.45,4.51,20.4,26.7,0,0,14.4,-25.0,0.05999999999999961,-2.6000000000000227,8.0,19.18,32.42,0.06000000000000035,8.241,7.61,13.24,-16.8,-1.6600000000000137,8.0,46.0,29.2,March,0.6000000000000035
Adelaide,16.1,30.0,0.0,4.0,7.61,SSE,30.0,4.0,17.0,53.0,29.0,1018.2,1015.7,4.45,4.51,20.2,28.9,0,0,13.899999999999999,-24.0,0.05999999999999961,-2.5,13.0,18.3,31.490000000000002,0.06000000000000035,9.034,7.61,13.190000000000001,-16.8,-1.6800000000000181,7.5,45.9,29.1,March,0.6000000000000035
Adelaide,13.8,23.6,0.0,6.0,7.61,WNW,46.0,4.0,22.0,62.0,40.0,1019.2,1018.0,4.45,4.51,17.2,22.8,0,0,9.8,-22.0,0.05999999999999961,-1.2000000000000455,18.0,17.33,30.540000000000003,0.06000000000000035,7.634,7.61,13.209999999999999,-17.9,-1.7000000000000113,8.1,47.9,30.0,March,0.6000000000000035
Adelaide,15.6,23.5,0.0,5.8,7.61,SSW,44.0,15.0,26.0,48.0,35.0,1022.8,1021.1,4.45,4.51,17.2,21.8,0,0,7.9,-13.0,0.05999999999999961,-1.6999999999999318,11.0,16.369999999999997,28.9,0.06000000000000035,7.687,7.61,12.53,-16.9,-1.630000000000018,8.9,48.9,32.0,March,0.6000000000000035
Adelaide,13.9,23.5,0.0,6.0,7.61,W,37.0,9.0,19.0,67.0,46.0,1019.4,1017.0,4.45,4.51,16.7,22.5,0,0,9.6,-21.0,0.05999999999999961,-2.3999999999999773,10.0,15.87,28.6,0.06000000000000035,6.647,7.61,12.73,-16.4,-1.920000000000016,9.8,47.6,31.2,March,0.6000000000000035
Adelaide,15.8,23.8,0.0,5.47,7.61,WSW,31.0,2.0,13.0,65.0,48.0,1016.1,1014.5,4.45,4.51,18.3,22.7,0,0,8.0,-17.0,0.05999999999999961,-1.6000000000000227,11.0,15.9,28.45,0.06000000000000035,6.486999999999999,7.61,12.55,-17.1,-1.9700000000000046,10.3,49.8,32.7,March,0.6000000000000035
Adelaide,17.1,24.4,0.0,5.47,7.61,WSW,31.0,13.0,17.0,63.0,42.0,1015.1,1014.0,4.45,4.51,19.6,23.7,0,0,7.299999999999997,-21.0,0.05999999999999961,-1.1000000000000227,4.0,16.1,28.01,0.06000000000000035,6.414,7.61,11.91,-17.0,-1.740000000000009,10.7,51.7,34.7,March,0.6000000000000035
Adelaide,16.9,24.8,0.0,5.47,7.61,W,30.0,7.0,19.0,81.0,55.0,1016.3,1015.5,4.45,4.51,18.3,23.7,0,0,7.900000000000002,-26.0,0.05999999999999961,-0.7999999999999545,12.0,16.29,27.369999999999997,0.06000000000000035,6.401000000000001,7.61,11.08,-16.9,-1.6000000000000114,9.6,53.8,36.9,March,0.6000000000000035
Adelaide,12.1,25.4,0.4,16.6,7.61,W,28.0,4.0,17.0,63.0,40.0,1019.3,1016.8,4.45,4.51,16.9,23.2,0,0,13.299999999999999,-23.0,0.05999999999999961,-2.5,13.0,16.130000000000003,26.360000000000003,0.06000000000000035,6.368,7.61,10.23,-17.9,-1.3700000000000045,10.2,57.7,39.8,March,0.6000000000000035
Adelaide,12.4,25.0,0.0,4.6,7.61,WSW,37.0,2.0,20.0,72.0,44.0,1017.65,1015.26,4.45,4.51,17.6,23.9,0,0,12.6,-28.0,0.05999999999999961,-2.3899999999999864,18.0,15.15,25.389999999999997,0.040000000000000355,7.368,7.61,10.239999999999998,-21.0,-1.6799999999999955,10.6,60.2,39.2,March,0.4000000000000036
Adelaide,13.8,26.2,0.0,4.2,7.61,S,39.0,7.0,20.0,72.0,40.0,1017.65,1015.26,4.45,4.51,17.9,24.7,0,0,12.399999999999999,-32.0,0.05999999999999961,-2.3899999999999864,13.0,14.88,25.35,0.040000000000000355,7.281000000000001,7.61,10.469999999999999,-22.0,-1.8789999999999965,11.8,61.9,39.9,March,0.4000000000000036
Adelaide,13.8,25.1,0.0,5.8,7.61,ESE,33.0,9.0,15.0,48.0,37.0,1017.65,1020.2,4.45,4.51,16.9,23.8,0,0,11.3,-11.0,0.05999999999999961,2.550000000000068,6.0,14.75,25.020000000000003,0.040000000000000355,6.360999999999999,7.61,10.27,-22.7,-1.8579999999999928,12.3,64.6,41.9,March,0.4000000000000036
Adelaide,11.4,29.2,0.0,5.47,7.61,WSW,37.0,9.0,15.0,43.0,23.0,1017.9,1015.6,4.45,4.51,19.4,28.8,0,0,17.799999999999997,-20.0,0.05999999999999961,-2.2999999999999545,6.0,14.520000000000001,24.53,0.040000000000000355,6.5409999999999995,7.61,10.01,-21.4,-1.352999999999986,11.6,64.1,42.7,March,0.4000000000000036
Adelaide,16.2,24.8,0.0,5.47,7.61,ESE,28.0,11.0,9.0,68.0,31.0,1017.7,1015.4,4.45,4.51,17.9,24.1,0,0,8.600000000000001,-37.0,0.05999999999999961,-2.300000000000068,-2.0,14.280000000000001,25.089999999999996,0.040000000000000355,6.4879999999999995,7.61,10.809999999999999,-21.2,-1.4629999999999768,10.4,62.2,41.0,March,0.4000000000000036
Adelaide,15.2,33.6,0.0,15.0,7.61,NNE,35.0,15.0,15.0,26.0,21.0,1011.6,1007.2,4.45,4.51,22.9,32.5,0,0,18.400000000000002,-5.0,0.05999999999999961,-4.399999999999977,0.0,14.34,25.22,0.040000000000000355,6.455,7.61,10.879999999999999,-23.6,-1.5229999999999904,9.1,64.2,40.6,March,0.4000000000000036
Adelaide,20.2,27.4,0.0,6.2,7.61,NW,52.0,13.0,28.0,77.0,51.0,1003.8,1002.5,4.45,4.51,21.1,25.1,0,0,7.199999999999999,-26.0,0.05999999999999961,-1.2999999999999545,15.0,14.469999999999999,26.229999999999997,0.040000000000000355,7.3549999999999995,7.61,11.76,-22.0,-1.7229999999999905,8.1,60.1,38.1,March,0.4000000000000036
Adelaide,17.8,28.2,1.0,3.2,7.61,WSW,33.0,13.0,11.0,77.0,44.0,1007.7,1007.2,4.45,4.51,19.7,26.3,0,0,10.399999999999999,-33.0,0.05999999999999961,-0.5,-2.0,14.91,26.589999999999996,0.040000000000000355,7.428,7.61,11.68,-22.9,-1.6929999999999836,8.5,61.3,38.4,March,0.4000000000000036
Adelaide,19.6,27.3,0.0,5.6,7.61,N,54.0,7.0,20.0,47.0,47.0,1005.5,1009.1,4.45,4.51,26.1,25.8,0,0,7.699999999999999,0.0,0.05999999999999961,3.6000000000000227,13.0,14.979999999999999,26.97,0.14000000000000035,7.2010000000000005,7.61,11.99,-24.1,-1.6329999999999814,7.9,62.7,38.6,March,1.4000000000000035
Adelaide,15.7,23.6,0.0,5.47,7.61,SSE,35.0,11.0,19.0,57.0,38.0,1021.5,1022.0,4.45,4.51,17.8,22.9,0,0,7.900000000000002,-19.0,0.05999999999999961,0.5,8.0,15.25,27.22,0.14000000000000035,7.214,7.61,11.969999999999999,-21.5,-1.1929999999999836,8.0,59.3,37.8,March,1.4000000000000035
Adelaide,14.0,24.9,0.0,5.47,7.61,WNW,30.0,15.0,17.0,44.0,33.0,1025.4,1022.6,4.45,4.51,16.4,23.6,0,0,10.899999999999999,-11.0,0.05999999999999961,-2.800000000000068,2.0,15.61,27.04,0.10000000000000035,6.101,7.61,11.43,-21.1,-0.8929999999999836,7.5,58.7,37.6,March,1.0000000000000036
Adelaide,11.7,31.2,0.0,5.47,7.61,WSW,26.0,11.0,15.0,30.0,14.0,1018.2,1013.8,4.45,4.51,20.3,29.9,0,0,19.5,-16.0,0.05999999999999961,-4.400000000000091,4.0,15.77,27.03,0.10000000000000035,6.188,7.61,11.26,-19.4,-0.9339999999999918,5.9,55.9,36.5,March,1.0000000000000036
Adelaide,19.7,22.5,0.0,21.4,7.61,WNW,48.0,20.0,24.0,71.0,50.0,1014.1,1015.9,4.45,4.51,20.1,21.8,0,0,2.8000000000000007,-21.0,0.05999999999999961,1.7999999999999545,4.0,15.559999999999999,27.53,0.10000000000000035,6.3149999999999995,7.61,11.969999999999999,-17.8,-1.1350000000000022,5.0,51.7,33.9,March,1.0000000000000036
Adelaide,12.3,19.3,0.0,5.0,7.61,S,39.0,13.0,19.0,59.0,47.0,1022.2,1021.4,4.45,4.51,15.1,17.7,0,0,7.0,-12.0,0.05999999999999961,-0.8000000000000682,6.0,16.15,27.27,0.10000000000000035,7.875,7.61,11.120000000000001,-18.8,-1.2100000000000137,4.8,54.0,35.2,March,1.0000000000000036
Adelaide,11.9,22.5,0.0,3.4,7.61,WSW,63.0,11.0,28.0,53.0,34.0,1020.5,1017.5,4.45,4.51,13.7,21.3,0,0,10.6,-19.0,0.05999999999999961,-3.0,17.0,16.24,26.28,0.10000000000000035,7.828,7.61,10.040000000000001,-18.0,-1.060000000000025,4.8,55.6,37.6,March,1.0000000000000036
Adelaide,12.5,19.4,1.0,4.0,7.61,W,48.0,24.0,22.0,45.0,44.0,1025.4,1026.3,4.45,4.51,14.9,17.8,0,0,6.899999999999999,-1.0,0.05999999999999961,0.8999999999998636,-2.0,15.809999999999999,26.05,0.10000000000000035,7.6209999999999996,7.61,10.24,-16.2,-1.130000000000018,6.7,54.1,37.9,March,1.0000000000000036
Adelaide,13.1,19.9,0.0,3.8,7.61,W,28.0,11.0,19.0,55.0,57.0,1029.5,1026.7,4.45,4.51,15.4,17.9,0,0,6.799999999999999,2.0,0.05999999999999961,-2.7999999999999545,8.0,15.540000000000001,24.630000000000003,0.20000000000000034,6.520999999999999,7.61,9.09,-15.8,-0.6000000000000341,6.5,56.0,40.2,March,2.0000000000000036
Adelaide,9.2,23.0,0.0,5.47,7.61,NNW,28.0,0.0,13.0,76.0,38.0,1025.9,1022.4,4.45,4.51,13.0,22.0,0,0,13.8,-38.0,0.05999999999999961,-3.5000000000001137,13.0,14.829999999999998,23.88,0.20000000000000034,6.281,7.61,9.05,-13.0,-0.7500000000000341,5.8,53.8,40.8,March,2.0000000000000036
Adelaide,12.9,25.3,0.0,5.47,7.61,W,22.0,0.0,15.0,70.0,33.0,1023.1,1021.7,4.45,4.51,15.9,24.4,0,0,12.4,-37.0,0.05999999999999961,-1.3999999999999773,15.0,13.970000000000002,23.36,0.10000000000000035,6.508,7.61,9.389999999999999,-13.5,-1.0500000000000456,7.3,53.7,40.2,March,1.0000000000000036
Adelaide,11.8,26.2,0.0,8.0,7.61,W,26.0,2.0,15.0,68.0,45.0,1025.2,1023.6,4.45,4.51,16.4,24.8,0,0,14.399999999999999,-23.0,0.05999999999999961,-1.6000000000000227,13.0,13.3,23.16,0.10000000000000035,6.495,7.61,9.860000000000001,-17.2,-1.5500000000000456,7.5,56.0,38.8,March,1.0000000000000036
Adelaide,13.3,31.7,0.0,4.0,7.61,NE,26.0,0.0,11.0,68.0,16.0,1024.1,1020.0,4.45,4.51,17.9,31.2,0,0,18.4,-52.0,0.05999999999999961,-4.099999999999909,11.0,12.91,23.419999999999998,0.10000000000000035,6.748,7.61,10.51,-17.6,-1.7600000000000477,8.0,57.1,39.5,March,1.0000000000000036
Adelaide,17.2,30.4,0.0,5.2,7.61,NNW,44.0,7.0,15.0,29.0,30.0,1016.1,1014.1,4.45,4.51,23.1,28.2,0,0,13.2,1.0,0.05999999999999961,-2.0,8.0,12.84,24.1,0.10000000000000035,6.601000000000001,7.61,11.26,-21.7,-1.8900000000000319,8.9,59.5,37.8,April,1.0000000000000036
Adelaide,13.3,21.2,0.8,4.4,7.61,SE,39.0,13.0,19.0,56.0,32.0,1024.9,1022.9,4.45,4.51,14.6,20.8,0,0,7.899999999999999,-24.0,0.05999999999999961,-2.0000000000001137,6.0,13.39,24.02,0.10000000000000035,6.574000000000001,7.61,10.629999999999999,-20.0,-1.6500000000000228,9.3,59.4,39.4,April,1.0000000000000036
Adelaide,12.1,23.0,0.0,5.47,7.61,ESE,52.0,15.0,9.0,46.0,24.0,1024.2,1020.5,4.45,4.51,13.1,22.6,0,0,10.9,-22.0,0.05999999999999961,-3.7000000000000455,-6.0,12.750000000000002,23.89,0.18000000000000035,4.874,7.61,11.139999999999999,-20.3,-2.0300000000000296,9.5,57.9,37.6,April,1.8000000000000036
Adelaide,9.8,24.3,0.0,5.47,7.61,SW,26.0,0.0,15.0,58.0,27.0,1019.4,1016.2,4.45,4.51,14.0,23.8,0,0,14.5,-31.0,0.05999999999999961,-3.199999999999932,15.0,12.73,24.259999999999998,0.18000000000000035,4.920999999999999,7.61,11.529999999999998,-21.3,-2.3200000000000274,8.3,56.6,35.3,April,1.8000000000000036
Adelaide,14.0,22.0,0.0,5.47,7.61,WSW,39.0,0.0,22.0,56.0,43.0,1015.1,1012.2,4.45,4.51,16.9,20.1,0,1,8.0,-13.0,0.05999999999999961,-2.8999999999999773,22.0,12.52,24.439999999999998,0.18000000000000035,5.128,7.61,11.919999999999998,-22.5,-2.3400000000000203,8.1,57.1,34.6,April,1.8000000000000036
Adelaide,11.6,16.2,11.8,5.47,7.61,SSW,63.0,20.0,31.0,72.0,57.0,1010.7,1011.7,4.45,4.51,14.0,12.8,1,1,4.6,-15.0,0.05999999999999961,1.0,11.0,12.67,24.7,0.08000000000000036,5.275,7.61,12.029999999999998,-23.7,-2.7200000000000046,10.5,58.2,34.5,April,0.8000000000000036
Adelaide,9.7,16.7,12.8,19.0,7.61,S,41.0,17.0,20.0,70.0,47.0,1021.6,1022.7,4.45,4.51,13.6,15.7,1,0,7.0,-23.0,0.05999999999999961,1.1000000000000227,3.0,12.52,24.330000000000002,1.2600000000000005,5.442,7.61,11.809999999999999,-25.4,-2.340000000000009,10.8,59.9,34.5,April,12.600000000000005
Adelaide,9.9,19.9,0.0,2.2,7.61,SE,31.0,9.0,15.0,61.0,52.0,1028.8,1026.2,4.45,4.51,15.4,19.3,0,0,9.999999999999998,-9.0,0.05999999999999961,-2.599999999999909,6.0,12.569999999999999,23.7,2.5400000000000005,6.795,7.61,11.129999999999999,-23.9,-1.8799999999999955,9.8,59.3,35.4,April,25.400000000000006
Adelaide,8.9,18.4,0.0,1.6,7.61,SSE,28.0,6.0,11.0,66.0,50.0,1028.3,1025.4,4.45,4.51,15.0,18.2,0,0,9.499999999999998,-16.0,0.05999999999999961,-2.8999999999998636,5.0,12.27,23.16,2.5400000000000005,6.468000000000001,7.61,10.889999999999999,-21.1,-1.9999999999999887,8.9,58.4,37.3,April,25.400000000000006
Adelaide,8.8,21.4,0.0,2.0,7.61,WNW,20.0,6.0,11.0,65.0,51.0,1026.2,1022.1,4.45,4.51,15.9,20.5,0,0,12.599999999999998,-14.0,0.05999999999999961,-4.100000000000023,5.0,11.98,22.380000000000003,2.5400000000000005,5.828,7.61,10.4,-20.4,-2.129999999999973,8.1,58.2,37.8,April,25.400000000000006
Adelaide,8.9,25.6,0.0,5.47,7.61,NW,20.0,0.0,9.0,55.0,25.0,1021.4,1018.1,4.45,4.51,18.4,25.1,0,0,16.700000000000003,-30.0,0.05999999999999961,-3.2999999999999545,9.0,11.53,21.349999999999998,2.5400000000000005,5.628,7.61,9.819999999999999,-16.6,-2.129999999999984,7.5,57.9,41.3,April,25.400000000000006
Adelaide,13.9,24.0,0.0,5.47,7.61,E,22.0,0.0,13.0,68.0,34.0,1021.0,1018.5,4.45,4.51,17.0,22.9,0,0,10.1,-34.0,0.05999999999999961,-2.5,13.0,10.7,20.87,2.5400000000000005,5.654999999999999,7.61,10.17,-19.7,-2.2599999999999794,7.6,60.5,40.8,April,25.400000000000006
Adelaide,15.0,27.0,0.0,7.4,7.61,N,30.0,11.0,2.0,40.0,29.0,1018.9,1015.8,4.45,4.51,21.3,25.2,0,0,12.0,-11.0,0.05999999999999961,-3.1000000000000227,-9.0,10.76,21.15,2.4600000000000004,5.7620000000000005,7.61,10.389999999999999,-20.7,-2.309999999999968,8.3,61.7,41.0,April,24.600000000000005
Adelaide,15.7,29.7,0.0,3.2,7.61,N,41.0,13.0,15.0,23.0,25.0,1013.6,1011.3,4.45,4.51,24.2,29.2,0,0,14.0,2.0,0.05999999999999961,-2.300000000000068,2.0,11.05,21.55,2.4600000000000004,5.955,7.61,10.5,-19.6,-2.249999999999966,8.0,61.1,41.5,April,24.600000000000005
Adelaide,13.9,23.6,0.0,2.4,7.61,W,40.04,7.0,18.66,76.0,51.54,1020.7,1015.26,4.45,4.51,19.3,21.68,0,0,9.700000000000001,-24.46,0.05999999999999961,-5.440000000000055,11.66,11.64,22.09,2.4600000000000004,5.728,7.61,10.45,-16.3,-2.1599999999999797,6.7,57.6,41.3,April,24.600000000000005
Adelaide,15.2,19.0,0.0,2.8,7.61,ENE,19.0,4.0,2.0,75.0,86.0,1026.7,1024.9,4.45,4.51,17.0,17.1,0,1,3.8000000000000007,11.0,0.05999999999999961,-1.7999999999999545,-2.0,11.63,22.25,2.4600000000000004,5.421,7.61,10.620000000000001,-17.446,-2.4139999999999873,5.6659999999999995,59.6,42.154,April,24.600000000000005
Adelaide,13.1,16.9,11.0,1.4,7.61,SE,17.0,4.0,6.0,88.0,73.0,1020.9,1016.0,4.45,4.51,13.8,16.3,1,0,3.799999999999999,-15.0,0.05999999999999961,-4.899999999999977,2.0,11.989999999999998,22.529999999999998,1.2800000000000005,5.154,7.61,10.54,-14.846,-2.6939999999999826,4.366,59.9,45.053999999999995,April,12.800000000000004
Adelaide,12.7,19.2,0.2,5.47,7.61,WNW,37.0,13.0,17.0,66.0,74.0,1018.7,1016.7,4.45,4.51,16.2,18.2,0,1,6.5,8.0,0.05999999999999961,-2.0,4.0,12.33,22.55,1.1000000000000003,3.3939999999999997,7.61,10.219999999999999,-14.046000000000001,-3.2939999999999827,4.266,61.7,47.653999999999996,April,11.000000000000004
Adelaide,8.1,16.6,4.8,5.47,7.61,SSE,39.0,13.0,17.0,58.0,44.0,1032.8,1033.6,4.45,4.51,13.5,15.1,1,0,8.500000000000002,-14.0,0.05999999999999961,0.7999999999999545,4.0,12.61,22.479999999999997,1.1200000000000003,3.721,7.61,9.87,-12.346,-3.233999999999992,4.066,62.2,49.854,April,11.200000000000003
Adelaide,6.0,16.9,0.4,3.8,7.61,SE,31.0,9.0,15.0,42.0,38.0,1039.2,1035.5,4.45,4.51,12.3,16.2,0,0,10.899999999999999,-4.0,0.05999999999999961,-3.7000000000000455,6.0,12.53,22.3,1.6000000000000003,4.108,7.61,9.77,-12.146,-2.86400000000001,3.9659999999999997,61.4,49.254,April,16.000000000000004
Adelaide,9.0,18.5,0.0,2.8,7.61,ENE,33.0,7.0,13.0,54.0,40.0,1034.7,1029.3,4.45,4.51,14.1,18.1,0,0,9.5,-14.0,0.05999999999999961,-5.400000000000091,6.0,12.25,21.85,1.6400000000000001,4.287999999999999,7.61,9.6,-11.146,-2.8240000000000123,4.066,59.1,47.95399999999999,April,16.400000000000002
Adelaide,8.1,21.2,0.0,2.6,7.61,S,20.0,2.0,6.0,61.0,45.0,1027.1,1022.5,4.45,4.51,14.5,20.8,0,0,13.1,-16.0,0.05999999999999961,-4.599999999999909,4.0,12.26,21.139999999999997,1.6400000000000001,4.021,7.61,8.879999999999999,-9.546000000000001,-3.034000000000026,3.7659999999999996,59.0,49.45399999999999,April,16.400000000000002
Adelaide,10.3,20.0,0.0,2.2,7.61,W,19.0,0.0,9.0,81.0,57.0,1019.5,1014.4,4.45,4.51,13.3,19.7,0,1,9.7,-24.0,0.05999999999999961,-5.100000000000023,9.0,11.68,20.86,1.6400000000000001,3.7340000000000004,7.61,9.18,-7.746,-3.2440000000000166,2.866,58.3,50.553999999999995,April,16.400000000000002
Adelaide,13.0,16.6,1.6,1.0,7.61,WSW,52.0,13.0,17.0,93.0,53.0,1008.3,1007.4,4.45,4.51,13.8,16.1,1,1,3.6000000000000014,-40.0,0.05999999999999961,-0.8999999999999773,4.0,11.209999999999999,20.16,1.6400000000000001,3.214,7.61,8.95,-9.046000000000001,-3.444000000000017,4.6659999999999995,62.4,53.354,April,16.400000000000002
Adelaide,8.5,16.4,13.0,5.47,7.61,SW,37.0,9.0,15.0,77.0,86.0,1013.5,1015.4,4.45,4.51,12.9,14.8,1,0,7.899999999999999,9.0,0.05999999999999961,1.8999999999999773,6.0,10.940000000000001,18.85,1.8000000000000003,2.9939999999999998,7.61,7.910000000000001,-13.246,-3.304000000000008,4.866,69.4,56.153999999999996,April,18.000000000000004
Adelaide,8.0,17.0,1.0,5.47,7.61,WSW,33.0,4.0,11.0,73.0,52.0,1025.0,1024.4,4.45,4.51,13.7,16.1,0,0,9.0,-21.0,0.05999999999999961,-0.599999999999909,7.0,10.4,18.130000000000003,3.1000000000000005,3.3009999999999997,7.61,7.7299999999999995,-9.9,-2.5700000000000047,4.3,69.5,59.6,April,31.000000000000004
Adelaide,10.6,17.6,0.0,5.0,7.61,SW,35.0,9.0,15.0,59.0,62.0,1028.3,1027.1,4.45,4.51,14.6,16.2,0,0,7.000000000000002,3.0,0.05999999999999961,-1.2000000000000455,6.0,9.680000000000001,17.93,3.2,3.568,7.61,8.25,-13.1,-2.45,5.2,69.3,56.2,April,32.0
Adelaide,8.7,16.7,0.0,1.6,7.61,SE,22.0,0.0,9.0,68.0,46.0,1030.8,1028.4,4.45,4.51,14.1,16.0,0,0,8.0,-22.0,0.05999999999999961,-2.3999999999998636,9.0,9.43,18.0,2.1000000000000005,3.928,7.61,8.57,-11.3,-2.0800000000000067,5.6,66.4,55.1,April,21.000000000000004
Adelaide,8.5,17.7,0.0,1.8,7.61,SE,30.0,7.0,4.0,49.0,39.0,1031.2,1028.4,4.45,4.51,14.5,15.8,0,0,9.2,-10.0,0.05999999999999961,-2.7999999999999545,-3.0,9.03,17.75,2.0800000000000005,3.5410000000000004,7.61,8.72,-14.3,-2.119999999999993,6.1,66.6,52.3,April,20.800000000000004
Adelaide,9.0,21.9,0.0,1.8,7.61,S,28.0,9.0,11.0,42.0,35.0,1028.7,1025.5,4.45,4.51,16.3,19.6,0,0,12.899999999999999,-7.0,0.05999999999999961,-3.2000000000000455,2.0,9.07,17.86,1.6000000000000003,3.174,7.61,8.79,-13.9,-2.479999999999984,5.4,65.7,51.8,April,16.000000000000004
Adelaide,8.0,22.7,0.0,1.8,7.61,N,22.0,7.0,4.0,51.0,43.0,1023.5,1019.3,4.45,4.51,18.5,21.8,0,0,14.7,-8.0,0.05999999999999961,-4.2000000000000455,-3.0,9.370000000000001,18.360000000000003,1.5600000000000003,2.9739999999999998,7.61,8.99,-14.2,-2.429999999999984,5.0,65.7,51.5,May,15.600000000000003
Adelaide,14.7,21.1,0.0,5.47,7.61,W,22.0,9.0,13.0,53.0,51.0,1019.6,1018.0,4.45,4.51,16.2,20.0,0,0,6.400000000000002,-2.0,0.05999999999999961,-1.6000000000000227,4.0,9.27,18.78,1.5600000000000003,2.8739999999999997,7.61,9.51,-13.6,-2.3099999999999796,4.1,65.4,51.8,May,15.600000000000003
Adelaide,12.1,21.7,0.0,5.47,7.61,WNW,20.0,6.0,11.0,78.0,51.0,1021.2,1017.9,4.45,4.51,15.2,19.0,0,0,9.6,-27.0,0.05999999999999961,-3.300000000000068,5.0,9.93,18.77,1.5600000000000003,3.161,7.61,8.84,-12.2,-2.009999999999991,4.1,64.6,52.4,May,15.600000000000003
Adelaide,11.9,27.6,0.0,6.4,7.61,N,48.0,13.0,15.0,27.0,18.0,1011.2,1004.4,4.45,4.51,21.7,26.7,0,1,15.700000000000001,-9.0,0.05999999999999961,-6.800000000000068,2.0,10.110000000000001,18.939999999999998,1.5600000000000003,3.4880000000000004,7.61,8.83,-12.5,-1.8299999999999954,3.7,64.3,51.8,May,15.600000000000003
Adelaide,11.0,16.5,2.4,4.4,7.61,W,67.0,22.0,22.0,73.0,48.0,1008.3,1011.6,4.45,4.51,12.0,15.1,1,1,5.5,-25.0,0.05999999999999961,3.300000000000068,0.0,9.999999999999998,20.04,1.4000000000000004,4.0280000000000005,7.61,10.04,-9.4,-2.4200000000000044,3.5,57.7,48.3,May,14.000000000000004
Adelaide,11.9,18.4,1.2,2.2,7.61,SW,44.0,13.0,20.0,85.0,64.0,1019.5,1019.9,4.45,4.51,14.3,16.4,1,1,6.499999999999998,-21.0,0.05999999999999961,0.39999999999997726,7.0,10.25,20.05,0.34000000000000036,3.9210000000000003,7.61,9.8,-12.8,-2.2799999999999954,2.9,57.3,44.5,May,3.4000000000000035
Adelaide,11.8,16.9,1.4,2.2,7.61,WSW,39.0,15.0,17.0,54.0,58.0,1025.7,1025.8,4.45,4.51,15.1,15.3,1,1,5.099999999999998,4.0,0.05999999999999961,0.09999999999990905,2.0,10.64,20.189999999999998,0.3600000000000003,3.5940000000000003,7.61,9.55,-12.8,-2.180000000000007,2.9,58.5,45.7,May,3.600000000000003
Adelaide,12.1,17.3,4.4,3.0,7.61,WSW,30.0,9.0,15.0,91.0,77.0,1025.4,1022.6,4.45,4.51,13.1,15.6,1,1,5.200000000000001,-14.0,0.05999999999999961,-2.800000000000068,6.0,10.76,20.119999999999997,0.5000000000000003,3.314,7.61,9.36,-12.7,-2.0500000000000114,2.5,58.0,45.3,May,5.0000000000000036
Adelaide,12.3,17.9,5.8,5.47,7.61,WNW,39.0,13.0,17.0,87.0,57.0,1019.9,1017.1,4.45,4.51,14.2,17.3,1,1,5.599999999999998,-30.0,0.05999999999999961,-2.7999999999999545,4.0,11.1,20.18,0.9400000000000004,3.4539999999999997,7.61,9.08,-11.9,-2.090000000000032,2.2,60.3,48.4,May,9.400000000000004
Adelaide,14.1,18.5,3.6,5.47,7.61,WSW,46.0,15.0,22.0,88.0,72.0,1014.3,1015.4,4.45,4.51,15.5,17.1,1,1,4.4,-16.0,0.05999999999999961,1.1000000000000227,7.0,11.48,20.2,1.5200000000000002,3.8209999999999993,7.61,8.719999999999999,-13.9,-2.090000000000032,2.9,64.1,50.2,May,15.200000000000003
Adelaide,14.2,17.0,4.4,4.4,7.61,SSW,37.0,13.0,15.0,75.0,73.0,1020.8,1020.4,4.45,4.51,16.3,16.3,1,1,2.8000000000000007,-2.0,0.05999999999999961,-0.39999999999997726,2.0,11.989999999999998,19.860000000000003,1.8800000000000003,4.188000000000001,7.61,7.869999999999999,-14.8,-1.660000000000025,3.4,68.7,53.9,May,18.800000000000004
Adelaide,13.3,16.3,3.6,1.2,7.61,SW,48.0,11.0,17.0,92.0,67.0,1020.8,1021.2,4.45,4.51,13.9,13.9,1,1,3.0,-25.0,0.05999999999999961,0.40000000000009095,6.0,12.61,19.29,2.3200000000000003,4.448,7.61,6.68,-14.2,-1.2800000000000182,3.9,71.1,56.9,May,23.200000000000003
Adelaide,6.3,14.9,2.0,1.6,7.61,SSW,39.0,7.0,15.0,66.0,47.0,1032.3,1033.1,4.45,4.51,10.8,13.8,1,0,8.600000000000001,-19.0,0.05999999999999961,0.7999999999999545,8.0,12.47,18.81,2.6800000000000006,4.021,7.61,6.34,-16.5,-1.0800000000000067,4.1,75.0,58.5,May,26.800000000000004
Adelaide,4.8,15.7,0.0,1.4,7.61,SW,24.0,7.0,11.0,80.0,83.0,1038.4,1036.8,4.45,4.51,9.7,13.4,0,0,10.899999999999999,3.0,0.05999999999999961,-1.6000000000001364,4.0,11.889999999999999,18.13,2.8800000000000003,3.6339999999999995,7.61,6.24,-15.7,-0.6700000000000046,4.4,73.8,58.1,May,28.800000000000004
Adelaide,6.7,15.5,0.2,1.0,7.61,SE,20.0,0.0,9.0,86.0,63.0,1038.6,1036.3,4.45,4.51,11.8,14.8,0,0,8.8,-23.0,0.05999999999999961,-2.2999999999999545,9.0,11.180000000000001,16.939999999999998,2.8800000000000003,3.134,7.61,5.76,-14.5,-0.15000000000001137,4.6,79.1,64.6,May,28.800000000000004
Adelaide,6.0,18.3,0.0,5.47,7.61,SE,19.0,7.0,6.0,67.0,49.0,1035.8,1031.5,4.45,4.51,12.7,18.1,0,0,12.3,-18.0,0.05999999999999961,-4.2999999999999545,-1.0,10.75,16.839999999999996,2.6600000000000006,2.794,7.61,6.089999999999999,-14.3,-0.7100000000000136,5.5,80.4,66.1,May,26.600000000000005
Adelaide,5.8,22.7,0.0,5.47,7.61,N,22.0,0.0,7.0,68.0,42.0,1031.8,1027.3,4.45,4.51,12.9,21.6,0,0,16.9,-26.0,0.05999999999999961,-4.5,7.0,10.16,16.830000000000002,2.54,3.121,7.61,6.67,-14.0,-1.1800000000000068,4.7,78.6,64.6,May,25.400000000000002
Adelaide,11.1,21.5,0.0,4.4,7.61,W,40.04,9.0,9.0,44.0,49.0,1024.3,1019.5,4.45,4.51,19.3,20.2,0,1,10.4,5.0,0.05999999999999961,-4.7999999999999545,0.0,9.56,17.41,2.4000000000000004,3.4479999999999995,7.61,7.85,-17.0,-1.6399999999999977,5.2,80.0,63.0,May,24.000000000000004
Adelaide,12.3,19.7,31.6,1.6,7.61,NW,35.0,11.0,15.0,73.0,62.0,1011.2,1008.1,4.45,4.51,15.6,18.6,1,1,7.399999999999999,-11.0,0.05999999999999961,-3.1000000000000227,4.0,9.459999999999999,17.83,1.9600000000000002,3.5879999999999996,7.61,8.370000000000001,-15.1,-1.8399999999999863,4.6,75.3,60.2,May,19.6
Adelaide,10.8,15.6,2.8,1.4,7.61,WSW,33.0,9.0,15.0,84.0,50.0,1018.7,1019.6,4.45,4.51,12.5,14.9,1,0,4.799999999999999,-34.0,0.05999999999999961,0.8999999999999773,6.0,9.459999999999999,18.009999999999998,4.540000000000001,3.2009999999999996,7.61,8.55,-13.2,-1.8699999999999932,4.6,73.9,60.7,May,45.400000000000006
Adelaide,7.8,14.4,0.0,1.8,7.61,W,40.04,0.0,18.66,77.0,51.54,1028.1,1015.26,4.45,4.51,10.2,21.68,0,0,6.6000000000000005,-25.46,0.05999999999999961,-12.839999999999918,18.66,9.13,17.72,4.46,2.794,7.61,8.59,-15.0,-1.8899999999999977,4.5,73.5,58.5,May,44.6
Adelaide,6.2,16.6,0.0,0.8,7.61,SSE,22.0,7.0,11.0,65.0,52.0,1031.7,1031.0,4.45,4.51,12.8,15.2,0,0,10.400000000000002,-13.0,0.05999999999999961,-0.7000000000000455,4.0,8.49,17.46,4.0200000000000005,2.534,7.61,8.97,-17.345999999999997,-3.133999999999992,6.1659999999999995,73.7,56.354,May,40.2
Adelaide,4.6,17.9,2.36,5.47,7.61,W,15.0,0.0,11.0,74.0,53.0,1032.1,1029.2,4.45,4.51,11.1,16.5,0,0,13.299999999999999,-21.0,0.05999999999999961,-2.8999999999998636,11.0,7.780000000000001,17.490000000000002,3.66,2.494,7.61,9.709999999999999,-16.145999999999997,-3.2440000000000055,5.965999999999999,71.0,54.854,May,36.6
Adelaide,5.5,17.8,2.36,5.47,7.61,N,20.0,0.0,6.0,67.0,51.0,1029.4,1027.9,4.45,4.51,12.3,16.0,0,0,12.3,-16.0,0.05999999999999961,-1.5,6.0,7.610000000000001,17.79,3.696,2.881,7.61,10.180000000000001,-16.345999999999997,-3.6139999999999874,6.266,71.8,55.45399999999999,May,36.96
Adelaide,10.0,20.7,2.36,4.0,7.61,NNE,24.0,0.0,6.0,74.0,43.0,1029.4,1026.0,4.45,4.51,13.6,20.2,0,0,10.7,-31.0,0.05999999999999961,-3.400000000000091,6.0,7.68,18.0,3.932000000000001,3.2880000000000003,7.61,10.32,-18.246,-3.6039999999999734,6.465999999999999,70.5,52.254,May,39.32000000000001
Adelaide,12.4,21.0,1.0,1.0,7.61,NNE,24.0,4.0,7.0,52.0,42.0,1025.6,1021.1,4.45,4.51,17.3,20.7,0,0,8.6,-10.0,0.05999999999999961,-4.499999999999886,3.0,8.010000000000002,18.520000000000003,4.148000000000001,3.588,7.61,10.510000000000002,-19.046,-3.713999999999987,6.1659999999999995,69.3,50.254,May,41.480000000000004
Adelaide,11.6,19.7,0.2,1.8,7.61,WNW,24.0,4.0,9.0,69.0,56.0,1021.5,1019.2,4.45,4.51,15.3,19.4,0,0,8.1,-13.0,0.05999999999999961,-2.2999999999999545,5.0,8.65,18.79,4.248,3.141,7.61,10.14,-18.246,-3.7339999999999804,6.566,67.8,49.553999999999995,May,42.480000000000004
Adelaide,10.2,19.2,0.0,1.4,7.61,WSW,39.0,9.0,17.0,85.0,62.0,1019.7,1018.2,4.45,4.51,13.2,18.3,0,1,9.0,-23.0,0.05999999999999961,-1.5,8.0,9.23,18.490000000000002,4.268,2.774,7.61,9.26,-16.945999999999998,-3.513999999999976,6.366,67.9,50.95399999999999,May,42.68
Adelaide,10.8,17.1,3.4,1.8,7.61,WNW,19.0,6.0,9.0,74.0,55.0,1024.3,1023.3,4.45,4.51,13.4,15.9,1,0,6.300000000000001,-19.0,0.05999999999999961,-1.0,3.0,9.14,18.26,4.268,2.4739999999999998,7.61,9.12,-19.746,-3.1839999999999806,7.1659999999999995,72.0,52.254,May,42.68
Adelaide,8.7,16.2,0.4,5.47,7.61,WNW,30.0,7.0,7.0,76.0,93.0,1024.1,1021.0,4.45,4.51,11.8,13.1,0,1,7.5,17.0,0.05999999999999961,-3.099999999999909,0.0,8.99,18.0,1.4480000000000004,2.4939999999999998,7.61,9.010000000000002,-20.546,-2.973999999999978,7.066,72.1,51.553999999999995,May,14.480000000000004
Adelaide,10.4,16.8,3.4,5.47,7.61,WSW,37.0,6.0,15.0,94.0,77.0,1020.1,1018.7,4.45,4.51,12.4,14.9,1,0,6.4,-17.0,0.05999999999999961,-1.3999999999999773,9.0,8.78,18.06,1.2080000000000002,2.901,7.61,9.280000000000001,-15.445999999999998,-3.373999999999967,6.465999999999999,71.3,55.854,May,12.080000000000002
Adelaide,7.9,13.8,0.2,1.8,7.61,SW,20.0,4.0,6.0,76.0,45.0,1028.3,1027.3,4.45,4.51,10.4,12.6,0,0,5.9,-31.0,0.05999999999999961,-1.0,2.0,9.04,18.3,1.5480000000000003,3.268,7.61,9.26,-14.6,-2.229999999999973,5.5,73.0,58.4,June,15.480000000000002
Adelaide,2.9,14.2,0.0,1.0,7.61,NE,22.0,0.0,9.0,68.0,44.0,1030.5,1027.1,4.45,4.51,8.4,13.0,0,0,11.299999999999999,-24.0,0.05999999999999961,-3.400000000000091,9.0,9.209999999999999,18.02,1.5680000000000003,3.368,7.61,8.809999999999999,-16.4,-2.2599999999999683,5.3,74.1,57.7,June,15.680000000000003
Adelaide,5.6,16.0,0.0,1.4,7.61,NNE,24.0,4.0,9.0,51.0,43.0,1024.5,1021.0,4.45,4.51,10.4,15.7,0,0,10.4,-8.0,0.05999999999999961,-3.5,5.0,9.04,17.65,1.3320000000000003,2.9210000000000003,7.61,8.61,-16.7,-2.3099999999999907,5.1,73.5,56.8,June,13.320000000000002
Adelaide,9.4,17.1,0.6,1.2,7.61,WSW,48.0,17.0,24.0,67.0,57.0,1017.7,1017.4,4.45,4.51,11.7,16.2,0,0,7.700000000000001,-10.0,0.05999999999999961,-0.3000000000000682,7.0,9.05,17.470000000000002,1.0960000000000003,2.5140000000000002,7.61,8.42,-15.9,-2.509999999999991,5.0,71.9,56.0,June,10.960000000000003
Adelaide,11.7,17.4,0.2,1.4,7.61,SW,31.0,2.0,9.0,75.0,64.0,1025.8,1026.2,4.45,4.51,13.5,17.0,0,0,5.699999999999999,-11.0,0.05999999999999961,0.40000000000009095,7.0,8.99,17.11,0.9200000000000005,2.234,7.61,8.12,-13.8,-2.1999999999999886,5.1,71.2,57.4,June,9.200000000000005
Adelaide,6.0,20.9,0.0,5.47,7.61,N,22.0,2.0,13.0,80.0,44.0,1029.6,1025.8,4.45,4.51,11.4,20.3,0,0,14.899999999999999,-36.0,0.05999999999999961,-3.7999999999999545,11.0,8.919999999999998,16.75,0.8400000000000004,2.274,7.61,7.83,-13.9,-1.7099999999999909,5.5,73.5,59.6,June,8.400000000000004
Adelaide,11.3,17.3,0.0,5.47,7.61,N,31.0,9.0,11.0,60.0,55.0,1024.4,1021.8,4.45,4.51,14.4,16.8,0,0,6.0,-5.0,0.05999999999999961,-2.6000000000001364,2.0,8.36,16.869999999999997,0.8200000000000003,2.641,7.61,8.510000000000002,-16.2,-1.859999999999991,6.1,74.6,58.4,June,8.200000000000003
Adelaide,10.7,17.8,0.0,5.47,7.61,NW,28.0,7.0,15.0,82.0,69.0,1022.3,1019.9,4.45,4.51,11.1,17.2,0,1,7.100000000000001,-13.0,0.05999999999999961,-2.3999999999999773,8.0,8.469999999999999,16.68,0.8200000000000003,3.048,7.61,8.21,-14.4,-1.9700000000000046,5.5,72.1,57.7,June,8.200000000000003
Adelaide,11.0,15.9,2.8,4.2,7.61,SSW,30.0,9.0,11.0,70.0,41.0,1027.1,1028.5,4.45,4.51,12.5,13.9,1,0,4.9,-29.0,0.05999999999999961,1.400000000000091,2.0,8.459999999999999,16.75,0.4800000000000003,3.415,7.61,8.29,-13.8,-2.110000000000002,6.0,72.9,59.1,June,4.800000000000003
Adelaide,8.7,13.9,0.0,1.6,7.61,E,30.0,0.0,7.0,68.0,45.0,1036.7,1035.0,4.45,4.51,10.5,13.0,0,0,5.200000000000001,-23.0,0.05999999999999961,-1.7000000000000455,7.0,8.69,16.720000000000002,0.7200000000000003,3.2880000000000003,7.61,8.03,-18.4,-1.6600000000000024,6.2,72.3,53.9,June,7.200000000000003
Adelaide,4.4,14.2,0.0,1.6,7.61,ESE,22.0,4.0,7.0,69.0,50.0,1035.7,1032.3,4.45,4.51,9.5,13.8,0,0,9.799999999999999,-19.0,0.05999999999999961,-3.400000000000091,3.0,8.52,16.43,0.38000000000000034,2.901,7.61,7.910000000000001,-19.0,-1.690000000000009,6.0,69.7,50.7,June,3.8000000000000034
Adelaide,4.2,19.6,0.0,1.2,7.61,NNE,24.0,7.0,7.0,67.0,40.0,1030.3,1027.0,4.45,4.51,12.1,19.4,0,0,15.400000000000002,-27.0,0.05999999999999961,-3.2999999999999545,0.0,8.17,16.470000000000002,0.3600000000000003,2.881,7.61,8.3,-17.8,-1.9300000000000181,6.1,69.0,51.2,June,3.600000000000003
Adelaide,10.3,19.9,0.0,5.47,7.61,NNE,24.0,7.0,7.0,57.0,50.0,1026.0,1022.9,4.45,4.51,16.7,19.7,0,0,9.599999999999998,-7.0,0.05999999999999961,-3.1000000000000227,0.0,8.3,17.009999999999998,0.3600000000000003,2.901,7.61,8.71,-18.1,-1.9200000000000046,5.2,68.9,50.8,June,3.600000000000003
Adelaide,12.9,18.6,0.0,5.47,7.61,ENE,20.0,0.0,0.0,71.0,76.0,1023.5,1022.0,4.45,4.51,14.1,16.9,0,1,5.700000000000001,5.0,0.05999999999999961,-1.5,0.0,8.77,17.4,0.3600000000000003,3.308,7.61,8.629999999999999,-18.0,-1.8800000000000068,4.7,69.5,51.5,June,3.600000000000003
Adelaide,13.2,15.5,1.2,2.8,7.61,E,24.0,2.0,6.0,84.0,75.0,1021.5,1018.6,4.45,4.51,13.9,15.4,1,1,2.3000000000000007,-9.0,0.05999999999999961,-2.8999999999999773,4.0,9.120000000000001,17.55,0.3000000000000004,3.7350000000000003,7.61,8.43,-16.5,-2.0,4.0,69.9,53.4,June,3.0000000000000036
Adelaide,11.1,16.2,1.2,0.4,7.61,SSW,15.0,0.0,11.0,89.0,78.0,1017.6,1015.2,4.45,4.51,13.2,15.4,1,0,5.1,-11.0,0.05999999999999961,-2.3999999999999773,11.0,9.27,17.36,0.40000000000000036,3.875,7.61,8.09,-16.3,-2.3300000000000067,3.7,70.8,54.5,June,4.0000000000000036
Adelaide,9.7,16.9,0.0,0.4,7.61,WSW,24.0,0.0,13.0,90.0,82.0,1017.7,1016.4,4.45,4.51,11.7,15.0,0,0,7.199999999999999,-8.0,0.05999999999999961,-1.3000000000000682,13.0,9.780000000000001,16.889999999999997,0.5200000000000002,3.368,7.61,7.109999999999999,-13.8,-2.1900000000000093,3.7,71.7,57.9,June,5.200000000000003
Adelaide,11.2,16.2,1.0,0.6,7.61,SE,33.0,9.0,9.0,80.0,62.0,1022.3,1021.9,4.45,4.51,12.5,14.6,0,0,5.0,-18.0,0.05999999999999961,-0.39999999999997726,0.0,9.62,16.85,0.5200000000000002,2.8609999999999998,7.61,7.2299999999999995,-14.1,-2.0600000000000023,4.8,74.7,60.6,June,5.200000000000003
Adelaide,5.3,15.3,0.2,5.47,7.61,ENE,20.0,2.0,9.0,95.0,60.0,1026.8,1025.8,4.45,4.51,9.6,14.1,0,0,10.0,-35.0,0.05999999999999961,-1.0,7.0,9.67,16.689999999999998,0.6200000000000003,2.374,7.61,7.0200000000000005,-14.6,-1.8600000000000023,4.0,74.5,59.9,June,6.200000000000003
Adelaide,5.3,14.0,0.0,5.47,7.61,E,19.0,0.0,7.0,75.0,42.0,1029.1,1026.6,4.45,4.51,8.6,13.9,0,0,8.7,-33.0,0.05999999999999961,-2.5,7.0,9.1,16.63,0.3600000000000004,2.501,7.61,7.529999999999999,-15.2,-2.100000000000011,4.5,77.0,61.8,June,3.6000000000000036
Adelaide,3.8,15.0,0.2,5.47,7.61,N,31.0,11.0,15.0,56.0,44.0,1026.6,1021.3,4.45,4.51,9.4,14.7,0,0,11.2,-12.0,0.05999999999999961,-5.2999999999999545,4.0,8.76,16.64,0.3600000000000004,2.888,7.61,7.88,-16.2,-2.180000000000007,4.5,77.7,61.5,June,3.6000000000000036
Adelaide,9.4,18.2,0.8,5.47,7.61,N,31.0,7.0,13.0,78.0,40.0,1019.8,1013.5,4.45,4.51,10.4,18.0,0,1,8.799999999999999,-38.0,0.05999999999999961,-6.2999999999999545,6.0,8.7,16.72,0.38000000000000034,3.275,7.61,8.02,-15.5,-2.369999999999993,4.6,76.4,60.9,June,3.8000000000000034
Adelaide,10.4,17.7,3.4,5.47,7.61,W,35.0,11.0,17.0,62.0,56.0,1016.1,1015.4,4.45,4.51,13.0,16.5,1,1,7.299999999999999,-6.0,0.05999999999999961,-0.7000000000000455,6.0,9.22,16.580000000000002,0.4600000000000003,3.7019999999999995,7.61,7.359999999999999,-16.6,-2.6699999999999933,5.2,77.5,60.9,June,4.600000000000003
Adelaide,9.1,13.6,3.2,5.47,7.61,SSW,30.0,4.0,17.0,92.0,81.0,1024.2,1025.9,4.45,4.51,11.1,12.1,1,0,4.5,-11.0,0.05999999999999961,1.7000000000000455,13.0,9.23,16.36,0.8000000000000004,3.7019999999999995,7.61,7.13,-16.5,-2.4299999999999953,5.8,78.0,61.5,June,8.000000000000004
Adelaide,8.5,14.1,0.4,5.47,7.61,SSW,24.0,7.0,7.0,71.0,61.0,1033.2,1032.4,4.45,4.51,11.8,13.9,0,0,5.6,-10.0,0.05999999999999961,-0.7999999999999545,0.0,8.85,15.86,1.1200000000000003,3.7020000000000004,7.61,7.01,-18.1,-2.109999999999991,7.1,80.1,62.0,June,11.200000000000003
Adelaide,11.1,15.7,0.0,5.47,7.61,N,24.0,11.0,11.0,72.0,50.0,1034.0,1032.3,4.45,4.51,11.6,15.1,0,0,4.6,-22.0,0.05999999999999961,-1.7000000000000455,0.0,8.379999999999999,15.719999999999999,1.0400000000000005,3.969,7.61,7.339999999999999,-18.2,-1.8999999999999886,6.7,78.8,60.6,June,10.400000000000004
Adelaide,3.8,15.5,0.0,5.47,7.61,SW,19.0,0.0,11.0,88.0,65.0,1034.7,1032.5,4.45,4.51,7.4,14.3,0,0,11.7,-23.0,0.05999999999999961,-2.2000000000000455,11.0,8.379999999999999,15.670000000000002,0.9200000000000003,4.476,7.61,7.290000000000001,-19.3,-1.8299999999999954,5.6,77.1,57.8,June,9.200000000000003
Adelaide,5.4,16.2,0.0,5.47,7.61,ENE,17.0,0.0,6.0,77.0,46.0,1035.4,1033.1,4.45,4.51,9.5,15.9,0,0,10.799999999999999,-31.0,0.05999999999999961,-2.300000000000182,6.0,7.790000000000001,15.530000000000001,0.9200000000000003,4.983,7.61,7.739999999999999,-20.8,-1.9199999999999933,5.4,76.9,56.1,June,9.200000000000003
Adelaide,3.0,14.1,0.0,5.47,7.61,N,17.0,2.0,2.0,78.0,50.0,1033.8,1030.4,4.45,4.51,7.2,13.6,0,0,11.1,-28.0,0.05999999999999961,-3.3999999999998636,0.0,7.209999999999999,15.530000000000001,0.8200000000000003,5.47,7.61,8.319999999999999,-22.1,-2.1100000000000136,6.0,76.6,54.5,June,8.200000000000003
Adelaide,7.2,13.8,0.0,5.47,7.61,SW,17.0,2.0,7.0,68.0,64.0,1031.3,1029.5,4.45,4.51,10.1,12.7,0,0,6.6000000000000005,-4.0,0.05999999999999961,-1.7999999999999545,5.0,6.9799999999999995,15.41,0.8000000000000004,5.47,7.61,8.43,-21.4,-2.35,5.3,74.9,53.5,June,8.000000000000004
Adelaide,4.7,14.5,0.0,5.47,7.61,WSW,20.0,6.0,13.0,78.0,48.0,1030.6,1027.6,4.45,4.51,8.8,13.1,0,0,9.8,-30.0,0.05999999999999961,-3.0,7.0,7.17,15.39,0.8000000000000004,5.47,7.61,8.219999999999999,-18.5,-2.2799999999999954,5.1,74.2,55.7,July,8.000000000000004
Adelaide,8.8,16.4,0.0,5.47,7.61,W,28.0,6.0,9.0,86.0,51.0,1029.2,1028.6,4.45,4.51,10.6,15.4,0,0,7.599999999999998,-35.0,0.05999999999999961,-0.6000000000001364,3.0,7.26,15.34,0.7800000000000005,5.47,7.61,8.079999999999998,-20.3,-2.05,5.4,76.4,56.1,July,7.800000000000004
Adelaide,3.1,13.8,0.0,5.47,7.61,W,17.0,2.0,7.0,71.0,59.0,1029.6,1026.6,4.45,4.51,8.1,12.6,0,0,10.700000000000001,-12.0,0.05999999999999961,-3.0,5.0,7.2,15.159999999999997,0.7000000000000004,5.47,7.61,7.959999999999999,-20.0,-1.4800000000000182,5.1,77.2,57.2,July,7.000000000000004
Adelaide,5.5,17.1,0.0,5.47,7.61,N,17.0,7.0,9.0,68.0,53.0,1025.0,1022.1,4.45,4.51,11.4,15.5,0,0,11.600000000000001,-15.0,0.05999999999999961,-2.8999999999999773,2.0,6.470000000000001,14.77,0.3600000000000004,5.47,7.61,8.3,-20.6,-1.7100000000000137,5.0,78.1,57.5,July,3.6000000000000036
Adelaide,4.9,17.3,0.0,5.47,7.61,NNW,24.0,7.0,11.0,67.0,46.0,1021.2,1017.8,4.45,4.51,11.2,17.2,0,1,12.4,-21.0,0.05999999999999961,-3.400000000000091,4.0,6.11,15.12,0.040000000000000355,5.47,7.61,9.01,-21.0,-2.170000000000016,3.9,75.7,54.7,July,0.4000000000000036
Adelaide,9.6,15.9,6.2,5.47,7.61,WNW,31.0,7.0,11.0,87.0,78.0,1017.0,1016.8,4.45,4.51,10.8,14.0,1,1,6.300000000000001,-9.0,0.05999999999999961,-0.20000000000004547,4.0,5.75,15.440000000000001,0.0,5.47,7.61,9.690000000000001,-22.1,-2.4300000000000295,4.3,75.3,53.2,July,0.0
Adelaide,10.8,15.1,4.8,5.47,7.61,W,26.0,9.0,6.0,94.0,88.0,1022.2,1021.7,4.45,4.51,12.5,13.2,1,1,4.299999999999999,-6.0,0.05999999999999961,-0.5,-3.0,5.6,15.459999999999999,0.6200000000000003,5.47,7.61,9.86,-20.8,-2.2800000000000296,4.7,76.8,56.0,July,6.200000000000004
Adelaide,6.9,16.6,1.4,5.47,7.61,N,28.0,4.0,9.0,95.0,49.0,1025.2,1022.2,4.45,4.51,9.5,15.6,1,0,9.700000000000001,-46.0,0.05999999999999961,-3.0,5.0,6.3,15.419999999999998,1.1000000000000003,5.47,7.61,9.120000000000001,-19.1,-2.110000000000025,3.3,77.4,58.3,July,11.000000000000004
Adelaide,9.5,19.1,0.0,5.47,7.61,NNW,28.0,7.0,13.0,51.0,42.0,1021.3,1018.0,4.45,4.51,13.0,17.8,0,1,9.600000000000001,-9.0,0.05999999999999961,-3.2999999999999545,6.0,6.45,15.459999999999999,1.2400000000000004,5.47,7.61,9.010000000000002,-20.6,-2.180000000000007,3.2,79.2,58.6,July,12.400000000000004
Adelaide,10.4,15.3,2.8,5.47,7.61,W,37.0,11.0,17.0,69.0,81.0,1015.4,1012.9,4.45,4.51,11.9,14.1,1,1,4.9,12.0,0.05999999999999961,-2.5,6.0,7.1,15.960000000000003,1.2400000000000004,5.47,7.61,8.86,-18.7,-2.170000000000016,3.8,76.5,57.8,July,12.400000000000004
Adelaide,6.3,11.8,18.6,5.47,7.61,SW,63.0,13.0,19.0,88.0,67.0,1009.3,1009.0,4.45,4.51,6.3,11.7,1,1,5.500000000000001,-21.0,0.05999999999999961,-0.2999999999999545,6.0,7.42,16.11,1.5200000000000002,5.47,7.61,8.690000000000001,-17.1,-2.2400000000000206,3.9,76.6,59.5,July,15.200000000000003
Adelaide,5.9,12.2,5.0,5.47,7.61,SSW,52.0,17.0,13.0,68.0,76.0,1018.3,1020.1,4.45,4.51,10.2,10.4,1,1,6.299999999999999,8.0,0.05999999999999961,1.8000000000000682,-4.0,7.58,15.84,3.3800000000000003,5.47,7.61,8.26,-16.2,-1.970000000000016,3.8,77.6,61.4,July,33.800000000000004
Adelaide,8.7,14.7,3.6,5.47,7.61,WSW,39.0,15.0,15.0,89.0,73.0,1022.7,1020.7,4.45,4.51,11.3,13.8,1,1,6.0,-16.0,0.05999999999999961,-2.0,0.0,7.289999999999999,15.419999999999998,3.8800000000000003,5.47,7.61,8.129999999999999,-11.9,-1.7299999999999955,3.1,75.8,63.9,July,38.800000000000004
Adelaide,9.5,13.6,1.2,5.47,7.61,SW,54.0,7.0,24.0,90.0,65.0,1017.9,1016.0,4.45,4.51,11.1,11.5,1,1,4.1,-25.0,0.05999999999999961,-1.8999999999999773,17.0,7.85,15.510000000000002,4.24,5.47,7.61,7.659999999999999,-12.3,-1.6299999999999955,2.6,77.6,65.3,July,42.400000000000006
Adelaide,5.4,13.2,6.4,5.47,7.61,SSE,39.0,0.0,15.0,81.0,62.0,1019.7,1020.1,4.45,4.51,8.8,12.8,1,1,7.799999999999999,-19.0,0.05999999999999961,0.39999999999997726,15.0,8.25,15.160000000000002,4.36,5.47,7.61,6.910000000000001,-13.3,-1.5299999999999954,4.1,79.8,66.5,July,43.6
Adelaide,6.9,14.3,1.4,5.47,7.61,S,28.0,6.0,11.0,69.0,62.0,1027.8,1026.8,4.45,4.51,10.0,13.2,1,0,7.4,-7.0,0.05999999999999961,-1.0,5.0,8.3,14.75,5.000000000000001,5.47,7.61,6.45,-13.1,-1.1499999999999886,5.2,81.2,68.1,July,50.00000000000001
Adelaide,5.7,12.8,0.0,5.47,7.61,SW,28.0,0.0,11.0,79.0,65.0,1029.7,1029.1,4.45,4.51,9.3,12.0,0,0,7.1000000000000005,-14.0,0.05999999999999961,-0.6000000000001364,11.0,8.030000000000001,14.59,4.5200000000000005,5.47,7.61,6.56,-12.9,-1.229999999999984,5.3,79.4,66.5,July,45.2
Adelaide,5.6,14.0,0.0,5.47,7.61,E,22.0,0.0,13.0,85.0,57.0,1033.2,1031.4,4.45,4.51,8.6,12.6,0,0,8.4,-28.0,0.05999999999999961,-1.7999999999999545,13.0,7.5200000000000005,14.36,4.040000000000001,5.47,7.61,6.840000000000001,-13.7,-1.2399999999999978,6.7,77.9,64.2,July,40.400000000000006
Adelaide,2.2,12.6,0.0,5.47,7.61,N,20.0,0.0,7.0,61.0,42.0,1034.1,1030.8,4.45,4.51,7.8,11.5,0,0,10.399999999999999,-19.0,0.05999999999999961,-3.2999999999999545,7.0,7.390000000000001,14.1,3.900000000000001,5.47,7.61,6.709999999999999,-11.9,-1.1199999999999932,7.5,76.9,65.0,July,39.00000000000001
Adelaide,1.8,13.3,0.0,5.47,7.61,N,30.0,9.0,11.0,51.0,40.0,1030.1,1026.2,4.45,4.51,8.2,12.8,0,0,11.5,-11.0,0.05999999999999961,-3.8999999999998636,2.0,6.659999999999999,13.45,3.900000000000001,5.47,7.61,6.790000000000001,-12.9,-1.1199999999999932,7.6,77.9,65.0,July,39.00000000000001
Adelaide,7.8,13.7,0.0,5.47,7.61,N,50.0,13.0,20.0,47.0,46.0,1020.9,1014.7,4.45,4.51,11.3,13.2,0,1,5.8999999999999995,-1.0,0.05999999999999961,-6.199999999999932,7.0,5.8,13.25,3.62,5.47,7.61,7.45,-15.2,-1.2599999999999796,7.2,76.1,60.9,July,36.2
Adelaide,8.7,16.1,3.8,5.47,7.61,SW,33.0,7.0,13.0,90.0,62.0,1021.0,1021.9,4.45,4.51,9.3,15.1,1,1,7.400000000000002,-28.0,0.05999999999999961,0.8999999999999773,6.0,5.95,13.439999999999998,1.7600000000000005,5.47,7.61,7.49,-13.2,-1.8499999999999772,7.3,72.0,58.8,July,17.600000000000005
Adelaide,3.3,18.0,1.2,5.47,7.61,NE,28.0,2.0,11.0,74.0,45.0,1022.7,1016.6,4.45,4.51,9.9,17.2,1,1,14.7,-29.0,0.05999999999999961,-6.100000000000023,9.0,6.2299999999999995,13.830000000000002,1.6400000000000001,5.47,7.61,7.6,-16.8,-1.9399999999999864,8.3,74.2,57.4,July,16.400000000000002
Adelaide,9.9,15.6,1.2,5.47,7.61,SW,43.0,13.0,19.0,86.0,62.0,1014.3,1013.4,4.45,4.51,11.2,14.5,1,1,5.699999999999999,-24.0,0.05999999999999961,-0.8999999999999773,6.0,5.6899999999999995,14.16,1.4000000000000004,5.47,7.61,8.47,-18.1,-2.3499999999999885,9.2,72.7,54.6,July,14.000000000000004
Adelaide,9.3,15.0,1.8,5.47,7.61,WSW,44.0,9.0,15.0,91.0,70.0,1017.9,1014.7,4.45,4.51,10.5,14.4,1,1,5.699999999999999,-21.0,0.05999999999999961,-3.199999999999932,6.0,5.73,14.36,1.4000000000000004,5.47,7.61,8.629999999999999,-18.0,-2.2499999999999885,8.1,72.3,54.3,July,14.000000000000004
Adelaide,7.8,12.4,11.2,5.47,7.61,SW,46.0,15.0,17.0,56.0,54.0,1022.8,1025.0,4.45,4.51,10.5,11.3,1,0,4.6000000000000005,-2.0,0.05999999999999961,2.2000000000000455,2.0,6.12,14.539999999999997,0.9400000000000004,5.47,7.61,8.419999999999998,-18.2,-2.6099999999999794,7.2,73.3,55.1,July,9.400000000000004
Adelaide,3.1,13.7,1.0,5.47,7.61,WSW,24.0,4.0,13.0,86.0,61.0,1035.1,1034.7,4.45,4.51,6.9,12.1,0,1,10.6,-25.0,0.05999999999999961,-0.3999999999998636,9.0,6.21,14.35,1.9200000000000004,5.47,7.61,8.14,-17.7,-2.289999999999975,6.9,72.0,54.3,July,19.200000000000003
Adelaide,6.9,12.5,1.8,5.47,7.61,NE,15.0,7.0,2.0,86.0,64.0,1038.0,1035.1,4.45,4.51,8.6,12.1,1,0,5.6,-22.0,0.05999999999999961,-2.900000000000091,-5.0,5.95,14.440000000000001,2.0200000000000005,5.47,7.61,8.489999999999998,-18.8,-2.2699999999999476,6.7,72.7,53.9,July,20.200000000000003
Adelaide,6.8,13.8,0.0,5.47,7.61,N,28.0,11.0,13.0,54.0,44.0,1031.9,1026.6,4.45,4.51,9.9,13.4,0,0,7.000000000000001,-10.0,0.05999999999999961,-5.300000000000182,2.0,6.08,14.290000000000001,2.2,5.47,7.61,8.21,-18.2,-2.3799999999999613,4.9,72.8,54.6,July,22.000000000000004
Adelaide,9.5,14.8,0.2,5.47,7.61,NW,46.0,19.0,19.0,44.0,75.0,1019.6,1018.6,4.45,4.51,11.6,13.1,0,0,5.300000000000001,31.0,0.05999999999999961,-1.0,0.0,6.540000000000001,14.41,2.2,5.47,7.61,7.87,-17.3,-2.579999999999984,4.4,72.1,54.8,July,22.000000000000004
Adelaide,3.3,16.1,0.0,5.47,7.61,N,28.0,4.0,11.0,80.0,55.0,1022.1,1016.1,4.45,4.51,7.7,15.7,0,1,12.8,-25.0,0.05999999999999961,-6.0,7.0,7.3100000000000005,14.559999999999999,2.22,5.47,7.61,7.25,-13.1,-2.289999999999998,4.2,71.4,58.3,July,22.200000000000003
Adelaide,7.7,11.5,11.0,5.47,7.61,WSW,37.0,7.0,0.0,95.0,83.0,1016.0,1016.1,4.45,4.51,10.8,11.3,1,1,3.8,-12.0,0.05999999999999961,0.10000000000002274,-7.0,6.860000000000001,14.8,2.22,5.47,7.61,7.9399999999999995,-15.5,-2.2700000000000045,4.2,74.7,59.2,August,22.200000000000003
Adelaide,8.1,14.4,7.0,5.47,7.61,WSW,35.0,9.0,19.0,80.0,69.0,1020.3,1020.2,4.45,4.51,10.9,13.4,1,1,6.300000000000001,-11.0,0.05999999999999961,-0.09999999999990905,10.0,6.760000000000001,14.34,2.9400000000000004,5.47,7.61,7.58,-13.9,-2.35,2.9,75.2,61.3,August,29.400000000000002
Adelaide,10.1,14.0,2.6,5.47,7.61,WSW,41.0,19.0,19.0,74.0,69.0,1025.4,1025.6,4.45,4.51,11.2,11.8,1,0,3.9000000000000004,-5.0,0.05999999999999961,0.1999999999998181,0.0,7.24,13.98,3.5200000000000005,5.47,7.61,6.74,-12.1,-1.7499999999999887,3.0,75.8,63.7,August,35.2
Adelaide,6.5,13.3,0.6,5.47,7.61,WNW,33.0,7.0,9.0,90.0,77.0,1028.1,1025.3,4.45,4.51,8.4,12.0,0,1,6.800000000000001,-13.0,0.05999999999999961,-2.7999999999999545,2.0,7.26,13.819999999999999,3.66,5.47,7.61,6.56,-10.2,-1.640000000000009,2.4,74.6,64.4,August,36.6
Adelaide,8.3,13.9,4.2,5.47,7.61,WSW,41.0,15.0,20.0,81.0,65.0,1022.0,1021.6,4.45,4.51,11.2,13.2,1,1,5.6,-16.0,0.05999999999999961,-0.39999999999997726,5.0,6.980000000000001,13.65,3.5400000000000005,5.47,7.61,6.67,-9.4,-1.6000000000000114,2.0,74.5,65.1,August,35.400000000000006
Adelaide,7.7,13.3,1.2,5.47,7.61,WSW,26.0,7.0,13.0,88.0,70.0,1026.5,1026.1,4.45,4.51,10.3,12.4,1,0,5.6000000000000005,-18.0,0.05999999999999961,-0.40000000000009095,6.0,7.029999999999999,13.8,2.8400000000000007,5.47,7.61,6.7700000000000005,-10.8,-1.8600000000000136,2.3,77.0,66.2,August,28.400000000000006
Adelaide,9.3,11.4,0.6,5.47,7.61,WNW,17.0,7.0,7.0,89.0,78.0,1029.4,1027.6,4.45,4.51,10.0,11.0,0,0,2.0999999999999996,-11.0,0.05999999999999961,-1.800000000000182,0.0,7.49,13.760000000000002,2.8600000000000003,5.47,7.61,6.270000000000001,-10.1,-1.8600000000000363,2.0,77.2,67.1,August,28.600000000000005
Adelaide,3.3,16.7,0.0,5.47,7.61,N,28.0,2.0,11.0,76.0,49.0,1025.6,1021.3,4.45,4.51,9.3,15.7,0,0,13.399999999999999,-27.0,0.05999999999999961,-4.2999999999999545,9.0,7.7299999999999995,13.65,2.74,5.47,7.61,5.92,-9.0,-1.7500000000000455,2.5,77.5,68.5,August,27.400000000000002
Adelaide,8.8,19.2,0.2,5.47,7.61,NNW,44.0,9.0,17.0,43.0,34.0,1017.4,1010.6,4.45,4.51,13.4,19.0,0,0,10.399999999999999,-9.0,0.05999999999999961,-6.7999999999999545,8.0,7.38,13.940000000000001,2.74,5.47,7.61,6.5600000000000005,-10.7,-1.6500000000000228,3.2,79.7,69.0,August,27.400000000000002
Adelaide,10.4,15.7,0.0,5.47,7.61,WNW,44.0,17.0,19.0,79.0,59.0,1013.2,1013.1,4.45,4.51,12.3,14.6,0,1,5.299999999999999,-20.0,0.05999999999999961,-0.10000000000002274,2.0,7.3100000000000005,14.38,2.74,5.47,7.61,7.07,-14.7,-2.230000000000018,4.0,79.6,64.9,August,27.400000000000002
Adelaide,7.4,16.2,2.6,5.47,7.61,N,50.0,17.0,26.0,65.0,84.0,1009.5,1004.8,4.45,4.51,11.4,10.1,1,1,8.799999999999999,19.0,0.05999999999999961,-4.7000000000000455,9.0,8.02,14.34,2.74,5.47,7.61,6.32,-14.2,-1.6400000000000206,3.5,79.5,65.3,August,27.400000000000002
Adelaide,7.0,14.5,5.8,5.47,7.61,WSW,59.0,17.0,26.0,83.0,64.0,1010.0,1014.9,4.45,4.51,10.6,13.5,1,1,7.5,-19.0,0.05999999999999961,4.899999999999977,9.0,7.99,14.809999999999999,1.9000000000000004,5.47,7.61,6.8199999999999985,-11.1,-2.120000000000027,5.1,76.5,65.4,August,19.000000000000004
Adelaide,10.5,15.7,4.0,5.47,7.61,W,26.0,11.0,11.0,97.0,68.0,1023.6,1023.2,4.45,4.51,11.6,15.1,1,1,5.199999999999999,-29.0,0.05999999999999961,-0.39999999999997726,0.0,7.88,14.819999999999999,1.7800000000000005,5.47,7.61,6.94,-11.9,-1.6200000000000387,5.0,76.8,64.9,August,17.800000000000004
Adelaide,11.3,15.4,1.2,5.47,7.61,W,20.0,6.0,9.0,95.0,76.0,1028.4,1027.7,4.45,4.51,12.2,15.1,1,1,4.1,-19.0,0.05999999999999961,-0.7000000000000455,3.0,7.92,14.99,1.9200000000000004,5.47,7.61,7.0699999999999985,-14.3,-1.6800000000000181,5.0,79.1,64.8,August,19.200000000000003
Adelaide,10.9,14.5,1.4,5.47,7.61,W,15.0,7.0,7.0,92.0,81.0,1033.0,1031.2,4.45,4.51,12.2,13.4,1,0,3.5999999999999996,-11.0,0.05999999999999961,-1.7999999999999545,0.0,8.4,15.2,1.9800000000000004,5.47,7.61,6.8,-14.9,-1.4700000000000273,5.1,79.6,64.7,August,19.800000000000004
Adelaide,6.9,15.7,0.0,5.47,7.61,WSW,20.0,4.0,11.0,90.0,58.0,1029.6,1026.0,4.45,4.51,9.6,14.9,0,0,8.799999999999999,-32.0,0.05999999999999961,-3.599999999999909,7.0,8.66,15.260000000000002,1.7000000000000004,5.47,7.61,6.6,-14.4,-1.610000000000025,4.6,80.7,66.3,August,17.000000000000004
Adelaide,9.3,15.5,0.0,5.47,7.61,SW,31.0,6.0,17.0,90.0,55.0,1024.3,1022.5,4.45,4.51,12.1,14.4,0,0,6.199999999999999,-35.0,0.05999999999999961,-1.7999999999999545,11.0,8.580000000000002,15.5,1.5800000000000005,5.47,7.61,6.919999999999999,-15.8,-1.9300000000000068,4.7,80.9,65.1,August,15.800000000000004
Adelaide,8.8,14.3,0.4,5.47,7.61,WSW,13.0,6.0,4.0,60.0,48.0,1024.5,1022.7,4.45,4.51,11.1,14.1,0,0,5.5,-12.0,0.05999999999999961,-1.7999999999999545,-2.0,8.580000000000002,15.91,1.5200000000000002,5.47,7.61,7.33,-18.2,-1.9299999999999842,5.8,81.0,62.8,August,15.200000000000003
Adelaide,8.5,19.1,0.0,5.47,7.61,NNE,30.0,9.0,11.0,51.0,51.0,1022.2,1018.5,4.45,4.51,12.5,16.9,0,0,10.600000000000001,0.0,0.05999999999999961,-3.7000000000000455,2.0,9.13,15.670000000000002,1.5600000000000003,5.47,7.61,6.539999999999999,-16.7,-1.6799999999999842,4.7,79.4,62.7,August,15.600000000000003
Adelaide,12.5,22.9,0.0,5.47,7.61,NNE,50.0,20.0,19.0,25.0,31.0,1016.2,1012.8,4.45,4.51,19.0,20.6,0,1,10.399999999999999,6.0,0.05999999999999961,-3.400000000000091,-1.0,9.1,15.66,1.5400000000000005,5.47,7.61,6.56,-15.8,-1.3699999999999932,4.1,80.2,64.4,August,15.400000000000004
Adelaide,12.7,20.8,3.0,5.47,7.61,N,37.0,7.0,19.0,78.0,48.0,1012.9,1010.6,4.45,4.51,14.1,19.5,1,0,8.100000000000001,-30.0,0.05999999999999961,-2.2999999999999545,12.0,9.31,16.380000000000003,1.5400000000000005,5.47,7.61,7.0699999999999985,-13.2,-1.7,3.8,74.8,61.6,August,15.400000000000004
Adelaide,9.6,18.4,0.6,5.47,7.61,N,22.0,9.0,13.0,97.0,53.0,1018.2,1017.1,4.45,4.51,11.2,17.8,0,0,8.799999999999999,-44.0,0.05999999999999961,-1.1000000000000227,4.0,9.84,16.84,1.5800000000000005,5.47,7.61,7.0,-18.1,-1.4599999999999909,4.1,76.1,58.0,August,15.800000000000004
Adelaide,6.0,17.4,0.0,5.47,7.61,ESE,44.0,2.0,15.0,67.0,56.0,1019.8,1017.8,4.45,4.51,13.5,15.5,0,0,11.399999999999999,-11.0,0.05999999999999961,-2.0,13.0,10.1,17.23,1.0600000000000003,5.47,7.61,7.13,-20.6,-2.0599999999999907,3.6,77.5,56.9,August,10.600000000000003
Adelaide,9.2,14.3,0.0,5.47,7.61,SE,48.0,17.0,19.0,64.0,42.0,1024.7,1024.1,4.45,4.51,9.9,13.4,0,0,5.100000000000001,-22.0,0.05999999999999961,-0.6000000000001364,2.0,9.65,17.4,0.6600000000000004,5.47,7.61,7.75,-18.8,-2.219999999999993,4.9,74.5,55.7,August,6.600000000000003
Adelaide,8.6,15.2,0.0,5.47,7.61,SE,35.0,11.0,13.0,50.0,35.0,1028.9,1026.1,4.45,4.51,11.9,14.5,0,0,6.6,-15.0,0.05999999999999961,-2.800000000000182,2.0,9.440000000000001,17.29,0.5400000000000003,5.47,7.61,7.85,-19.1,-2.210000000000002,4.8,71.4,52.3,August,5.400000000000003
Adelaide,8.9,16.0,0.0,5.47,7.61,SW,31.0,0.0,13.0,65.0,40.0,1025.6,1023.4,4.45,4.51,11.5,14.3,0,0,7.1,-25.0,0.05999999999999961,-2.199999999999932,13.0,9.209999999999999,17.36,0.40000000000000036,5.47,7.61,8.15,-19.5,-2.310000000000025,5.0,67.2,47.7,August,4.0000000000000036
Adelaide,4.6,14.3,0.6,5.47,7.61,SW,26.0,2.0,9.0,85.0,81.0,1026.4,1025.8,4.45,4.51,9.1,12.0,0,1,9.700000000000001,-4.0,0.05999999999999961,-0.6000000000001364,7.0,9.41,17.39,0.40000000000000036,5.47,7.61,7.9799999999999995,-18.8,-2.1700000000000275,5.6,64.7,45.9,August,4.0000000000000036
Adelaide,6.2,14.0,1.4,5.47,7.61,S,24.0,6.0,9.0,68.0,62.0,1030.0,1027.6,4.45,4.51,12.3,13.1,1,0,7.8,-6.0,0.05999999999999961,-2.400000000000091,3.0,8.94,17.27,0.4600000000000004,5.47,7.61,8.330000000000002,-15.7,-2.0500000000000456,5.2,64.2,48.5,August,4.600000000000004
Adelaide,4.4,14.5,0.0,5.47,7.61,E,20.0,9.0,7.0,66.0,46.0,1029.0,1026.6,4.45,4.51,11.0,13.4,0,0,10.1,-20.0,0.05999999999999961,-2.400000000000091,-2.0,8.68,17.24,0.5600000000000003,5.47,7.61,8.56,-15.1,-2.110000000000059,5.7,65.0,49.9,August,5.600000000000003
Adelaide,6.8,16.9,0.0,5.47,7.61,E,26.0,7.0,4.0,41.0,39.0,1026.7,1023.0,4.45,4.51,12.7,16.5,0,0,10.099999999999998,-2.0,0.05999999999999961,-3.7000000000000455,-3.0,8.27,16.779999999999998,0.5600000000000003,5.47,7.61,8.51,-17.1,-1.9800000000000637,5.3,66.5,49.4,August,5.600000000000003
Adelaide,4.1,19.9,0.0,5.47,7.61,W,20.0,7.0,7.0,42.0,29.0,1021.4,1017.9,4.45,4.51,14.0,19.2,0,0,15.799999999999999,-13.0,0.05999999999999961,-3.5,0.0,7.7,16.18,0.5600000000000003,5.47,7.61,8.48,-17.9,-2.0100000000000593,5.1,68.1,50.2,August,5.600000000000003
Adelaide,9.5,20.2,0.4,5.47,7.61,N,39.0,11.0,19.0,40.0,32.0,1013.6,1009.6,4.45,4.51,16.6,18.7,0,1,10.7,-8.0,0.05999999999999961,-4.0,8.0,6.839999999999999,16.09,0.26000000000000034,5.47,7.61,9.25,-16.2,-2.130000000000064,3.9,64.5,48.3,September,2.600000000000003
Adelaide,10.6,14.0,8.4,5.47,7.61,N,39.0,19.0,11.0,72.0,92.0,1005.7,1001.1,4.45,4.51,12.4,11.2,1,1,3.4000000000000004,20.0,0.05999999999999961,-4.600000000000023,-8.0,6.83,16.27,0.24000000000000035,5.47,7.61,9.44,-12.6,-2.420000000000061,4.3,58.8,46.2,September,2.4000000000000035
Adelaide,9.5,15.8,10.8,5.47,7.61,SW,35.0,13.0,13.0,74.0,67.0,1020.0,1022.1,4.45,4.51,13.9,15.1,1,0,6.300000000000001,-7.0,0.05999999999999961,2.1000000000000227,0.0,7.290000000000001,15.929999999999998,1.0800000000000005,5.47,7.61,8.64,-9.5,-2.6800000000000637,2.2,59.3,49.8,September,10.800000000000004
Adelaide,6.5,14.1,0.0,5.47,7.61,WSW,19.0,0.0,11.0,64.0,63.0,1028.8,1026.0,4.45,4.51,11.7,12.9,0,0,7.6,-1.0,0.05999999999999961,-2.7999999999999545,11.0,7.32,16.080000000000002,2.1600000000000006,5.47,7.61,8.76,-8.0,-2.4100000000000477,2.0,60.3,52.3,September,21.600000000000005
Adelaide,4.3,18.1,0.0,5.47,7.61,N,26.0,6.0,11.0,55.0,42.0,1025.4,1020.8,4.45,4.51,12.8,17.6,0,0,13.8,-13.0,0.05999999999999961,-4.600000000000136,5.0,7.110000000000001,15.969999999999999,2.1600000000000006,5.47,7.61,8.860000000000001,-6.6,-2.410000000000025,2.9,61.7,55.1,September,21.600000000000005
Adelaide,10.9,16.8,0.0,5.47,7.61,WSW,57.0,17.0,24.0,56.0,45.0,1015.3,1017.2,4.45,4.51,15.3,15.4,0,0,5.9,-11.0,0.05999999999999961,1.900000000000091,7.0,6.65,16.18,2.1600000000000006,5.47,7.61,9.53,-5.4,-2.6500000000000457,2.1,60.7,55.3,September,21.600000000000005
Adelaide,9.5,15.1,1.0,5.47,7.61,WSW,39.0,19.0,17.0,48.0,50.0,1025.7,1025.5,4.45,4.51,12.3,14.4,0,1,5.6,2.0,0.05999999999999961,-0.20000000000004547,-2.0,7.280000000000001,16.43,2.1000000000000005,5.47,7.61,9.15,-6.1,-2.4000000000000226,2.1,57.8,51.7,September,21.000000000000004
Adelaide,11.5,16.5,2.8,5.47,7.61,WSW,33.0,15.0,17.0,86.0,68.0,1027.4,1026.8,4.45,4.51,13.4,15.6,1,1,5.0,-18.0,0.05999999999999961,-0.6000000000001364,2.0,7.609999999999999,16.54,2.0600000000000005,5.47,7.61,8.93,-5.3,-2.1800000000000184,1.6,55.8,50.5,September,20.600000000000005
Adelaide,10.8,15.2,1.8,5.47,7.61,WSW,20.0,7.0,15.0,90.0,76.0,1032.7,1030.9,4.45,4.51,12.1,14.5,1,0,4.399999999999999,-14.0,0.05999999999999961,-1.7999999999999545,8.0,8.319999999999999,16.740000000000002,2.3400000000000007,5.47,7.61,8.42,-5.1,-2.0000000000000226,2.0,57.8,52.7,September,23.400000000000006
Adelaide,5.5,20.2,0.0,5.47,7.61,N,26.0,7.0,7.0,58.0,38.0,1034.1,1029.2,4.45,4.51,13.3,19.6,0,0,14.7,-20.0,0.05999999999999961,-4.899999999999864,0.0,8.72,16.57,2.5200000000000005,5.47,7.61,7.849999999999999,-6.3,-1.8100000000000136,3.1,62.7,56.4,September,25.200000000000006
Adelaide,10.5,24.8,0.0,5.47,7.61,NNW,37.0,17.0,17.0,48.0,26.0,1026.3,1022.9,4.45,4.51,18.3,24.4,0,0,14.3,-22.0,0.05999999999999961,-3.3999999999999773,0.0,8.860000000000001,16.6,2.5200000000000005,5.47,7.61,7.74,-7.0,-1.95,3.1,64.3,57.3,September,25.200000000000006
Adelaide,15.5,27.1,0.0,5.47,7.61,NNW,28.0,11.0,13.0,31.0,26.0,1024.4,1021.5,4.45,4.51,21.5,27.0,0,0,11.600000000000001,-5.0,0.05999999999999961,-2.900000000000091,2.0,8.96,17.06,2.480000000000001,5.47,7.61,8.1,-8.4,-1.8899999999999977,2.3,65.1,56.7,September,24.800000000000008
Adelaide,17.1,29.1,0.0,5.47,7.61,N,39.0,13.0,17.0,19.0,16.0,1020.2,1015.8,4.45,4.51,24.2,29.0,0,0,12.0,-3.0,0.05999999999999961,-4.400000000000091,4.0,9.45,18.37,1.6400000000000006,5.47,7.61,8.919999999999998,-10.9,-1.7200000000000046,3.3,61.0,50.1,September,16.400000000000006
Adelaide,14.7,19.9,0.0,5.47,7.61,W,35.0,6.0,17.0,55.0,64.0,1014.8,1014.9,4.45,4.51,17.9,17.2,0,1,5.199999999999999,9.0,0.05999999999999961,0.10000000000002274,11.0,10.209999999999999,19.7,0.5600000000000003,5.47,7.61,9.489999999999998,-10.5,-2.370000000000016,3.7,55.5,45.0,September,5.600000000000003
Adelaide,9.4,17.1,1.4,5.47,7.61,WSW,26.0,13.0,7.0,60.0,45.0,1020.7,1020.0,4.45,4.51,12.9,15.4,1,0,7.700000000000001,-15.0,0.05999999999999961,-0.7000000000000455,-6.0,11.03,20.28,0.5600000000000003,5.47,7.61,9.25,-9.5,-2.0800000000000183,3.7,54.6,45.1,September,5.600000000000003
Adelaide,7.2,19.2,0.2,5.47,7.61,E,31.0,9.0,6.0,52.0,95.0,1018.7,1018.1,4.45,4.51,14.3,9.1,0,1,12.0,43.0,0.05999999999999961,-0.6000000000000227,-3.0,11.540000000000001,20.18,0.7000000000000004,5.47,7.61,8.64,-9.7,-1.690000000000009,2.6,55.1,45.4,September,7.0000000000000036
Adelaide,6.5,17.4,22.4,5.47,7.61,WSW,33.0,7.0,15.0,67.0,55.0,1027.9,1027.9,4.45,4.51,14.1,17.2,1,0,10.899999999999999,-12.0,0.05999999999999961,0.0,8.0,11.169999999999998,20.419999999999998,0.7200000000000004,5.47,7.61,9.25,-4.3,-1.9400000000000204,1.6,54.7,50.4,September,7.200000000000004
Adelaide,7.2,17.2,0.0,5.47,7.61,WSW,28.0,0.0,15.0,71.0,52.0,1031.7,1027.8,4.45,4.51,11.5,15.9,0,0,10.0,-19.0,0.05999999999999961,-3.900000000000091,15.0,10.87,20.65,2.8600000000000003,5.47,7.61,9.780000000000001,-5.7,-1.920000000000016,2.6,56.6,50.9,September,28.6
Adelaide,5.8,21.1,0.0,5.47,7.61,W,24.0,7.0,9.0,60.0,33.0,1024.5,1020.3,4.45,4.51,14.9,20.9,0,0,15.3,-27.0,0.05999999999999961,-4.2000000000000455,2.0,10.44,20.72,2.58,5.47,7.61,10.280000000000001,-5.8,-2.2500000000000115,3.9,55.1,49.3,September,25.8
Adelaide,8.2,25.3,0.0,5.47,7.61,WNW,48.0,11.0,19.0,30.0,17.0,1018.7,1014.9,4.45,4.51,19.8,24.5,0,1,17.1,-13.0,0.05999999999999961,-3.800000000000068,8.0,9.94,21.310000000000002,2.4,5.47,7.61,11.370000000000001,-7.1,-2.4900000000000206,3.3,52.1,45.0,September,24.0
Adelaide,9.8,16.4,1.8,5.47,7.61,SW,39.0,19.0,15.0,47.0,50.0,1024.3,1024.6,4.45,4.51,13.2,15.5,1,1,6.599999999999998,3.0,0.05999999999999961,0.2999999999999545,-4.0,10.209999999999999,21.82,2.4,5.47,7.61,11.61,-6.4,-2.3800000000000407,4.1,49.3,42.9,September,24.0
Adelaide,8.2,16.0,1.2,5.47,7.61,SSE,33.0,13.0,13.0,45.0,38.0,1032.2,1031.9,4.45,4.51,13.0,15.4,1,0,7.800000000000001,-7.0,0.05999999999999961,-0.2999999999999545,0.0,10.14,20.98,2.58,5.47,7.61,10.84,-3.9,-2.0100000000000477,3.7,49.2,45.3,September,25.8
Adelaide,5.8,16.2,0.0,5.47,7.61,SSE,35.0,11.0,11.0,43.0,39.0,1038.3,1034.7,4.45,4.51,11.8,15.6,0,0,10.399999999999999,-4.0,0.05999999999999961,-3.599999999999909,0.0,9.41,19.869999999999997,2.7,5.47,7.61,10.46,-4.1,-1.7500000000000342,3.5,50.6,46.5,September,27.0
Adelaide,7.2,16.1,0.0,5.47,7.61,E,30.0,13.0,11.0,50.0,43.0,1035.8,1031.0,4.45,4.51,11.8,15.3,0,0,8.900000000000002,-7.0,0.05999999999999961,-4.7999999999999545,-2.0,8.28,18.58,2.7,5.47,7.61,10.3,-4.2,-1.670000000000016,3.1,53.0,48.8,September,27.0
Adelaide,10.6,20.0,0.0,5.47,7.61,E,37.0,9.0,11.0,40.0,32.0,1032.4,1028.2,4.45,4.51,16.1,19.6,0,0,9.4,-8.0,0.05999999999999961,-4.2000000000000455,2.0,7.529999999999999,18.2,2.7,5.47,7.61,10.67,-5.8,-2.1600000000000135,1.8,52.5,46.7,September,27.0
Adelaide,7.1,22.4,0.0,5.47,7.61,WSW,28.0,7.0,17.0,27.0,23.0,1029.1,1025.4,4.45,4.51,18.1,21.4,0,0,15.299999999999999,-4.0,0.05999999999999961,-3.699999999999818,10.0,7.65,18.490000000000002,2.56,5.47,7.61,10.84,-5.1,-2.5100000000000136,2.6,50.5,45.4,September,25.6
Adelaide,7.4,24.7,0.0,5.47,7.61,WSW,24.0,4.0,11.0,33.0,20.0,1024.5,1021.5,4.45,4.51,18.2,24.3,0,0,17.299999999999997,-13.0,0.05999999999999961,-3.0,7.0,7.640000000000001,18.81,2.54,5.47,7.61,11.17,-9.8,-2.819999999999993,3.9,48.0,38.2,September,25.400000000000002
Adelaide,10.2,19.6,0.0,5.47,7.61,WSW,35.0,7.0,20.0,53.0,52.0,1020.8,1018.9,4.45,4.51,14.7,18.0,0,0,9.400000000000002,-1.0,0.05999999999999961,-1.8999999999999773,13.0,7.730000000000001,19.54,0.3000000000000004,5.47,7.61,11.81,-9.9,-3.119999999999993,3.8,44.6,34.7,September,3.0000000000000036
Adelaide,5.0,18.0,0.0,5.47,7.61,WSW,39.0,7.0,11.0,44.0,37.0,1022.3,1019.9,4.45,4.51,12.4,17.5,0,0,13.0,-7.0,0.05999999999999961,-2.3999999999999773,4.0,8.03,19.78,0.3000000000000004,5.47,7.61,11.75,-8.1,-2.9199999999999817,3.6,42.8,34.7,September,3.0000000000000036
Adelaide,7.4,22.4,0.0,5.47,7.61,SSE,52.0,9.0,11.0,50.0,35.0,1024.5,1021.6,4.45,4.51,15.8,21.3,0,0,14.999999999999998,-15.0,0.05999999999999961,-2.8999999999999773,2.0,7.95,19.47,0.3000000000000004,5.47,7.61,11.52,-6.1,-2.739999999999975,3.8,41.2,35.1,September,3.0000000000000036
Adelaide,7.8,24.4,0.0,5.47,7.61,WSW,22.0,9.0,15.0,35.0,23.0,1028.4,1028.6,4.45,4.51,19.1,23.8,0,0,16.599999999999998,-12.0,0.05999999999999961,0.1999999999998181,6.0,7.87,19.18,0.3000000000000004,5.47,7.61,11.309999999999999,-6.3,-2.6499999999999657,3.2,43.2,36.9,October,3.0000000000000036
Adelaide,8.8,31.1,0.0,5.47,7.61,W,30.0,9.0,11.0,32.0,15.0,1031.7,1027.9,4.45,4.51,22.3,30.7,0,0,22.3,-17.0,0.05999999999999961,-3.7999999999999545,2.0,7.67,19.98,0.12000000000000036,5.47,7.61,12.309999999999999,-7.8,-2.6599999999999797,4.2,42.0,34.2,October,1.2000000000000035
Adelaide,15.2,33.4,0.0,5.47,7.61,NW,41.0,17.0,20.0,12.0,4.0,1026.5,1021.4,4.45,4.51,27.1,32.7,0,0,18.2,-8.0,0.05999999999999961,-5.100000000000023,3.0,7.730000000000001,21.490000000000002,0.0,5.47,7.61,13.76,-8.8,-3.0099999999999794,4.4,40.7,31.9,October,0.0
Adelaide,15.4,29.7,0.0,5.47,7.61,WNW,20.0,0.0,9.0,44.0,22.0,1024.0,1022.4,4.45,4.51,18.3,27.4,0,0,14.299999999999999,-22.0,0.05999999999999961,-1.6000000000000227,9.0,8.67,23.21,0.0,5.47,7.61,14.540000000000001,-9.2,-3.159999999999991,4.7,37.6,28.4,October,0.0
Adelaide,14.5,35.6,0.0,5.47,7.61,NNW,46.0,9.0,22.0,16.0,65.0,1019.4,1015.3,4.45,4.51,27.6,35.1,0,0,21.1,49.0,0.05999999999999961,-4.100000000000023,13.0,9.49,24.57,0.0,5.47,7.61,15.079999999999998,-10.7,-2.8399999999999976,5.8,37.0,26.3,October,0.0
Adelaide,18.1,23.8,0.0,5.47,7.61,SW,44.0,11.0,26.0,61.0,49.0,1017.1,1022.4,4.45,4.51,19.9,19.3,0,0,5.699999999999999,-12.0,0.05999999999999961,5.2999999999999545,15.0,9.879999999999999,26.129999999999995,0.0,5.47,7.61,16.25,-5.0,-2.8299999999999956,6.9,34.6,29.6,October,0.0
Adelaide,11.5,21.1,0.0,5.47,7.61,E,39.0,11.0,15.0,54.0,24.0,1035.3,1031.9,4.45,4.51,13.1,20.0,0,0,9.600000000000001,-30.0,0.05999999999999961,-3.3999999999998636,4.0,10.98,26.27,0.0,5.47,7.61,15.290000000000001,-5.8,-1.9300000000000181,7.4,38.0,32.2,October,0.0
Adelaide,12.9,29.7,0.0,5.47,7.61,ESE,30.0,9.0,11.0,40.0,21.0,1032.3,1026.6,4.45,4.51,17.4,28.6,0,0,16.799999999999997,-19.0,0.05999999999999961,-5.7000000000000455,2.0,11.39,25.909999999999997,0.0,5.47,7.61,14.52,-7.5,-1.9700000000000046,7.1,40.1,32.6,October,0.0
Adelaide,15.0,34.7,0.0,5.47,7.61,WSW,24.0,0.0,9.0,34.0,18.0,1026.3,1022.9,4.45,4.51,24.5,33.8,0,0,19.700000000000003,-16.0,0.05999999999999961,-3.3999999999999773,9.0,11.66,26.919999999999998,0.0,5.47,7.61,15.26,-9.3,-2.350000000000011,6.0,38.8,29.5,October,0.0
Adelaide,18.2,29.0,0.0,5.47,7.61,WSW,41.0,7.0,9.0,41.0,31.0,1024.5,1022.3,4.45,4.51,24.8,26.3,0,0,10.8,-10.0,0.05999999999999961,-2.2000000000000455,2.0,12.66,28.589999999999996,0.0,5.47,7.61,15.929999999999998,-10.2,-2.4500000000000113,6.5,37.8,27.6,October,0.0
Adelaide,14.2,21.1,0.0,5.47,7.61,W,28.0,7.0,9.0,89.0,57.0,1021.4,1019.4,4.45,4.51,14.8,20.0,0,0,6.900000000000002,-32.0,0.05999999999999961,-2.0,2.0,13.74,29.25,0.0,5.47,7.61,15.51,-9.7,-2.380000000000018,6.5,36.9,27.2,October,0.0
Adelaide,12.7,19.8,0.2,5.47,7.61,WSW,37.0,9.0,17.0,55.0,51.0,1023.4,1021.9,4.45,4.51,15.1,18.8,0,0,7.100000000000001,-4.0,0.05999999999999961,-1.5,8.0,14.379999999999999,28.919999999999998,0.0,5.47,7.61,14.540000000000001,-11.7,-2.6,6.1,42.3,30.6,October,0.0
Adelaide,9.1,21.7,0.0,5.47,7.61,SW,28.0,7.0,15.0,55.0,43.0,1025.5,1022.0,4.45,4.51,14.6,20.3,0,0,12.6,-12.0,0.05999999999999961,-3.5,8.0,14.770000000000001,27.790000000000003,0.020000000000000358,5.47,7.61,13.02,-10.4,-2.3700000000000045,6.7,44.6,34.2,October,0.20000000000000356
Adelaide,8.0,30.4,0.0,5.47,7.61,W,26.0,6.0,11.0,49.0,20.0,1021.7,1017.6,4.45,4.51,16.2,29.3,0,0,22.4,-29.0,0.05999999999999961,-4.100000000000023,5.0,14.16,26.619999999999997,0.020000000000000358,5.47,7.61,12.46,-10.8,-2.210000000000002,7.2,48.9,38.1,October,0.20000000000000356
Adelaide,16.1,36.1,0.0,5.47,7.61,WNW,39.0,7.0,19.0,17.0,10.0,1015.2,1012.6,4.45,4.51,28.3,35.8,0,0,20.0,-7.0,0.05999999999999961,-2.6000000000000227,12.0,13.419999999999998,26.689999999999998,0.020000000000000358,5.47,7.61,13.27,-11.5,-2.460000000000002,6.8,49.4,37.9,October,0.20000000000000356
Adelaide,17.5,21.0,1.0,5.47,7.61,SW,26.0,4.0,2.0,69.0,61.0,1021.6,1020.8,4.45,4.51,18.9,20.7,0,1,3.5,-8.0,0.05999999999999961,-0.8000000000000682,-2.0,13.580000000000002,26.74,0.020000000000000358,5.47,7.61,13.16,-17.1,-2.3100000000000023,6.7,49.5,32.4,October,0.20000000000000356
Adelaide,13.6,24.6,2.8,5.47,7.61,ESE,24.0,7.0,6.0,66.0,28.0,1026.3,1025.4,4.45,4.51,16.0,24.4,1,0,11.000000000000002,-38.0,0.05999999999999961,-0.8999999999998636,-1.0,13.520000000000001,26.46,0.12000000000000036,5.47,7.61,12.940000000000001,-16.7,-2.9200000000000044,5.0,50.3,33.6,October,1.2000000000000035
Adelaide,11.8,29.6,0.2,5.47,7.61,ENE,31.0,15.0,7.0,42.0,21.0,1026.6,1023.8,4.45,4.51,18.9,27.8,0,0,17.8,-21.0,0.05999999999999961,-2.7999999999999545,-8.0,13.73,26.810000000000002,0.40000000000000036,5.47,7.61,13.080000000000002,-17.5,-2.6700000000000044,4.5,51.5,34.0,October,4.0000000000000036
Adelaide,18.9,32.5,0.0,5.47,7.61,SW,43.0,11.0,19.0,21.0,31.0,1020.1,1018.5,4.45,4.51,26.6,30.9,0,0,13.600000000000001,10.0,0.05999999999999961,-1.6000000000000227,8.0,13.620000000000001,26.8,0.4200000000000004,5.47,7.61,13.180000000000001,-17.7,-2.3799999999999955,3.5,51.7,34.0,October,4.200000000000004
Adelaide,22.1,24.8,0.0,5.47,7.61,W,43.0,9.0,13.0,51.0,66.0,1013.1,1012.7,4.45,4.51,23.7,20.4,0,1,2.6999999999999993,15.0,0.05999999999999961,-0.39999999999997726,4.0,14.01,26.580000000000002,0.4200000000000004,5.47,7.61,12.570000000000002,-15.1,-2.2,3.4,50.4,35.3,October,4.200000000000004
Adelaide,14.7,19.4,4.8,5.47,7.61,WSW,43.0,13.0,20.0,81.0,58.0,1018.2,1019.3,4.45,4.51,16.5,18.9,1,0,4.699999999999999,-23.0,0.05999999999999961,1.099999999999909,7.0,14.4,26.160000000000004,0.4200000000000004,5.47,7.61,11.76,-12.6,-2.0199999999999934,3.6,51.4,38.8,October,4.200000000000004
Adelaide,12.4,19.9,0.0,5.47,7.61,E,31.0,13.0,11.0,56.0,42.0,1024.5,1022.5,4.45,4.51,13.3,19.1,0,0,7.499999999999998,-14.0,0.05999999999999961,-2.0,-2.0,14.45,25.99,0.9000000000000004,5.47,7.61,11.540000000000001,-11.7,-1.7100000000000022,4.1,50.6,38.9,October,9.000000000000004
Adelaide,8.9,24.3,0.0,5.47,7.61,WSW,24.0,6.0,11.0,47.0,33.0,1023.9,1019.5,4.45,4.51,14.1,23.6,0,0,15.4,-14.0,0.05999999999999961,-4.399999999999977,5.0,14.419999999999998,26.0,0.8800000000000004,5.47,7.61,11.58,-12.7,-1.7600000000000022,3.1,50.7,38.0,October,8.800000000000004
Adelaide,12.5,33.1,0.0,5.47,7.61,NW,20.0,6.0,7.0,33.0,16.0,1018.9,1014.4,4.45,4.51,21.1,31.9,0,0,20.6,-17.0,0.05999999999999961,-4.5,1.0,14.4,26.26,0.8800000000000004,5.47,7.61,11.86,-12.9,-1.85,2.8,49.9,37.0,October,8.800000000000004
Adelaide,21.1,24.8,0.0,5.47,7.61,SW,37.0,7.0,15.0,48.0,59.0,1014.7,1016.4,4.45,4.51,22.9,21.3,0,0,3.6999999999999993,11.0,0.05999999999999961,1.6999999999999318,8.0,14.85,26.53,0.8800000000000004,5.47,7.61,11.68,-11.7,-1.8899999999999977,2.4,48.3,36.6,October,8.800000000000004
Adelaide,13.6,21.1,0.0,5.47,7.61,SSE,35.0,15.0,13.0,69.0,44.0,1023.9,1023.0,4.45,4.51,14.7,20.5,0,0,7.500000000000002,-25.0,0.05999999999999961,-0.8999999999999773,-2.0,15.35,25.4,0.8800000000000004,5.47,7.61,10.05,-9.9,-1.4600000000000022,2.0,51.4,41.5,October,8.800000000000004
Adelaide,10.6,25.1,0.0,5.47,7.61,ESE,33.0,4.0,11.0,46.0,34.0,1024.4,1020.3,4.45,4.51,15.6,24.5,0,0,14.500000000000002,-12.0,0.05999999999999961,-4.100000000000136,7.0,14.959999999999999,25.41,0.7800000000000004,5.47,7.61,10.45,-11.6,-1.469999999999993,2.0,51.4,39.8,October,7.800000000000003
Adelaide,14.0,28.1,0.0,5.47,7.61,SSW,26.0,0.0,11.0,45.0,28.0,1019.4,1017.8,4.45,4.51,19.0,26.3,0,0,14.100000000000001,-17.0,0.05999999999999961,-1.6000000000000227,11.0,14.660000000000002,25.46,0.5000000000000003,5.47,7.61,10.8,-9.0,-1.7900000000000205,2.8,49.4,40.4,October,5.0000000000000036
Adelaide,13.7,33.9,0.0,5.47,7.61,WSW,35.0,0.0,13.0,41.0,28.0,1017.6,1014.2,4.45,4.51,23.5,32.6,0,0,20.2,-13.0,0.05999999999999961,-3.3999999999999773,13.0,14.88,25.31,0.4800000000000003,5.47,7.61,10.430000000000001,-8.6,-1.6700000000000272,4.7,49.7,41.1,October,4.800000000000003
Adelaide,16.6,28.1,0.0,5.47,7.61,WSW,24.0,11.0,11.0,73.0,31.0,1016.1,1014.2,4.45,4.51,19.5,26.1,0,0,11.5,-42.0,0.05999999999999961,-1.8999999999999773,0.0,14.36,25.45,0.4800000000000003,5.47,7.61,11.09,-10.9,-1.8500000000000227,5.2,51.7,40.8,October,4.800000000000003
Adelaide,15.0,28.0,0.0,5.47,7.61,SW,22.0,7.0,11.0,73.0,22.0,1013.7,1010.7,4.45,4.51,18.3,26.7,0,0,13.0,-51.0,0.05999999999999961,-3.0,4.0,13.809999999999999,25.78,0.4800000000000003,5.47,7.61,11.97,-16.6,-2.0000000000000226,4.8,53.9,37.3,October,4.800000000000003
Adelaide,15.5,25.2,0.4,5.47,7.61,WSW,28.0,0.0,13.0,68.0,21.0,1010.3,1009.7,4.45,4.51,18.5,24.1,0,0,9.7,-47.0,0.05999999999999961,-0.599999999999909,13.0,13.84,26.639999999999997,0.0,5.47,7.61,12.8,-19.4,-2.4100000000000135,4.5,53.1,33.7,November,0.0
Adelaide,15.5,23.6,0.0,5.47,7.61,WSW,30.0,9.0,13.0,74.0,47.0,1014.0,1014.2,4.45,4.51,17.8,22.0,0,0,8.100000000000001,-27.0,0.05999999999999961,0.20000000000004547,4.0,14.15,27.169999999999998,0.040000000000000355,5.47,7.61,13.02,-22.7,-2.2700000000000045,6.0,54.3,31.6,November,0.4000000000000036
Adelaide,15.8,28.2,0.0,5.47,7.61,W,31.0,11.0,15.0,54.0,33.0,1013.1,1009.3,4.45,4.51,18.5,26.8,0,1,12.399999999999999,-21.0,0.05999999999999961,-3.800000000000068,4.0,14.809999999999999,27.1,0.040000000000000355,5.47,7.61,12.290000000000001,-24.0,-1.8100000000000023,5.9,57.0,33.0,November,0.4000000000000036
Adelaide,18.4,25.9,4.8,5.47,7.61,E,33.0,13.0,7.0,72.0,51.0,1007.9,1005.2,4.45,4.51,22.2,25.6,1,1,7.5,-21.0,0.05999999999999961,-2.699999999999932,-6.0,15.14,26.609999999999996,0.040000000000000355,5.47,7.61,11.47,-24.4,-1.740000000000009,6.2,59.1,34.7,November,0.4000000000000036
Adelaide,15.5,20.9,2.2,5.47,7.61,WSW,28.0,7.0,15.0,79.0,67.0,1008.5,1008.9,4.45,4.51,17.4,19.4,1,0,5.399999999999999,-12.0,0.05999999999999961,0.39999999999997726,8.0,14.870000000000001,26.72,0.5200000000000004,5.47,7.61,11.85,-27.6,-2.1799999999999953,4.8,61.5,33.9,November,5.200000000000004
Adelaide,14.4,22.1,0.8,5.47,7.61,SSW,30.0,13.0,13.0,90.0,56.0,1016.0,1015.5,4.45,4.51,15.1,20.4,0,0,7.700000000000001,-34.0,0.05999999999999961,-0.5,0.0,15.060000000000002,26.7,0.7400000000000004,5.47,7.61,11.64,-26.3,-2.05,5.8,62.5,36.2,November,7.400000000000004
Adelaide,9.3,28.3,0.2,5.47,7.61,SW,24.0,0.0,13.0,47.0,26.0,1020.8,1018.6,4.45,4.51,17.3,28.0,0,0,19.0,-21.0,0.05999999999999961,-2.199999999999932,13.0,15.439999999999998,26.4,0.8200000000000005,5.47,7.61,10.959999999999999,-28.5,-1.6899999999999864,5.1,66.9,38.4,November,8.200000000000005
Adelaide,15.0,35.8,0.0,5.47,7.61,WSW,26.0,4.0,6.0,38.0,15.0,1020.3,1018.2,4.45,4.51,25.2,35.0,0,0,20.799999999999997,-23.0,0.05999999999999961,-2.099999999999909,2.0,14.969999999999999,26.419999999999998,0.8400000000000004,5.47,7.61,11.45,-28.9,-1.7499999999999774,5.3,67.1,38.2,November,8.400000000000004
Adelaide,20.5,36.7,0.0,5.47,7.61,SE,50.0,9.0,11.0,17.0,18.0,1016.5,1013.8,4.45,4.51,30.6,36.5,0,0,16.200000000000003,1.0,0.05999999999999961,-2.7000000000000455,2.0,15.1,26.610000000000003,0.8400000000000004,5.47,7.61,11.51,-29.9,-1.6199999999999704,4.2,66.8,36.9,November,8.400000000000004
Adelaide,19.1,26.0,0.2,5.47,7.61,SE,46.0,7.0,9.0,51.0,47.0,1016.9,1016.5,4.45,4.51,22.6,24.4,0,0,6.899999999999999,-4.0,0.05999999999999961,-0.39999999999997726,2.0,15.49,27.47,0.8400000000000004,5.47,7.61,11.98,-25.6,-1.6999999999999773,4.4,61.2,35.6,November,8.400000000000004
Adelaide,15.7,27.0,0.0,5.47,7.61,NNE,20.0,2.0,6.0,56.0,37.0,1018.1,1015.6,4.45,4.51,18.1,25.9,0,0,11.3,-19.0,0.05999999999999961,-2.5,4.0,15.9,27.27,0.8600000000000003,5.47,7.61,11.370000000000001,-20.9,-1.439999999999975,4.2,59.0,38.1,November,8.600000000000003
Adelaide,15.4,27.5,0.0,5.47,7.61,SSW,37.0,6.0,20.0,46.0,42.0,1016.1,1015.5,4.45,4.51,22.6,25.5,0,0,12.1,-4.0,0.05999999999999961,-0.6000000000000227,14.0,15.920000000000002,27.45,0.8200000000000003,5.47,7.61,11.53,-18.1,-1.6299999999999841,3.3,57.8,39.7,November,8.200000000000003
Adelaide,11.0,22.1,0.0,5.47,7.61,SSE,39.0,9.0,17.0,43.0,42.0,1020.6,1019.0,4.45,4.51,18.1,20.3,0,0,11.100000000000001,-1.0,0.05999999999999961,-1.6000000000000227,8.0,15.91,27.839999999999996,0.8200000000000003,5.47,7.61,11.93,-15.8,-1.7099999999999909,4.3,55.0,39.2,November,8.200000000000003
Adelaide,10.6,22.1,0.0,5.47,7.61,SSW,35.0,7.0,17.0,51.0,52.0,1022.2,1020.2,4.45,4.51,16.8,20.7,0,0,11.500000000000002,1.0,0.05999999999999961,-2.0,10.0,15.429999999999998,27.23,0.8200000000000003,5.47,7.61,11.8,-13.8,-1.4899999999999864,4.7,53.9,40.1,November,8.200000000000003
Adelaide,12.1,25.0,0.0,5.47,7.61,S,28.0,6.0,11.0,52.0,31.0,1022.1,1018.0,4.45,4.51,15.5,23.6,0,0,12.9,-21.0,0.05999999999999961,-4.100000000000023,5.0,14.65,26.85,0.3400000000000004,5.47,7.61,12.2,-11.6,-1.4199999999999933,6.3,51.8,40.2,November,3.400000000000004
Adelaide,11.1,31.3,0.0,5.47,7.61,W,28.0,2.0,9.0,43.0,19.0,1016.7,1013.7,4.45,4.51,20.1,30.4,0,0,20.200000000000003,-24.0,0.05999999999999961,-3.0,7.0,14.309999999999999,27.26,0.12000000000000037,5.47,7.61,12.95,-12.5,-1.8699999999999932,6.0,49.1,36.6,November,1.2000000000000037
Adelaide,14.3,35.7,0.0,5.47,7.61,WSW,31.0,9.0,17.0,22.0,14.0,1013.6,1011.7,4.45,4.51,26.4,35.1,0,0,21.400000000000002,-8.0,0.05999999999999961,-1.8999999999999773,8.0,13.98,28.18,0.040000000000000355,5.47,7.61,14.2,-11.5,-2.119999999999993,6.7,44.4,32.9,November,0.4000000000000036
Adelaide,17.3,40.1,0.0,5.47,7.61,SW,43.0,13.0,17.0,17.0,12.0,1012.5,1009.8,4.45,4.51,30.6,39.4,0,0,22.8,-5.0,0.05999999999999961,-2.7000000000000455,4.0,14.48,28.919999999999998,0.020000000000000358,5.47,7.61,14.440000000000001,-10.2,-2.0899999999999976,6.2,41.9,31.7,November,0.20000000000000356
Adelaide,22.4,37.4,0.0,5.47,7.61,S,43.0,11.0,19.0,55.0,36.0,1015.0,1011.0,4.45,4.51,26.3,32.3,0,0,15.0,-19.0,0.05999999999999961,-4.0,8.0,14.709999999999999,29.35,0.020000000000000358,5.47,7.61,14.64,-8.4,-2.1500000000000115,6.4,39.8,31.4,November,0.20000000000000356
Adelaide,18.4,22.7,0.0,5.47,7.61,W,40.04,13.0,19.0,60.0,47.0,1016.9,1018.9,4.45,4.51,20.2,21.7,0,0,4.300000000000001,-13.0,0.05999999999999961,2.0,6.0,14.9,29.419999999999998,0.020000000000000358,5.47,7.61,14.520000000000001,-10.4,-2.280000000000007,7.0,43.6,33.2,November,0.20000000000000356
Adelaide,12.19,23.22,2.36,5.47,7.61,W,40.04,14.04,22.0,68.88,40.0,1017.65,1023.3,4.45,4.51,16.99,21.5,0,0,11.03,-28.879999999999995,0.05999999999999961,5.649999999999977,7.960000000000001,14.830000000000002,29.089999999999996,0.0,5.47,7.61,14.260000000000002,-11.3,-2.040000000000009,7.4,44.5,33.2,November,0.0
Adelaide,10.3,20.9,0.0,5.47,7.61,SSW,41.0,6.0,19.0,51.0,46.0,1023.2,1020.1,4.45,4.51,15.9,19.3,0,0,10.599999999999998,-5.0,0.05999999999999961,-3.1000000000000227,13.0,14.479,28.712,0.23600000000000035,5.47,7.61,14.233,-12.288,-1.2250000000000114,7.796000000000001,45.788,33.5,November,2.3600000000000034
Adelaide,13.9,23.2,0.0,5.47,7.61,WSW,35.0,9.0,17.0,51.0,36.0,1021.8,1020.3,4.45,4.51,17.3,22.4,0,0,9.299999999999999,-15.0,0.05999999999999961,-1.5,8.0,13.969,28.052,0.23600000000000035,5.47,7.61,14.083000000000002,-12.388,-1.4750000000000114,7.696000000000001,46.288,33.9,November,2.3600000000000034
Adelaide,10.6,28.9,0.0,5.47,7.61,WSW,24.0,9.0,9.0,57.0,22.0,1019.4,1015.2,4.45,4.51,17.2,27.4,0,0,18.299999999999997,-35.0,0.05999999999999961,-4.199999999999932,0.0,14.259,28.162,0.23600000000000035,5.47,7.61,13.903,-13.788,-1.4650000000000092,7.696000000000001,47.088,33.3,November,2.3600000000000034
Adelaide,16.0,31.9,0.0,5.47,7.61,NNW,48.0,19.0,17.0,15.0,40.0,1003.6,1001.3,4.45,4.51,28.7,24.9,0,0,15.899999999999999,25.0,0.05999999999999961,-2.300000000000068,-2.0,14.258999999999997,28.842000000000002,0.23600000000000035,5.47,7.61,14.583000000000002,-17.387999999999998,-1.6850000000000023,6.696000000000001,47.688,30.3,November,2.3600000000000034
Adelaide,12.3,19.5,1.0,5.47,7.61,WSW,48.0,19.0,22.0,40.0,36.0,1015.5,1017.7,4.45,4.51,14.9,18.7,0,0,7.199999999999999,-4.0,0.05999999999999961,2.2000000000000455,3.0,14.649000000000001,29.532,0.23600000000000035,5.47,7.61,14.883,-12.788,-1.5050000000000068,5.996,43.988,31.2,November,2.3600000000000034
Adelaide,8.4,21.5,0.2,5.47,7.61,SSW,31.0,9.0,13.0,45.0,41.0,1021.3,1019.9,4.45,4.51,16.1,19.1,0,0,13.1,-4.0,0.05999999999999961,-1.3999999999999773,4.0,14.769,28.351999999999997,0.33600000000000035,5.47,7.61,13.583000000000002,-10.788,-0.9850000000000023,5.596,43.688,32.9,November,3.3600000000000034
Adelaide,9.8,23.6,0.0,5.47,7.61,WSW,28.0,6.0,15.0,46.0,34.0,1019.2,1017.3,4.45,4.51,17.5,22.2,0,0,13.8,-12.0,0.05999999999999961,-1.900000000000091,9.0,14.178999999999998,26.932,0.35600000000000037,5.47,7.61,12.752999999999998,-10.388,-0.9350000000000023,5.196,45.988,35.6,November,3.5600000000000036
Adelaide,12.6,28.8,0.0,5.47,7.61,WSW,24.0,4.0,13.0,51.0,39.0,1016.8,1013.9,4.45,4.51,18.2,24.5,0,0,16.200000000000003,-12.0,0.05999999999999961,-2.8999999999999773,9.0,13.429000000000002,25.282,0.35600000000000037,5.47,7.61,11.852999999999998,-11.088,-0.8550000000000069,5.696,48.888,37.8,November,3.5600000000000036
Adelaide,17.9,34.7,0.0,5.47,7.61,NNW,46.0,19.0,22.0,25.0,57.0,1003.6,1004.1,4.45,4.51,28.1,24.0,0,0,16.800000000000004,32.0,0.05999999999999961,0.5,3.0,12.449000000000002,24.422,0.35600000000000037,5.47,7.61,11.972999999999999,-10.388,-0.7450000000000045,5.796,48.488,38.1,November,3.5600000000000036
Adelaide,14.8,19.7,0.0,5.47,7.61,SSW,50.0,19.0,17.0,67.0,65.0,1012.9,1016.3,4.45,4.51,16.8,15.9,0,0,4.899999999999999,-2.0,0.05999999999999961,3.3999999999999773,-2.0,12.399,25.622000000000003,0.35600000000000037,5.47,7.61,13.223000000000003,-5.888,-0.8950000000000046,5.496,44.988,39.1,December,3.5600000000000036
Adelaide,7.9,21.0,0.6,5.47,7.61,WSW,39.0,9.0,20.0,43.0,42.0,1025.9,1026.3,4.45,4.51,15.5,19.5,0,0,13.1,-1.0,0.05999999999999961,0.3999999999998636,11.0,12.66,25.27,0.12000000000000036,5.47,7.61,12.61,-3.2,-1.1200000000000045,4.5,44.8,41.6,December,1.2000000000000035
Adelaide,9.9,28.3,0.0,5.47,7.61,WSW,30.0,9.0,15.0,39.0,24.0,1027.0,1023.4,4.45,4.51,18.3,27.2,0,0,18.4,-15.0,0.05999999999999961,-3.6000000000000227,6.0,12.42,25.279999999999998,0.18000000000000035,5.47,7.61,12.86,-2.8,-0.7700000000000159,4.3,44.0,41.2,December,1.8000000000000036
Adelaide,15.0,34.8,0.0,5.47,7.61,WNW,30.0,9.0,15.0,22.0,17.0,1020.6,1016.5,4.45,4.51,26.9,34.0,0,0,19.799999999999997,-5.0,0.05999999999999961,-4.100000000000023,6.0,12.020000000000001,25.79,0.18000000000000035,5.47,7.61,13.77,-2.8,-0.9800000000000182,4.1,42.8,40.0,December,1.8000000000000036
Adelaide,20.7,40.2,0.0,5.47,7.61,SE,31.0,9.0,13.0,18.0,13.0,1015.3,1012.1,4.45,4.51,33.4,38.6,0,0,19.500000000000004,-5.0,0.05999999999999961,-3.199999999999932,4.0,12.459999999999999,26.380000000000003,0.18000000000000035,5.47,7.61,13.920000000000002,0.2,-0.9700000000000273,4.7,39.3,39.5,December,1.8000000000000036
Adelaide,26.6,41.5,0.0,5.47,7.61,ESE,52.0,9.0,17.0,18.0,16.0,1011.8,1008.5,4.45,4.51,34.6,40.7,0,0,14.899999999999999,-2.0,0.05999999999999961,-3.2999999999999545,8.0,12.930000000000001,27.21,0.18000000000000035,5.47,7.61,14.280000000000001,-2.8,-1.0600000000000136,5.3,39.6,36.8,December,1.8000000000000036
Adelaide,30.7,38.5,0.0,5.47,7.61,ESE,57.0,19.0,13.0,19.0,21.0,1004.8,1005.1,4.45,4.51,34.3,37.1,0,1,7.800000000000001,2.0,0.05999999999999961,0.3000000000000682,-6.0,14.36,29.410000000000004,0.08000000000000036,5.47,7.61,15.050000000000002,-2.6,-1.6100000000000136,5.8,37.4,34.8,December,0.8000000000000036
Adelaide,18.4,26.4,5.8,5.47,7.61,SSW,44.0,17.0,20.0,66.0,49.0,1011.2,1011.9,4.45,4.51,21.9,24.5,1,0,8.0,-17.0,0.05999999999999961,0.6999999999999318,3.0,16.59,31.110000000000003,0.060000000000000366,5.47,7.61,14.52,-2.0,-1.440000000000009,4.8,34.8,32.8,December,0.6000000000000036
Adelaide,17.7,26.1,0.2,5.47,7.61,SSW,28.0,13.0,11.0,63.0,46.0,1017.5,1016.9,4.45,4.51,20.9,24.6,0,0,8.400000000000002,-17.0,0.05999999999999961,-0.6000000000000227,-2.0,17.45,31.389999999999997,0.6400000000000003,5.47,7.61,13.940000000000001,-2.5,-1.1800000000000068,4.2,36.8,34.3,December,6.400000000000004
Adelaide,14.1,26.3,0.0,5.47,7.61,WSW,35.0,7.0,19.0,56.0,42.0,1016.8,1015.1,4.45,4.51,19.9,25.2,0,0,12.200000000000001,-14.0,0.05999999999999961,-1.6999999999999318,12.0,17.96,31.119999999999997,0.6600000000000004,5.47,7.61,13.16,-3.0,-0.9500000000000114,3.1,38.0,35.0,December,6.600000000000003
Adelaide,14.4,23.1,0.0,5.47,7.61,SW,43.0,15.0,20.0,61.0,44.0,1016.8,1016.8,4.45,4.51,17.8,21.7,0,0,8.700000000000001,-17.0,0.05999999999999961,0.0,5.0,17.58,30.28,0.6600000000000004,5.47,7.61,12.7,-7.6,-1.1700000000000046,4.0,41.1,33.5,December,6.600000000000003
Adelaide,10.0,23.7,2.36,5.47,7.61,WSW,33.0,14.04,15.0,68.88,48.0,1017.65,1017.2,4.45,4.51,16.99,21.4,0,0,13.7,-20.879999999999995,0.05999999999999961,-0.4499999999999318,0.9600000000000009,17.54,30.619999999999997,0.6600000000000004,5.47,7.61,13.080000000000002,-9.1,-1.5100000000000022,4.7,40.5,31.4,December,6.600000000000003
Adelaide,13.1,32.8,0.0,5.47,7.61,W,30.0,2.0,11.0,45.0,42.0,1014.4,1011.8,4.45,4.51,20.6,32.4,0,0,19.699999999999996,-3.0,0.05999999999999961,-2.6000000000000227,9.0,17.75,30.890000000000004,0.8360000000000003,5.47,7.61,13.14,-11.088,-1.5949999999999818,3.696,43.088,32.0,December,8.360000000000003
Adelaide,17.0,37.2,0.0,5.47,7.61,SW,33.0,2.0,11.0,52.0,13.0,1012.2,1010.5,4.45,4.51,29.4,35.6,0,0,20.200000000000003,-39.0,0.05999999999999961,-1.7000000000000455,9.0,18.07,31.339999999999996,0.8360000000000003,5.47,7.61,13.27,-9.888,-1.494999999999982,3.996,43.688,33.8,December,8.360000000000003
Adelaide,22.0,36.2,0.0,5.47,7.61,E,35.0,7.0,9.0,32.0,28.0,1013.7,1011.8,4.45,4.51,27.6,31.4,0,0,14.200000000000003,-4.0,0.05999999999999961,-1.900000000000091,2.0,18.27,31.580000000000002,0.8360000000000003,5.47,7.61,13.310000000000002,-13.288,-1.2549999999999841,4.296,46.688,33.4,December,8.360000000000003
Adelaide,23.9,41.1,0.2,5.47,7.61,SSE,30.0,7.0,15.0,32.0,13.0,1012.4,1009.8,4.45,4.51,31.3,40.4,0,0,17.200000000000003,-19.0,0.05999999999999961,-2.6000000000000227,8.0,18.4,31.18,0.8360000000000003,5.47,7.61,12.78,-13.187999999999999,-1.125,4.096,48.088,34.9,December,8.360000000000003
Adelaide,24.5,42.9,0.0,5.47,7.61,E,35.0,11.0,13.0,16.0,11.0,1009.9,1007.9,4.45,4.51,34.9,41.4,0,0,18.4,-5.0,0.05999999999999961,-2.0,2.0,18.130000000000003,31.139999999999997,0.8560000000000004,5.47,7.61,13.010000000000002,-14.888,-1.0550000000000068,4.096,49.488,34.6,December,8.560000000000004
Adelaide,23.7,40.8,0.0,5.47,7.61,ESE,33.0,6.0,9.0,42.0,16.0,1008.9,1006.3,4.45,4.51,30.0,39.7,0,0,17.099999999999998,-26.0,0.05999999999999961,-2.6000000000000227,3.0,17.509999999999998,31.580000000000002,0.8560000000000004,5.47,7.61,14.069999999999999,-15.588,-1.2850000000000137,4.896,49.188,33.6,December,8.560000000000004
Adelaide,26.8,43.2,0.0,5.47,7.61,N,50.0,11.0,19.0,15.0,12.0,1004.8,1001.6,4.45,4.51,37.5,41.4,0,1,16.400000000000002,-3.0,0.05999999999999961,-3.199999999999932,8.0,18.04,33.02,0.2760000000000003,5.47,7.61,14.98,-16.488,-1.615000000000009,4.896,46.788,30.3,December,2.760000000000003
Adelaide,19.7,23.5,2.8,5.47,7.61,WSW,37.0,13.0,7.0,93.0,69.0,1008.6,1012.5,4.45,4.51,19.9,20.8,1,1,3.8000000000000007,-24.0,0.05999999999999961,3.8999999999999773,-6.0,18.95,34.730000000000004,0.2560000000000003,5.47,7.61,15.779999999999998,-15.088,-1.875,5.896,41.988,26.9,December,2.5600000000000027
Adelaide,15.1,24.3,2.0,5.47,7.61,S,28.0,9.0,9.0,56.0,42.0,1021.8,1020.7,4.45,4.51,18.3,22.1,1,0,9.200000000000001,-14.0,0.05999999999999961,-1.099999999999909,0.0,19.509999999999998,34.45,0.5360000000000003,5.47,7.61,14.940000000000001,-16.088,-1.315000000000009,4.096,45.688,29.6,December,5.360000000000003
Adelaide,14.2,31.9,0.0,5.47,7.61,WNW,35.0,11.0,7.0,37.0,18.0,1020.6,1017.3,4.45,4.51,22.1,29.2,0,0,17.7,-19.0,0.05999999999999961,-3.300000000000068,-4.0,19.58,34.57000000000001,0.7360000000000003,5.47,7.61,14.989999999999998,-15.788,-1.425,3.596,45.188,29.4,December,7.360000000000003
Adelaide,16.8,34.5,0.0,5.47,7.61,WSW,33.0,7.0,15.0,31.0,13.0,1017.0,1013.6,4.45,4.51,24.4,34.2,0,0,17.7,-18.0,0.05999999999999961,-3.3999999999999773,8.0,20.0,35.39,0.5000000000000003,5.47,7.61,15.39,-15.6,-1.7100000000000137,3.1,42.0,26.4,December,5.0000000000000036
Adelaide,18.1,39.1,0.0,5.47,7.61,SW,28.0,4.0,17.0,22.0,10.0,1011.8,1007.9,4.45,4.51,28.5,37.7,0,0,21.0,-12.0,0.05999999999999961,-3.8999999999999773,13.0,20.369999999999997,35.56,0.5000000000000003,5.47,7.61,15.190000000000001,-17.1,-1.7900000000000091,3.0,40.6,23.5,December,5.0000000000000036
Adelaide,24.8,37.2,0.0,5.47,7.61,SW,46.0,15.0,13.0,19.0,17.0,1004.8,1001.3,4.45,4.51,31.5,34.9,0,1,12.400000000000002,-2.0,0.05999999999999961,-3.5,-2.0,20.48,35.75,0.5000000000000003,5.47,7.61,15.27,-14.4,-2.0100000000000025,3.4,37.6,23.2,December,5.0000000000000036
Adelaide,14.7,23.8,1.4,5.47,7.61,W,50.0,15.0,19.0,47.0,35.0,1014.2,1016.1,4.45,4.51,18.0,21.9,1,0,9.100000000000001,-12.0,0.05999999999999961,1.8999999999999773,4.0,20.759999999999998,35.85,0.5000000000000003,5.47,7.61,15.09,-14.2,-2.1699999999999933,3.0,36.3,22.1,December,5.0000000000000036
Adelaide,11.4,25.9,0.0,5.47,7.61,ENE,37.0,9.0,13.0,44.0,19.0,1024.9,1022.4,4.45,4.51,17.2,24.6,0,0,14.499999999999998,-25.0,0.05999999999999961,-2.5000000000001137,4.0,19.839999999999996,34.12,0.6200000000000003,5.47,7.61,14.279999999999998,-13.5,-1.719999999999993,2.6,37.8,24.3,December,6.200000000000003
Adelaide,16.0,29.4,0.0,5.47,7.61,SE,43.0,9.0,19.0,35.0,30.0,1024.9,1021.7,4.45,4.51,21.5,26.4,0,0,13.399999999999999,-5.0,0.05999999999999961,-3.2000000000000455,10.0,18.529999999999998,32.42,0.6200000000000003,5.47,7.61,13.89,-15.5,-1.7700000000000045,2.8,40.6,25.1,December,6.200000000000003
Adelaide,17.0,34.4,0.0,5.47,7.61,SW,31.0,6.0,15.0,33.0,15.0,1020.9,1017.3,4.45,4.51,25.7,32.8,0,0,17.4,-18.0,0.05999999999999961,-3.6000000000000227,9.0,17.759999999999998,31.279999999999994,0.6200000000000003,5.47,7.61,13.52,-13.4,-1.8300000000000067,3.5,39.9,26.5,December,6.200000000000003
Adelaide,21.5,38.1,0.0,5.47,7.61,NNE,26.0,11.0,11.0,16.0,10.0,1013.5,1011.5,4.45,4.51,30.8,36.9,0,0,16.6,-6.0,0.05999999999999961,-2.0,0.0,16.779999999999998,30.4,0.6200000000000003,5.47,7.61,13.62,-14.9,-1.8700000000000159,3.6,41.7,26.8,December,6.200000000000003
Adelaide,20.7,40.6,0.0,5.47,7.61,WSW,31.0,7.0,15.0,12.0,10.0,1011.6,1010.0,4.45,4.51,32.5,39.2,0,0,19.900000000000002,-2.0,0.05999999999999961,-1.6000000000000227,8.0,16.96,31.859999999999996,0.34000000000000025,5.47,7.61,14.9,-13.1,-2.4600000000000137,4.2,34.0,20.9,December,3.4000000000000026
Adelaide,21.7,35.0,0.0,5.47,7.61,WNW,31.0,2.0,19.0,31.0,24.0,1014.0,1012.6,4.45,4.51,27.4,34.1,0,0,13.3,-7.0,0.05999999999999961,-1.3999999999999773,17.0,17.520000000000003,33.489999999999995,0.14000000000000026,5.47,7.61,15.969999999999999,-11.9,-2.510000000000025,5.0,29.6,17.7,January,1.4000000000000026
Adelaide,17.1,26.6,0.0,5.47,7.61,SE,35.0,11.0,17.0,52.0,34.0,1016.3,1013.1,4.45,4.51,19.9,25.8,0,0,9.5,-18.0,0.05999999999999961,-3.199999999999932,6.0,18.27,33.8,0.14000000000000026,5.47,7.61,15.530000000000001,-10.7,-2.320000000000016,7.1,29.0,18.3,January,1.4000000000000026
Adelaide,15.5,29.3,0.0,5.47,7.61,W,43.0,9.0,13.0,60.0,39.0,1014.5,1012.3,4.45,4.51,21.4,28.3,0,0,13.8,-21.0,0.05999999999999961,-2.2000000000000455,4.0,18.3,33.010000000000005,0.14000000000000026,5.47,7.61,14.709999999999999,-10.7,-2.3000000000000114,6.9,31.1,20.4,January,1.4000000000000026
Adelaide,18.0,31.8,0.0,5.47,7.61,SE,33.0,6.0,11.0,48.0,27.0,1016.3,1013.5,4.45,4.51,23.5,30.6,0,0,13.8,-21.0,0.05999999999999961,-2.7999999999999545,5.0,18.04,32.029999999999994,0.14000000000000026,5.47,7.61,13.99,-11.6,-2.130000000000018,6.0,34.9,23.3,January,1.4000000000000026
Adelaide,17.1,30.2,0.0,5.47,7.61,WSW,30.0,4.0,15.0,49.0,34.0,1016.0,1014.5,4.45,4.51,23.0,28.9,0,0,13.099999999999998,-15.0,0.05999999999999961,-1.5,11.0,17.36,31.49,0.14000000000000026,5.47,7.61,14.13,-13.5,-2.060000000000014,6.7,37.8,24.3,January,1.4000000000000026
Adelaide,17.5,29.7,0.0,5.47,7.61,SE,37.0,7.0,15.0,49.0,27.0,1018.5,1016.9,4.45,4.51,21.7,28.8,0,0,12.2,-22.0,0.05999999999999961,-1.6000000000000227,8.0,17.6,32.129999999999995,0.0,5.47,7.61,14.530000000000001,-13.8,-2.4000000000000115,7.4,38.0,24.2,January,0.0
Adelaide,17.4,30.9,0.0,5.47,7.61,E,39.0,2.0,13.0,55.0,26.0,1020.5,1019.8,4.45,4.51,21.4,29.6,0,0,13.5,-29.0,0.05999999999999961,-0.7000000000000455,11.0,18.21,32.510000000000005,0.0,5.47,7.61,14.3,-13.5,-2.3100000000000023,7.8,38.5,25.0,January,0.0
Adelaide,13.8,31.1,0.0,5.47,7.61,WSW,26.0,4.0,15.0,50.0,25.0,1023.5,1020.2,4.45,4.51,20.0,30.0,0,0,17.3,-25.0,0.05999999999999961,-3.2999999999999545,11.0,18.35,32.660000000000004,0.0,5.47,7.61,14.309999999999999,-15.9,-2.0600000000000023,7.9,40.5,24.6,January,0.0
Adelaide,16.3,34.8,0.0,5.47,7.61,WSW,22.0,0.0,15.0,45.0,13.0,1020.2,1017.7,4.45,4.51,22.9,33.8,0,0,18.499999999999996,-32.0,0.05999999999999961,-2.5,15.0,18.03,32.33,0.0,5.47,7.61,14.3,-16.6,-2.0299999999999954,8.1,42.2,25.6,January,0.0
Adelaide,19.3,37.6,0.0,5.47,7.61,NNW,28.0,0.0,6.0,29.0,14.0,1015.5,1013.0,4.45,4.51,27.4,34.8,0,0,18.3,-15.0,0.05999999999999961,-2.5,6.0,17.51,32.0,0.0,5.47,7.61,14.49,-19.2,-2.0799999999999956,9.6,45.1,25.9,January,0.0
Adelaide,22.4,37.9,0.0,5.47,7.61,SSW,33.0,7.0,9.0,23.0,21.0,1007.7,1007.3,4.45,4.51,32.7,36.8,0,0,15.5,-2.0,0.05999999999999961,-0.40000000000009095,2.0,17.369999999999997,31.7,0.0,5.47,7.61,14.329999999999998,-20.5,-2.1699999999999933,9.4,46.8,26.3,January,0.0
Adelaide,22.5,39.8,0.2,5.47,7.61,W,24.0,7.0,11.0,37.0,21.0,1010.9,1009.2,4.45,4.51,30.2,38.2,0,0,17.299999999999997,-16.0,0.05999999999999961,-1.6999999999999318,4.0,17.44,31.99,0.0,5.47,7.61,14.55,-20.0,-2.0700000000000047,7.9,46.0,26.0,January,0.0
Adelaide,23.2,35.1,0.0,5.47,7.61,WSW,43.0,9.0,11.0,30.0,28.0,1009.3,1009.9,4.45,4.51,29.8,35.0,0,0,11.900000000000002,-2.0,0.05999999999999961,0.6000000000000227,2.0,17.98,33.309999999999995,0.020000000000000268,5.47,7.61,15.330000000000002,-19.8,-1.9200000000000046,7.7,44.5,24.7,January,0.20000000000000268
Adelaide,17.3,23.7,0.0,5.47,7.61,SSE,41.0,15.0,17.0,55.0,33.0,1023.0,1024.8,4.45,4.51,18.1,21.1,0,0,6.399999999999999,-22.0,0.05999999999999961,1.7999999999999545,2.0,18.75,33.89,0.020000000000000268,5.47,7.61,15.14,-17.9,-1.6399999999999977,7.5,41.5,23.6,January,0.20000000000000268
Adelaide,13.5,25.7,0.0,5.47,7.61,ENE,35.0,4.0,13.0,38.0,19.0,1031.7,1027.3,4.45,4.51,16.7,25.5,0,0,12.2,-19.0,0.05999999999999961,-4.400000000000091,9.0,18.68,33.08,0.020000000000000268,5.47,7.61,14.4,-18.0,-1.1800000000000068,7.2,42.2,24.2,January,0.20000000000000268
Adelaide,15.8,30.1,0.0,5.47,7.61,E,35.0,6.0,17.0,42.0,24.0,1026.0,1022.0,4.45,4.51,19.0,28.9,0,0,14.3,-18.0,0.05999999999999961,-4.0,11.0,18.32,32.63,0.020000000000000268,5.47,7.61,14.309999999999999,-18.4,-1.470000000000016,7.0,41.1,22.7,January,0.20000000000000268
Adelaide,15.9,36.6,0.0,5.47,7.61,WNW,28.0,6.0,15.0,30.0,11.0,1018.9,1015.9,4.45,4.51,24.7,34.9,0,0,20.700000000000003,-19.0,0.05999999999999961,-3.0,9.0,18.15,32.67,0.020000000000000268,5.47,7.61,14.52,-18.0,-1.7100000000000137,7.3,40.4,22.4,January,0.20000000000000268
Adelaide,19.0,38.5,0.0,5.47,7.61,WSW,28.0,0.0,13.0,23.0,12.0,1014.2,1012.3,4.45,4.51,28.5,38.2,0,0,19.5,-11.0,0.05999999999999961,-1.900000000000091,13.0,18.0,33.239999999999995,0.020000000000000268,5.47,7.61,15.24,-17.0,-1.940000000000009,7.1,37.9,20.9,January,0.20000000000000268
Adelaide,21.7,35.9,0.0,5.47,7.61,NW,37.0,11.0,13.0,14.0,24.0,1011.2,1009.8,4.45,4.51,31.6,34.4,0,0,14.2,10.0,0.05999999999999961,-1.400000000000091,2.0,18.52,33.98,0.020000000000000268,5.47,7.61,15.459999999999999,-15.6,-1.8000000000000227,7.3,35.2,19.6,January,0.20000000000000268
Adelaide,24.3,34.3,0.4,5.47,7.61,SW,31.0,15.0,17.0,58.0,40.0,1009.9,1009.0,4.45,4.51,28.1,33.5,0,0,9.999999999999996,-18.0,0.05999999999999961,-0.8999999999999773,2.0,19.06,34.09,0.020000000000000268,5.47,7.61,15.029999999999998,-11.4,-1.690000000000032,6.0,32.1,20.7,January,0.20000000000000268
Adelaide,23.8,36.7,0.2,5.47,7.61,W,26.0,6.0,9.0,46.0,25.0,1010.0,1008.0,4.45,4.51,25.9,35.7,0,1,12.900000000000002,-21.0,0.05999999999999961,-2.0,3.0,19.56,33.760000000000005,0.060000000000000275,5.47,7.61,14.2,-11.7,-1.5300000000000296,5.6,35.0,23.3,January,0.6000000000000028
Adelaide,21.5,29.9,8.0,5.47,7.61,WSW,61.0,9.0,9.0,77.0,93.0,1008.9,1008.7,4.45,4.51,24.5,20.4,1,1,8.399999999999999,16.0,0.05999999999999961,-0.1999999999999318,0.0,19.7,33.64,0.08000000000000027,5.47,7.61,13.940000000000001,-13.6,-1.6900000000000204,5.7,37.3,23.7,January,0.8000000000000027
Adelaide,18.7,25.9,7.6,5.47,7.61,W,37.0,11.0,17.0,61.0,48.0,1016.1,1015.9,4.45,4.51,21.0,25.0,1,0,7.199999999999999,-13.0,0.05999999999999961,-0.20000000000004547,6.0,19.6,32.65,0.8600000000000003,5.47,7.61,13.05,-10.4,-1.5400000000000205,5.3,41.3,30.9,January,8.600000000000003
Adelaide,15.2,28.5,0.0,5.47,7.61,S,37.0,2.0,11.0,64.0,34.0,1017.2,1013.9,4.45,4.51,19.3,27.1,0,0,13.3,-30.0,0.05999999999999961,-3.300000000000068,9.0,19.15,31.729999999999997,1.6200000000000003,5.47,7.61,12.579999999999998,-11.5,-1.6200000000000272,5.7,44.4,32.9,January,16.200000000000003
Adelaide,15.5,30.0,0.0,5.47,7.61,SE,28.0,9.0,11.0,61.0,29.0,1016.9,1014.7,4.45,4.51,20.8,30.0,0,0,14.5,-32.0,0.05999999999999961,-2.199999999999932,2.0,18.94,32.21,1.6200000000000003,5.47,7.61,13.27,-12.3,-2.1300000000000296,6.4,45.3,33.0,January,16.200000000000003
Adelaide,17.5,33.3,0.0,5.47,7.61,SW,31.0,6.0,13.0,39.0,24.0,1015.7,1012.0,4.45,4.51,23.7,32.0,0,0,15.799999999999997,-15.0,0.05999999999999961,-3.7000000000000455,7.0,19.14,32.64,1.6200000000000003,5.47,7.61,13.5,-13.6,-1.9100000000000137,5.7,47.6,34.0,January,16.200000000000003
Adelaide,21.5,33.1,0.0,5.47,7.61,SW,37.0,6.0,19.0,26.0,28.0,1009.4,1008.0,4.45,4.51,26.6,29.2,0,0,11.600000000000001,2.0,0.05999999999999961,-1.3999999999999773,13.0,19.310000000000002,32.959999999999994,1.6200000000000003,5.47,7.61,13.65,-13.3,-1.880000000000018,5.3,47.3,34.0,January,16.200000000000003
Adelaide,18.3,25.9,0.0,5.47,7.61,WSW,57.0,11.0,20.0,60.0,66.0,1010.1,1008.4,4.45,4.51,20.8,21.1,0,1,7.599999999999998,6.0,0.05999999999999961,-1.7000000000000455,9.0,19.87,32.61,1.6200000000000003,5.47,7.61,12.739999999999998,-11.2,-1.720000000000016,5.7,46.9,35.7,January,16.200000000000003
Adelaide,12.6,19.5,17.8,5.47,7.61,W,50.0,6.0,15.0,86.0,54.0,1008.2,1004.0,4.45,4.51,14.7,18.1,1,1,6.9,-32.0,0.05999999999999961,-4.2000000000000455,9.0,19.8,31.35,1.6200000000000003,5.47,7.61,11.55,-9.5,-1.7000000000000113,5.3,50.6,41.1,January,16.200000000000003
Adelaide,13.8,24.2,18.6,5.47,7.61,SW,35.0,9.0,15.0,67.0,48.0,1006.4,1005.4,4.45,4.51,17.7,21.5,1,0,10.399999999999999,-19.0,0.05999999999999961,-1.0,6.0,18.889999999999997,29.709999999999997,3.4,5.47,7.61,10.819999999999999,-13.7,-1.9800000000000069,6.0,57.8,44.1,January,34.0
Adelaide,14.5,25.3,0.0,5.47,7.61,WSW,33.0,7.0,13.0,72.0,45.0,1006.6,1005.8,4.45,4.51,18.6,23.7,0,0,10.8,-27.0,0.05999999999999961,-0.8000000000000682,6.0,17.84,28.699999999999996,5.220000000000001,5.47,7.61,10.86,-13.8,-1.990000000000009,6.4,58.7,44.9,January,52.2
Adelaide,15.1,33.1,0.0,5.47,7.61,E,48.0,6.0,9.0,63.0,20.0,1007.1,1003.7,4.45,4.51,21.1,31.4,0,1,18.0,-43.0,0.05999999999999961,-3.3999999999999773,3.0,16.91,27.559999999999995,5.2,5.47,7.61,10.65,-14.4,-1.8700000000000159,6.7,61.3,46.9,February,52.0
Adelaide,19.3,24.8,13.2,5.47,7.61,E,46.0,17.0,15.0,61.0,76.0,995.5,998.8,4.45,4.51,23.3,23.0,1,1,5.5,15.0,0.05999999999999961,3.2999999999999545,-2.0,16.27,27.880000000000003,4.4,5.47,7.61,11.61,-20.3,-2.1900000000000204,7.0,59.9,39.6,February,44.0
Adelaide,16.8,22.9,4.8,5.47,7.61,S,37.0,11.0,13.0,66.0,46.0,1013.5,1014.9,4.45,4.51,19.1,21.9,1,0,6.099999999999998,-20.0,0.05999999999999961,1.3999999999999773,2.0,16.330000000000002,27.77,4.960000000000001,5.47,7.61,11.440000000000001,-17.5,-1.8400000000000205,6.2,59.9,42.4,February,49.60000000000001
Adelaide,15.8,24.1,0.0,5.47,7.61,S,39.0,15.0,15.0,58.0,42.0,1020.9,1018.5,4.45,4.51,17.7,23.5,0,0,8.3,-16.0,0.05999999999999961,-2.3999999999999773,0.0,16.49,27.21,5.44,5.47,7.61,10.719999999999999,-16.5,-1.3700000000000159,5.5,60.1,43.6,February,54.400000000000006
Adelaide,13.8,29.5,0.0,5.47,7.61,ESE,30.0,0.0,11.0,67.0,36.0,1019.6,1015.4,4.45,4.51,16.4,27.8,0,0,15.7,-31.0,0.05999999999999961,-4.2000000000000455,11.0,16.52,26.619999999999997,5.44,5.47,7.61,10.1,-14.9,-1.3900000000000206,5.3,59.8,44.9,February,54.400000000000006
Adelaide,16.2,33.1,0.0,5.47,7.61,SSW,31.0,0.0,15.0,59.0,40.0,1015.6,1013.6,4.45,4.51,21.9,30.4,0,0,16.900000000000002,-19.0,0.05999999999999961,-2.0,15.0,16.15,26.24,5.44,5.47,7.61,10.09,-16.5,-1.4400000000000204,5.7,62.6,46.1,February,54.400000000000006
Adelaide,17.9,31.3,0.0,5.47,7.61,WSW,28.0,6.0,17.0,59.0,41.0,1017.5,1016.7,4.45,4.51,22.9,30.0,0,0,13.400000000000002,-18.0,0.05999999999999961,-0.7999999999999545,11.0,15.62,26.24,5.44,5.47,7.61,10.620000000000001,-18.6,-1.5000000000000226,5.9,65.9,47.3,February,54.400000000000006
Adelaide,15.0,29.5,0.0,5.47,7.61,SE,31.0,2.0,9.0,61.0,33.0,1022.3,1019.9,4.45,4.51,20.4,28.2,0,0,14.5,-28.0,0.05999999999999961,-2.3999999999999773,7.0,15.580000000000002,26.78,5.44,5.47,7.61,11.2,-21.0,-1.4100000000000137,6.1,65.8,44.8,February,54.400000000000006
Adelaide,16.2,34.8,0.0,5.47,7.61,WSW,24.0,7.0,15.0,52.0,25.0,1019.7,1016.1,4.45,4.51,22.8,34.0,0,0,18.599999999999998,-27.0,0.05999999999999961,-3.6000000000000227,8.0,15.820000000000002,27.78,3.66,5.47,7.61,11.96,-20.6,-1.2300000000000069,5.9,63.3,42.7,February,36.6
Adelaide,16.9,34.7,0.0,5.47,7.61,WSW,30.0,6.0,15.0,32.0,25.0,1015.2,1012.3,4.45,4.51,24.2,33.4,0,0,17.800000000000004,-7.0,0.05999999999999961,-2.900000000000091,9.0,16.06,28.839999999999996,1.8000000000000003,5.47,7.61,12.78,-21.4,-1.490000000000009,6.1,61.8,40.4,February,18.000000000000004
Adelaide,15.8,32.2,0.0,5.47,7.61,E,76.0,6.0,11.0,55.0,24.0,1016.4,1013.6,4.45,4.51,21.2,31.3,0,0,16.400000000000002,-31.0,0.05999999999999961,-2.7999999999999545,5.0,16.3,29.779999999999994,1.8000000000000003,5.47,7.61,13.48,-19.4,-1.7000000000000113,6.4,57.8,38.4,February,18.000000000000004
Adelaide,15.3,33.9,0.0,5.47,7.61,SW,30.0,6.0,11.0,56.0,24.0,1015.5,1012.5,4.45,4.51,21.6,32.4,0,0,18.599999999999998,-32.0,0.05999999999999961,-3.0,5.0,16.37,29.690000000000005,1.8000000000000003,5.47,7.61,13.320000000000002,-18.2,-1.640000000000009,6.6,57.0,38.8,February,18.000000000000004
Adelaide,16.8,29.3,0.0,5.47,7.61,SW,28.0,7.0,13.0,62.0,39.0,1012.5,1012.0,4.45,4.51,21.7,26.4,0,0,12.5,-23.0,0.05999999999999961,-0.5,6.0,15.969999999999999,30.6,0.4800000000000003,5.47,7.61,14.63,-22.9,-2.2700000000000045,7.3,56.5,33.6,February,4.800000000000003
Adelaide,15.6,24.8,0.0,5.47,7.61,WSW,30.0,9.0,15.0,65.0,37.0,1016.5,1015.6,4.45,4.51,19.3,24.4,0,0,9.200000000000001,-28.0,0.05999999999999961,-0.8999999999999773,6.0,15.969999999999999,31.24,0.0,5.47,7.61,15.270000000000001,-23.2,-2.460000000000002,7.7,56.1,32.9,February,0.0
Adelaide,15.5,24.3,0.0,5.47,7.61,WSW,33.0,9.0,15.0,58.0,41.0,1017.8,1016.5,4.45,4.51,18.2,23.3,0,0,8.8,-17.0,0.05999999999999961,-1.2999999999999545,6.0,15.95,31.310000000000002,0.0,5.47,7.61,15.36,-24.4,-2.3100000000000023,8.3,56.8,32.4,February,0.0
Adelaide,15.4,24.4,0.0,5.47,7.61,SSE,35.0,11.0,11.0,67.0,33.0,1020.0,1019.3,4.45,4.51,17.9,23.7,0,0,8.999999999999998,-34.0,0.05999999999999961,-0.7000000000000455,0.0,16.119999999999997,30.790000000000003,0.0,5.47,7.61,14.670000000000002,-23.0,-2.0199999999999934,7.8,55.9,32.9,February,0.0
Adelaide,13.1,26.0,0.0,5.47,7.61,WSW,41.0,6.0,20.0,56.0,43.0,1020.7,1017.0,4.45,4.51,16.8,25.5,0,0,12.9,-13.0,0.05999999999999961,-3.7000000000000455,14.0,16.04,29.919999999999998,0.0,5.47,7.61,13.88,-24.5,-1.8899999999999977,6.3,56.7,32.2,February,0.0
Adelaide,14.0,27.5,0.0,5.47,7.61,SW,31.0,2.0,9.0,69.0,44.0,1014.1,1011.1,4.45,4.51,18.6,26.3,0,0,13.5,-25.0,0.05999999999999961,-3.0,7.0,15.559999999999999,29.389999999999997,0.0,5.47,7.61,13.830000000000002,-24.0,-2.180000000000007,6.6,56.4,32.4,February,0.0
Adelaide,15.6,24.5,0.0,5.47,7.61,SSE,37.0,4.0,15.0,66.0,51.0,1014.7,1015.4,4.45,4.51,19.2,23.1,0,0,8.9,-15.0,0.05999999999999961,0.6999999999999318,11.0,15.459999999999999,29.189999999999998,0.0,5.47,7.61,13.73,-23.7,-2.240000000000009,6.6,57.2,33.5,February,0.0
Adelaide,13.9,25.9,0.0,5.47,7.61,ESE,33.0,9.0,11.0,44.0,28.0,1023.5,1021.2,4.45,4.51,17.2,24.3,0,0,11.999999999999998,-16.0,0.05999999999999961,-2.2999999999999545,2.0,15.4,28.160000000000004,0.0,5.47,7.61,12.760000000000002,-22.5,-1.8100000000000136,6.9,58.6,36.1,February,0.0
Adelaide,17.1,37.0,0.0,5.47,7.61,N,26.0,11.0,7.0,30.0,15.0,1020.7,1018.0,4.45,4.51,24.0,34.7,0,0,19.9,-15.0,0.05999999999999961,-2.7000000000000455,-4.0,15.1,27.28,0.0,5.47,7.61,12.180000000000001,-23.4,-1.75,6.2,59.8,36.4,February,0.0
Adelaide,23.9,39.5,0.0,5.47,7.61,SE,31.0,4.0,9.0,37.0,13.0,1019.1,1015.8,4.45,4.51,26.2,36.7,0,0,15.600000000000001,-24.0,0.05999999999999961,-3.300000000000068,5.0,15.229999999999999,27.76,0.0,5.47,7.61,12.53,-21.8,-1.740000000000009,5.3,57.3,35.5,February,0.0
Adelaide,22.2,37.0,0.0,5.47,7.61,S,37.0,2.0,13.0,39.0,30.0,1011.8,1011.5,4.45,4.51,27.2,33.8,0,0,14.8,-9.0,0.05999999999999961,-0.2999999999999545,11.0,16.09,28.32,0.0,5.47,7.61,12.229999999999999,-21.0,-1.770000000000016,5.3,55.4,34.4,February,0.0
Adelaide,22.6,27.7,0.0,5.47,7.61,SW,26.0,0.0,9.0,62.0,64.0,1011.0,1010.1,4.45,4.51,25.2,25.2,0,0,5.099999999999998,2.0,0.05999999999999961,-0.8999999999999773,9.0,16.63,29.089999999999996,0.0,5.47,7.61,12.459999999999999,-19.6,-1.7500000000000113,5.8,53.1,33.5,February,0.0
Adelaide,19.7,26.2,0.4,5.47,7.61,SW,35.0,7.0,15.0,73.0,44.0,1014.0,1016.0,4.45,4.51,20.9,24.9,0,0,6.5,-29.0,0.05999999999999961,2.0,8.0,17.330000000000002,29.379999999999995,0.0,5.47,7.61,12.05,-16.6,-1.7500000000000113,6.1,52.8,36.2,February,0.0
Adelaide,14.7,24.9,0.0,5.47,7.61,SW,37.0,9.0,20.0,63.0,46.0,1022.2,1021.4,4.45,4.51,19.8,24.4,0,0,10.2,-17.0,0.05999999999999961,-0.8000000000000682,11.0,17.75,29.57,0.040000000000000355,5.47,7.61,11.819999999999999,-17.8,-1.420000000000016,6.3,54.3,36.5,February,0.4000000000000036
Adelaide,13.5,25.4,0.0,5.47,7.61,WNW,31.0,0.0,17.0,72.0,49.0,1023.8,1020.9,4.45,4.51,18.2,24.7,0,0,11.899999999999999,-23.0,0.05999999999999961,-2.8999999999999773,17.0,17.68,29.619999999999997,0.040000000000000355,5.47,7.61,11.94,-16.1,-1.4300000000000181,7.4,53.9,37.8,February,0.4000000000000036
Adelaide,13.2,29.7,0.0,5.47,7.61,SE,31.0,4.0,15.0,62.0,40.0,1022.6,1019.8,4.45,4.51,18.7,27.1,0,0,16.5,-22.0,0.05999999999999961,-2.800000000000068,11.0,17.72,29.559999999999995,0.040000000000000355,5.47,7.61,11.84,-17.1,-1.3500000000000114,7.7,55.5,38.4,February,0.4000000000000036
Adelaide,13.8,31.4,0.0,5.47,7.61,WSW,26.0,4.0,13.0,59.0,30.0,1020.5,1018.0,4.45,4.51,19.9,29.7,0,0,17.599999999999998,-29.0,0.05999999999999961,-2.5,9.0,17.64,29.78,0.040000000000000355,5.47,7.61,12.139999999999999,-16.8,-1.3300000000000183,8.1,54.8,38.0,February,0.4000000000000036
Adelaide,17.3,33.3,0.0,5.47,7.61,WNW,24.0,4.0,9.0,42.0,19.0,1015.7,1014.5,4.45,4.51,24.8,32.8,0,0,15.999999999999996,-23.0,0.05999999999999961,-1.2000000000000455,5.0,17.46,30.47,0.040000000000000355,5.47,7.61,13.01,-18.2,-1.6500000000000115,7.9,54.1,35.9,March,0.4000000000000036
Adelaide,18.1,34.8,0.0,5.47,7.61,S,28.0,0.0,9.0,36.0,24.0,1016.5,1015.5,4.45,4.51,24.9,32.8,0,0,16.699999999999996,-12.0,0.05999999999999961,-1.0,9.0,17.8,31.21,0.040000000000000355,5.47,7.61,13.41,-18.9,-1.5400000000000205,8.2,53.9,35.0,March,0.4000000000000036
Adelaide,17.6,33.6,0.0,5.47,7.61,W,26.0,7.0,15.0,53.0,33.0,1020.0,1016.6,4.45,4.51,21.8,32.2,0,0,16.0,-20.0,0.05999999999999961,-3.3999999999999773,8.0,17.9,30.99,0.040000000000000355,5.47,7.61,13.089999999999998,-18.6,-1.3700000000000159,9.5,54.5,35.9,March,0.4000000000000036
Adelaide,17.7,33.2,0.0,5.47,7.61,WSW,20.0,2.0,11.0,50.0,34.0,1015.7,1014.1,4.45,4.51,22.9,31.1,0,0,15.500000000000004,-16.0,0.05999999999999961,-1.6000000000000227,9.0,17.27,30.4,0.040000000000000355,5.47,7.61,13.129999999999999,-18.2,-1.3800000000000068,9.8,56.1,37.9,March,0.4000000000000036
Adelaide,18.9,38.7,0.0,5.47,7.61,SE,22.0,2.0,7.0,52.0,26.0,1017.3,1014.7,4.45,4.51,23.1,36.6,0,0,19.800000000000004,-26.0,0.05999999999999961,-2.599999999999909,5.0,16.82,30.02,0.040000000000000355,5.47,7.61,13.2,-18.9,-1.5100000000000136,9.6,57.2,38.3,March,0.4000000000000036
Adelaide,22.8,38.0,0.2,5.47,7.61,NNW,41.0,6.0,2.0,65.0,32.0,1015.6,1012.7,4.45,4.51,25.9,34.4,0,1,15.2,-33.0,0.05999999999999961,-2.8999999999999773,-4.0,16.45,31.120000000000005,0.040000000000000355,5.47,7.61,14.669999999999998,-21.7,-1.6800000000000068,9.2,56.2,34.5,March,0.4000000000000036
Adelaide,21.8,30.7,21.6,5.47,7.61,SE,33.0,4.0,17.0,63.0,55.0,1016.3,1016.8,4.45,4.51,25.4,27.6,1,0,8.899999999999999,-8.0,0.05999999999999961,0.5,13.0,16.759999999999998,32.3,0.020000000000000358,5.47,7.61,15.540000000000001,-22.1,-2.1700000000000044,8.0,55.4,33.3,March,0.20000000000000356
Adelaide,22.1,37.1,0.0,5.47,7.61,E,33.0,4.0,11.0,53.0,27.0,1014.2,1012.1,4.45,4.51,27.1,35.8,0,0,15.0,-26.0,0.05999999999999961,-2.1000000000000227,7.0,17.470000000000002,32.88,2.1800000000000006,5.47,7.61,15.41,-21.2,-2.039999999999998,8.2,55.4,34.2,March,21.800000000000004
Adelaide,22.4,30.3,0.0,5.47,7.61,NNW,24.0,2.0,9.0,75.0,47.0,1015.8,1015.3,4.45,4.51,24.1,29.3,0,1,7.900000000000002,-28.0,0.05999999999999961,-0.5,7.0,18.330000000000002,34.05,2.1800000000000006,5.47,7.61,15.719999999999999,-21.5,-1.9600000000000022,7.2,53.5,32.0,March,21.800000000000004
Adelaide,21.1,29.0,20.0,5.47,7.61,SW,22.0,0.0,9.0,93.0,65.0,1018.4,1015.9,4.45,4.51,21.9,27.5,1,1,7.899999999999999,-28.0,0.05999999999999961,-2.5,9.0,19.25,34.11,2.1800000000000006,5.47,7.61,14.86,-22.1,-1.7299999999999955,6.8,54.8,32.7,March,21.800000000000004
Adelaide,20.3,31.4,2.4,5.47,7.61,WSW,28.0,0.0,13.0,76.0,51.0,1016.8,1015.2,4.45,4.51,23.9,29.9,1,0,11.099999999999998,-25.0,0.05999999999999961,-1.599999999999909,13.0,19.98,33.87,4.180000000000001,5.47,7.61,13.89,-22.0,-1.7299999999999955,6.8,58.2,36.2,March,41.800000000000004
Adelaide,20.1,30.8,0.0,5.47,7.61,SSE,20.0,6.0,7.0,75.0,49.0,1019.9,1018.2,4.45,4.51,22.3,29.3,0,0,10.7,-26.0,0.05999999999999961,-1.6999999999999318,1.0,20.28,33.68,4.42,5.47,7.61,13.4,-22.2,-1.7699999999999818,7.6,61.6,39.4,March,44.2
Adelaide,17.6,32.2,0.0,5.47,7.61,W,26.0,0.0,15.0,69.0,38.0,1018.9,1016.7,4.45,4.51,21.9,31.7,0,0,14.600000000000001,-31.0,0.05999999999999961,-2.199999999999932,15.0,20.48,33.279999999999994,4.42,5.47,7.61,12.8,-23.6,-1.839999999999975,6.8,65.5,41.9,March,44.2
Adelaide,18.4,26.7,0.0,5.47,7.61,SE,26.0,11.0,11.0,62.0,47.0,1019.8,1017.8,4.45,4.51,20.3,25.5,0,0,8.3,-15.0,0.05999999999999961,-2.0,0.0,20.479999999999997,33.14,4.42,5.47,7.61,12.66,-24.7,-1.7199999999999704,7.5,67.1,42.4,March,44.2
Adelaide,15.5,30.2,0.0,5.47,7.61,E,24.0,4.0,6.0,57.0,35.0,1018.7,1015.7,4.45,4.51,18.6,28.3,0,0,14.7,-22.0,0.05999999999999961,-3.0,2.0,20.55,32.49,4.42,5.47,7.61,11.940000000000001,-24.6,-1.7599999999999683,6.6,68.3,43.7,March,44.2
Adelaide,16.9,33.3,0.0,5.47,7.61,SSW,22.0,0.0,13.0,53.0,27.0,1015.0,1011.4,4.45,4.51,23.8,32.7,0,0,16.4,-26.0,0.05999999999999961,-3.6000000000000227,13.0,20.21,31.639999999999997,4.42,5.47,7.61,11.429999999999998,-24.2,-1.7999999999999772,6.3,68.8,44.6,March,44.2
Adelaide,23.2,35.4,0.0,5.47,7.61,W,35.0,9.0,11.0,44.0,30.0,1008.0,1003.6,4.45,4.51,28.4,34.8,0,1,12.2,-14.0,0.05999999999999961,-4.399999999999977,2.0,19.62,31.169999999999998,4.4,5.47,7.61,11.55,-23.5,-1.869999999999982,8.0,67.6,44.1,March,44.0
Adelaide,15.9,21.0,8.0,5.47,7.61,SW,57.0,20.0,20.0,49.0,37.0,1010.8,1012.7,4.45,4.51,17.1,19.4,1,0,5.1,-12.0,0.05999999999999961,1.900000000000091,0.0,19.759999999999998,31.639999999999997,2.24,5.47,7.61,11.879999999999999,-24.1,-2.3599999999999794,6.9,65.7,41.6,March,22.400000000000002
Adelaide,12.3,21.7,0.4,5.47,7.61,SW,31.0,0.0,15.0,63.0,55.0,1019.3,1018.6,4.45,4.51,15.9,19.7,0,0,9.399999999999999,-8.0,0.05999999999999961,-0.6999999999999318,15.0,19.14,30.029999999999994,3.0400000000000005,5.47,7.61,10.889999999999999,-22.7,-1.9599999999999682,6.2,65.3,42.6,March,30.400000000000006
Adelaide,12.0,23.6,0.0,5.47,7.61,SW,28.0,6.0,15.0,55.0,41.0,1021.3,1019.0,4.45,4.51,16.4,22.3,0,0,11.600000000000001,-14.0,0.05999999999999961,-2.2999999999999545,9.0,18.130000000000003,29.169999999999998,3.0800000000000005,5.47,7.61,11.040000000000001,-20.7,-1.9799999999999613,7.0,64.1,43.4,March,30.800000000000004
Adelaide,11.9,24.5,0.0,5.47,7.61,WSW,28.0,0.0,13.0,56.0,39.0,1020.7,1017.6,4.45,4.51,17.1,23.4,0,0,12.6,-17.0,0.05999999999999961,-3.1000000000000227,13.0,17.220000000000002,28.630000000000003,1.0800000000000005,5.47,7.61,11.41,-19.3,-1.9599999999999569,7.0,60.3,41.0,March,10.800000000000004
Adelaide,11.7,30.3,0.0,5.47,7.61,N,28.0,0.0,15.0,53.0,19.0,1016.7,1014.9,4.45,4.51,19.0,29.2,0,0,18.6,-34.0,0.05999999999999961,-1.8000000000000682,15.0,16.38,27.940000000000005,0.8400000000000004,5.47,7.61,11.559999999999999,-18.5,-2.1099999999999683,7.0,58.3,39.8,March,8.400000000000004
Adelaide,17.7,25.3,0.0,5.47,7.61,SW,33.0,7.0,15.0,54.0,62.0,1017.3,1018.8,4.45,4.51,21.1,22.1,0,0,7.600000000000001,8.0,0.05999999999999961,1.5,8.0,15.540000000000001,27.889999999999997,0.8400000000000004,5.47,7.61,12.35,-19.3,-2.119999999999982,8.4,56.1,36.8,March,8.400000000000004
Adelaide,18.4,27.7,0.0,5.47,7.61,WNW,17.0,6.0,9.0,66.0,45.0,1020.6,1017.9,4.45,4.51,19.6,26.5,0,1,9.3,-21.0,0.05999999999999961,-2.7000000000000455,3.0,15.55,27.2,0.8400000000000004,5.47,7.61,11.65,-15.4,-1.7499999999999887,7.7,54.6,39.2,March,8.400000000000004
Adelaide,13.6,23.4,1.2,5.47,7.61,W,37.0,9.0,19.0,61.0,45.0,1023.9,1021.3,4.45,4.51,16.7,22.2,1,0,9.799999999999999,-16.0,0.05999999999999961,-2.6000000000000227,10.0,15.55,27.3,0.8400000000000004,5.47,7.61,11.75,-16.0,-1.8199999999999932,8.0,55.0,39.0,March,8.400000000000004
Adelaide,12.5,21.4,0.0,5.47,7.61,WSW,22.0,6.0,11.0,53.0,53.0,1023.6,1022.3,4.45,4.51,17.1,20.8,0,0,8.899999999999999,0.0,0.05999999999999961,-1.3000000000000682,5.0,15.36,26.619999999999997,0.9600000000000003,5.47,7.61,11.260000000000002,-15.4,-1.7799999999999954,8.8,55.4,40.0,March,9.600000000000003
Adelaide,15.5,21.7,0.0,5.47,7.61,ESE,33.0,6.0,7.0,68.0,43.0,1023.1,1020.5,4.45,4.51,16.4,20.5,0,0,6.199999999999999,-25.0,0.05999999999999961,-2.6000000000000227,1.0,14.919999999999998,25.43,0.9600000000000003,5.47,7.61,10.51,-12.8,-1.55,8.0,55.4,42.6,March,9.600000000000003
Adelaide,14.7,22.7,0.0,5.47,7.61,SE,30.0,13.0,2.0,50.0,36.0,1019.9,1017.9,4.45,4.51,15.4,22.0,0,0,8.0,-14.0,0.05999999999999961,-2.0,-11.0,14.15,24.06,0.9600000000000003,5.47,7.61,9.91,-13.9,-1.3700000000000045,7.9,57.8,43.9,March,9.600000000000003
Adelaide,14.3,21.7,0.0,5.47,7.61,SSE,33.0,6.0,15.0,56.0,34.0,1022.7,1020.7,4.45,4.51,15.4,21.2,0,0,7.399999999999999,-22.0,0.05999999999999961,-2.0,9.0,14.029999999999998,24.23,0.16000000000000036,5.47,7.61,10.2,-14.1,-1.7600000000000136,6.8,57.9,43.8,March,1.6000000000000036
Adelaide,9.2,20.3,0.0,5.47,7.61,SW,24.0,7.0,7.0,67.0,49.0,1024.5,1023.2,4.45,4.51,14.1,19.4,0,0,11.100000000000001,-18.0,0.05999999999999961,-1.2999999999999545,0.0,14.23,24.229999999999997,0.12000000000000037,5.47,7.61,10.0,-15.5,-1.8900000000000206,6.2,57.2,41.7,March,1.2000000000000037
Adelaide,9.9,23.9,0.0,5.47,7.61,WNW,22.0,4.0,11.0,75.0,36.0,1022.3,1019.3,4.45,4.51,14.0,23.7,0,0,13.999999999999998,-39.0,0.05999999999999961,-3.0,7.0,13.95,23.9,0.12000000000000037,5.47,7.61,9.95,-15.9,-1.7900000000000205,5.3,58.4,42.5,March,1.2000000000000037
Adelaide,13.9,28.7,0.0,5.47,7.61,NW,33.0,9.0,13.0,43.0,25.0,1015.1,1012.1,4.45,4.51,19.0,28.3,0,0,14.799999999999999,-18.0,0.05999999999999961,-3.0,4.0,13.75,23.84,0.12000000000000037,5.47,7.61,10.09,-18.1,-1.7800000000000182,4.7,60.3,42.2,April,1.2000000000000037
Adelaide,15.9,23.8,0.0,5.47,7.61,WSW,33.0,9.0,19.0,69.0,47.0,1020.4,1021.8,4.45,4.51,18.7,22.3,0,0,7.9,-22.0,0.05999999999999961,1.3999999999999773,10.0,13.970000000000002,23.68,0.12000000000000037,5.47,7.61,9.709999999999999,-16.5,-1.9000000000000115,3.6,59.3,42.8,April,1.2000000000000037
Adelaide,11.6,23.3,0.0,5.47,7.61,E,26.0,11.0,13.0,41.0,41.0,1027.9,1024.2,4.45,4.51,17.4,20.6,0,0,11.700000000000001,0.0,0.05999999999999961,-3.7000000000000455,2.0,13.790000000000001,23.53,0.12000000000000037,5.47,7.61,9.74,-19.5,-1.9100000000000137,3.8,60.8,41.3,April,1.2000000000000037
Adelaide,10.5,27.6,0.0,5.47,7.61,N,24.0,2.0,9.0,45.0,25.0,1021.4,1016.0,4.45,4.51,18.6,27.6,0,0,17.1,-20.0,0.05999999999999961,-5.399999999999977,7.0,13.11,23.089999999999996,0.12000000000000037,5.47,7.61,9.98,-17.4,-2.0100000000000136,3.7,58.3,40.9,April,1.2000000000000037
Adelaide,14.5,28.2,0.0,5.47,7.61,WSW,33.0,9.0,15.0,30.0,55.0,1013.2,1012.1,4.45,4.51,22.5,22.7,0,1,13.7,25.0,0.05999999999999961,-1.1000000000000227,6.0,12.8,23.51,0.0,5.47,7.61,10.709999999999999,-17.8,-2.290000000000009,3.4,56.7,38.9,April,0.0
Adelaide,13.5,20.1,4.6,5.47,7.61,SW,39.0,6.0,15.0,82.0,51.0,1020.6,1021.7,4.45,4.51,14.6,18.3,1,0,6.600000000000001,-31.0,0.05999999999999961,1.1000000000000227,9.0,13.0,24.19,0.0,5.47,7.61,11.190000000000001,-15.3,-2.2700000000000045,3.5,54.4,39.1,April,0.0
Adelaide,8.8,19.9,0.2,5.47,7.61,WSW,22.0,0.0,13.0,71.0,49.0,1027.2,1023.6,4.45,4.51,13.9,18.2,0,0,11.099999999999998,-22.0,0.05999999999999961,-3.6000000000000227,13.0,12.8,24.029999999999998,0.4600000000000003,5.47,7.61,11.23,-15.9,-1.9,4.3,55.8,39.9,April,4.600000000000003
Adelaide,8.7,20.5,0.0,5.47,7.61,SSW,24.0,0.0,11.0,66.0,54.0,1026.1,1023.9,4.45,4.51,13.4,18.9,0,0,11.8,-12.0,0.05999999999999961,-2.199999999999932,11.0,12.209999999999999,23.75,0.4800000000000003,5.47,7.61,11.540000000000001,-16.7,-2.0600000000000023,6.7,57.9,41.2,April,4.800000000000003
Adelaide,10.4,22.4,0.0,5.47,7.61,SW,20.0,0.0,9.0,76.0,50.0,1024.8,1022.4,4.45,4.51,15.9,21.5,0,0,11.999999999999998,-26.0,0.05999999999999961,-2.3999999999999773,9.0,11.65,23.630000000000003,0.4800000000000003,5.47,7.61,11.98,-15.7,-2.0799999999999956,6.9,58.9,43.2,April,4.800000000000003
Adelaide,13.0,22.6,0.0,5.47,7.61,SW,28.0,2.0,17.0,84.0,58.0,1024.7,1023.2,4.45,4.51,16.6,21.2,0,0,9.600000000000001,-26.0,0.05999999999999961,-1.5,15.0,11.77,23.84,0.4800000000000003,5.47,7.61,12.07,-16.5,-2.1899999999999977,7.8,59.8,43.3,April,4.800000000000003
Adelaide,15.0,22.6,0.4,5.47,7.61,WSW,35.0,9.0,19.0,77.0,58.0,1026.4,1024.3,4.45,4.51,18.1,22.0,0,0,7.600000000000001,-19.0,0.05999999999999961,-2.1000000000001364,10.0,12.080000000000002,23.71,0.4800000000000003,5.47,7.61,11.629999999999999,-15.2,-2.039999999999998,8.6,60.7,45.5,April,4.800000000000003
Adelaide,11.0,24.0,0.0,5.47,7.61,WSW,35.0,7.0,20.0,65.0,53.0,1028.3,1024.7,4.45,4.51,17.2,21.7,0,0,13.0,-12.0,0.05999999999999961,-3.599999999999909,13.0,12.190000000000001,23.1,0.5200000000000002,5.47,7.61,10.91,-15.3,-1.9500000000000113,9.2,64.1,48.8,April,5.200000000000003
Adelaide,10.4,24.1,0.0,5.47,7.61,WSW,24.0,6.0,13.0,59.0,48.0,1027.8,1024.2,4.45,4.51,17.9,22.7,0,0,13.700000000000001,-11.0,0.05999999999999961,-3.599999999999909,7.0,11.7,23.119999999999997,0.5200000000000002,5.47,7.61,11.42,-14.3,-2.45,9.5,63.7,49.4,April,5.200000000000003
Adelaide,11.6,27.0,0.0,5.47,7.61,WNW,20.0,0.0,9.0,59.0,27.0,1025.3,1022.7,4.45,4.51,17.7,26.0,0,0,15.4,-32.0,0.05999999999999961,-2.599999999999909,9.0,11.58,23.2,0.5200000000000002,5.47,7.61,11.62,-15.4,-2.439999999999986,10.0,65.5,50.1,April,5.200000000000003
Adelaide,11.9,29.1,0.0,5.47,7.61,WSW,26.0,7.0,11.0,36.0,25.0,1022.1,1019.3,4.45,4.51,22.1,27.6,0,0,17.200000000000003,-11.0,0.05999999999999961,-2.800000000000068,4.0,11.690000000000001,23.139999999999997,0.5200000000000002,5.47,7.61,11.45,-16.6,-2.1599999999999797,10.2,66.9,50.3,April,5.200000000000003
Adelaide,11.9,21.4,0.0,5.47,7.61,ESE,30.0,9.0,13.0,66.0,57.0,1023.5,1022.6,4.45,4.51,19.2,20.5,0,0,9.499999999999998,-9.0,0.05999999999999961,-0.8999999999999773,4.0,11.43,23.23,0.5200000000000002,5.47,7.61,11.8,-20.2,-2.329999999999984,10.0,67.5,47.3,April,5.200000000000003
Adelaide,11.9,21.6,0.0,5.47,7.61,SSE,26.0,9.0,7.0,49.0,30.0,1025.7,1020.6,4.45,4.51,15.2,21.2,0,0,9.700000000000001,-19.0,0.05999999999999961,-5.100000000000023,-2.0,11.27,23.360000000000003,0.060000000000000366,5.47,7.61,12.09,-18.0,-2.5299999999999843,9.5,65.9,47.9,April,0.6000000000000036
Adelaide,7.8,25.6,0.0,5.47,7.61,W,24.0,11.0,9.0,34.0,32.0,1018.7,1015.3,4.45,4.51,19.2,24.1,0,0,17.8,-2.0,0.05999999999999961,-3.400000000000091,-2.0,11.580000000000002,23.53,0.040000000000000355,5.47,7.61,11.950000000000001,-17.7,-2.679999999999984,8.0,63.7,46.0,April,0.4000000000000036
Adelaide,12.0,30.1,0.0,5.47,7.61,N,24.0,6.0,9.0,41.0,25.0,1016.9,1014.3,4.45,4.51,21.5,28.8,0,0,18.1,-16.0,0.05999999999999961,-2.6000000000000227,3.0,11.49,24.04,0.040000000000000355,5.47,7.61,12.55,-16.7,-2.8,6.7,60.5,43.8,April,0.4000000000000036
Adelaide,18.2,29.7,0.0,5.47,7.61,ENE,30.0,9.0,11.0,27.0,41.0,1015.5,1015.7,4.45,4.51,25.6,25.9,0,0,11.5,14.0,0.05999999999999961,0.20000000000004547,2.0,11.65,24.81,0.040000000000000355,5.47,7.61,13.16,-15.7,-2.8200000000000047,6.1,57.0,41.3,April,0.4000000000000036
Adelaide,16.0,23.5,0.2,5.47,7.61,WSW,30.0,13.0,9.0,72.0,58.0,1022.5,1021.9,4.45,4.51,19.1,22.9,0,0,7.5,-14.0,0.05999999999999961,-0.6000000000000227,-4.0,12.169999999999998,25.520000000000003,0.040000000000000355,5.47,7.61,13.35,-11.7,-2.65,4.8,51.3,39.6,April,0.4000000000000036
Adelaide,12.7,20.2,0.2,5.47,7.61,SSE,30.0,9.0,11.0,70.0,42.0,1030.4,1028.3,4.45,4.51,15.6,18.9,0,0,7.5,-28.0,0.05999999999999961,-2.1000000000001364,2.0,12.27,25.610000000000003,0.020000000000000358,5.47,7.61,13.34,-11.2,-2.4999999999999885,3.4,50.8,39.6,April,0.20000000000000356
Adelaide,9.1,20.3,0.0,5.47,7.61,ENE,26.0,0.0,9.0,49.0,35.0,1032.0,1028.3,4.45,4.51,15.0,20.0,0,0,11.200000000000001,-14.0,0.05999999999999961,-3.7000000000000455,9.0,12.44,25.23,0.040000000000000355,5.47,7.61,12.790000000000001,-12.8,-2.350000000000011,2.3,51.3,38.5,April,0.4000000000000036
Adelaide,10.3,25.3,0.0,5.47,7.61,E,26.0,9.0,9.0,52.0,21.0,1029.3,1025.4,4.45,4.51,17.7,24.7,0,0,15.0,-31.0,0.05999999999999961,-3.8999999999998636,0.0,12.31,24.85,0.040000000000000355,5.47,7.61,12.540000000000001,-13.1,-2.360000000000025,2.5,50.3,37.2,April,0.4000000000000036
Adelaide,9.1,28.1,0.0,5.47,7.61,N,26.0,9.0,6.0,31.0,21.0,1026.7,1023.6,4.45,4.51,21.7,27.3,0,0,19.0,-10.0,0.05999999999999961,-3.1000000000000227,-3.0,12.18,24.68,0.040000000000000355,5.47,7.61,12.5,-13.0,-2.4900000000000206,1.6,49.6,36.6,April,0.4000000000000036
Adelaide,12.8,30.1,0.0,5.47,7.61,WNW,33.0,7.0,15.0,28.0,15.0,1023.1,1017.8,4.45,4.51,24.2,29.4,0,0,17.3,-13.0,0.05999999999999961,-5.300000000000068,8.0,11.9,24.580000000000002,0.040000000000000355,5.47,7.61,12.680000000000001,-12.9,-2.520000000000016,0.9,49.1,36.2,April,0.4000000000000036
Adelaide,19.9,27.6,0.0,5.47,7.61,N,44.0,15.0,15.0,24.0,24.0,1014.7,1012.5,4.45,4.51,24.6,26.8,0,0,7.700000000000003,0.0,0.05999999999999961,-2.2000000000000455,0.0,11.99,25.450000000000003,0.040000000000000355,5.47,7.61,13.459999999999999,-13.3,-2.960000000000025,1.3,45.3,32.0,April,0.4000000000000036
Adelaide,16.4,26.9,0.0,5.47,7.61,NNE,28.0,4.0,7.0,84.0,40.0,1018.0,1012.4,4.45,4.51,17.3,26.2,0,1,10.5,-44.0,0.05999999999999961,-5.600000000000023,3.0,12.79,26.05,0.040000000000000355,5.47,7.61,13.26,-11.4,-2.6700000000000275,1.5,42.8,31.4,April,0.4000000000000036
Adelaide,16.5,24.2,4.0,5.47,7.61,N,33.0,6.0,9.0,82.0,56.0,1013.0,1011.1,4.45,4.51,17.8,23.4,1,0,7.699999999999999,-26.0,0.05999999999999961,-1.8999999999999773,3.0,13.65,26.18,0.040000000000000355,5.47,7.61,12.530000000000001,-15.6,-2.8900000000000206,2.0,47.8,32.2,April,0.4000000000000036
Adelaide,12.4,26.3,0.0,5.47,7.61,WNW,46.0,9.0,19.0,53.0,18.0,1013.0,1007.5,4.45,4.51,19.4,25.8,0,1,13.9,-35.0,0.05999999999999961,-5.5,10.0,14.1,25.59,0.4400000000000004,5.47,7.61,11.49,-16.6,-2.820000000000016,2.0,51.9,35.3,April,4.400000000000004
Adelaide,12.9,18.3,1.6,5.47,7.61,WNW,50.0,11.0,9.0,69.0,36.0,1016.9,1017.1,4.45,4.51,14.3,17.7,1,0,5.4,-33.0,0.05999999999999961,0.20000000000004547,-2.0,13.520000000000001,25.25,0.4400000000000004,5.47,7.61,11.73,-21.5,-3.3900000000000206,2.8,54.5,33.0,May,4.400000000000004
Adelaide,12.4,19.8,0.0,5.47,7.61,WNW,43.0,13.0,19.0,63.0,57.0,1014.8,1011.5,4.45,4.51,14.3,19.2,0,0,7.4,-6.0,0.05999999999999961,-3.2999999999999545,6.0,13.209999999999999,24.729999999999997,0.5800000000000004,5.47,7.61,11.520000000000001,-23.4,-3.310000000000014,3.0,54.2,30.8,May,5.800000000000004
Adelaide,14.3,19.6,0.8,5.47,7.61,WNW,54.0,15.0,20.0,87.0,86.0,1007.7,1008.0,4.45,4.51,16.2,17.2,0,1,5.300000000000001,-1.0,0.05999999999999961,0.2999999999999545,5.0,13.180000000000001,24.69,0.5600000000000003,5.47,7.61,11.510000000000002,-21.2,-3.4299999999999953,3.4,53.5,32.3,May,5.600000000000003
Adelaide,11.1,18.5,5.2,5.47,7.61,SW,28.0,7.0,11.0,82.0,67.0,1017.4,1015.7,4.45,4.51,14.1,17.6,1,0,7.4,-15.0,0.05999999999999961,-1.6999999999999318,4.0,13.7,24.619999999999997,0.6400000000000003,5.47,7.61,10.920000000000002,-19.9,-3.0299999999999954,3.0,57.3,37.4,May,6.400000000000004
Adelaide,12.9,24.5,0.0,5.47,7.61,NW,39.0,11.0,13.0,57.0,38.0,1016.2,1012.2,4.45,4.51,17.7,24.2,0,0,11.6,-19.0,0.05999999999999961,-4.0,2.0,13.780000000000001,23.94,1.1600000000000006,5.47,7.61,10.16,-18.3,-2.8100000000000023,3.4,60.3,42.0,May,11.600000000000005
Adelaide,12.1,25.0,0.0,5.47,7.61,N,20.0,7.0,7.0,65.0,52.0,1016.0,1013.1,4.45,4.51,17.6,23.0,0,0,12.9,-13.0,0.05999999999999961,-2.8999999999999773,0.0,14.16,23.580000000000002,1.1600000000000006,5.47,7.61,9.42,-19.2,-2.9,3.9,62.9,43.7,May,11.600000000000005
Adelaide,12.0,24.3,0.0,5.47,7.61,NNE,48.0,0.0,11.0,70.0,52.0,1013.4,1011.0,4.45,4.51,16.5,20.5,0,0,12.3,-18.0,0.05999999999999961,-2.3999999999999773,11.0,14.089999999999998,23.07,1.1600000000000006,5.47,7.61,8.98,-19.2,-2.659999999999991,3.1,66.6,47.4,May,11.600000000000005
Adelaide,16.4,19.7,0.4,5.47,7.61,NNE,39.0,11.0,11.0,78.0,92.0,1002.0,998.6,4.45,4.51,17.9,18.0,0,0,3.3000000000000007,14.0,0.05999999999999961,-3.3999999999999773,0.0,13.3,22.740000000000002,1.1600000000000006,5.47,7.61,9.440000000000001,-21.0,-2.679999999999984,4.2,71.2,50.2,May,11.600000000000005
Adelaide,13.1,18.1,0.8,5.47,7.61,WNW,65.0,22.0,28.0,75.0,75.0,993.2,992.7,4.45,4.51,14.6,18.0,0,1,5.000000000000002,0.0,0.05999999999999961,-0.5,6.0,13.3,22.02,1.2000000000000004,5.47,7.61,8.72,-15.2,-2.4599999999999795,3.9,70.6,55.4,May,12.000000000000004
Adelaide,14.1,18.3,16.0,5.47,7.61,WSW,48.0,17.0,13.0,68.0,50.0,1016.2,1019.2,4.45,4.51,15.2,17.6,1,0,4.200000000000001,-18.0,0.05999999999999961,3.0,-4.0,12.959999999999999,21.410000000000004,0.8800000000000004,5.47,7.61,8.45,-12.6,-2.3199999999999816,4.2,69.9,57.3,May,8.800000000000004
Adelaide,13.3,19.0,0.6,5.47,7.61,W,43.0,19.0,11.0,69.0,76.0,1021.2,1019.6,4.45,4.51,15.8,16.6,0,1,5.699999999999999,7.0,0.05999999999999961,-1.6000000000000227,-8.0,13.13,20.61,2.4800000000000004,5.47,7.61,7.480000000000001,-10.9,-1.4699999999999818,2.8,71.4,60.5,May,24.800000000000004
Adelaide,15.3,18.7,4.6,5.47,7.61,WNW,33.0,9.0,15.0,93.0,75.0,1021.3,1020.4,4.45,4.51,16.7,17.9,1,0,3.3999999999999986,-18.0,0.05999999999999961,-0.8999999999999773,6.0,13.169999999999998,20.68,2.3800000000000003,5.47,7.61,7.51,-6.9,-1.6499999999999886,2.2,71.4,64.5,May,23.800000000000004
Adelaide,10.6,21.4,0.4,5.47,7.61,NNW,24.0,9.0,11.0,84.0,43.0,1024.0,1020.9,4.45,4.51,14.5,21.0,0,0,10.799999999999999,-41.0,0.05999999999999961,-3.1000000000000227,2.0,13.459999999999999,20.57,2.8400000000000003,5.47,7.61,7.110000000000001,-8.1,-1.4099999999999908,2.2,74.4,66.3,May,28.400000000000002
Adelaide,11.1,23.1,0.0,5.47,7.61,NNW,31.0,11.0,15.0,55.0,32.0,1021.1,1017.3,4.45,4.51,16.7,22.3,0,0,12.000000000000002,-23.0,0.05999999999999961,-3.800000000000068,4.0,13.09,20.75,2.8000000000000003,5.47,7.61,7.659999999999999,-12.1,-1.7499999999999887,1.9,74.1,62.0,May,28.000000000000004
Adelaide,13.2,21.0,0.0,5.47,7.61,WSW,20.0,2.0,9.0,82.0,59.0,1019.8,1018.2,4.45,4.51,16.8,20.4,0,0,7.800000000000001,-23.0,0.05999999999999961,-1.599999999999909,7.0,13.09,21.21,2.2800000000000002,5.47,7.61,8.120000000000001,-12.9,-1.9600000000000022,1.9,71.4,58.5,May,22.800000000000004
Adelaide,10.1,22.4,0.6,5.47,7.61,N,33.0,11.0,17.0,83.0,47.0,1017.2,1013.8,4.45,4.51,14.3,21.8,0,0,12.299999999999999,-36.0,0.05999999999999961,-3.400000000000091,6.0,13.12,20.860000000000003,2.2800000000000002,5.47,7.61,7.74,-13.3,-1.719999999999993,2.4,73.9,60.6,May,22.800000000000004
Adelaide,14.2,19.8,0.2,5.47,7.61,W,28.0,13.0,6.0,54.0,48.0,1020.9,1019.2,4.45,4.51,16.9,18.8,0,0,5.600000000000001,-6.0,0.05999999999999961,-1.6999999999999318,-7.0,12.919999999999998,20.6,2.3400000000000007,5.47,7.61,7.6800000000000015,-15.6,-1.7700000000000045,3.0,75.7,60.1,May,23.400000000000006
Adelaide,9.1,20.1,0.0,5.47,7.61,WSW,28.0,9.0,11.0,70.0,47.0,1021.0,1018.8,4.45,4.51,13.6,19.7,0,0,11.000000000000002,-23.0,0.05999999999999961,-2.2000000000000455,2.0,13.14,20.15,2.3600000000000003,5.47,7.61,7.01,-14.4,-1.7,1.2,74.1,59.7,May,23.600000000000005
Adelaide,13.0,18.5,0.0,5.47,7.61,WSW,31.0,7.0,15.0,79.0,63.0,1021.0,1019.3,4.45,4.51,15.1,17.9,0,0,5.5,-16.0,0.05999999999999961,-1.7000000000000455,8.0,12.41,20.19,2.3200000000000003,5.47,7.61,7.779999999999999,-18.1,-1.5800000000000067,1.4,73.3,55.2,May,23.200000000000003
Adelaide,14.0,18.9,0.2,5.47,7.61,NW,17.0,0.0,2.0,87.0,64.0,1024.0,1021.6,4.45,4.51,15.7,18.5,0,0,4.899999999999999,-23.0,0.05999999999999961,-2.3999999999999773,2.0,12.4,20.23,2.24,5.47,7.61,7.83,-19.7,-1.7000000000000113,1.6,73.7,54.0,May,22.400000000000002
Adelaide,13.9,24.3,0.0,5.47,7.61,N,33.0,9.0,11.0,50.0,34.0,1020.8,1015.6,4.45,4.51,17.7,23.4,0,0,10.4,-16.0,0.05999999999999961,-5.199999999999932,2.0,12.39,20.29,0.6600000000000005,5.47,7.61,7.9,-20.2,-2.240000000000009,2.2,75.6,55.4,May,6.600000000000005
Adelaide,17.7,23.2,0.0,5.47,7.61,WNW,57.0,13.0,13.0,36.0,69.0,1009.3,1010.2,4.45,4.51,20.5,17.1,0,1,5.5,33.0,0.05999999999999961,0.900000000000091,0.0,12.45,20.82,0.6000000000000005,5.47,7.61,8.370000000000001,-22.5,-2.6,3.2,73.7,51.2,May,6.000000000000005
Adelaide,10.8,19.0,7.2,5.47,7.61,W,35.0,13.0,11.0,63.0,59.0,1023.2,1022.7,4.45,4.51,15.9,18.1,1,0,8.2,-4.0,0.05999999999999961,-0.5,-2.0,12.69,21.270000000000003,0.1400000000000005,5.47,7.61,8.58,-17.4,-2.4199999999999933,2.6,68.0,50.6,May,1.4000000000000052
Adelaide,10.6,21.0,0.4,5.47,7.61,N,28.0,6.0,11.0,82.0,37.0,1023.7,1017.7,4.45,4.51,14.5,20.8,0,1,10.4,-45.0,0.05999999999999961,-6.0,5.0,12.709999999999999,21.03,0.8200000000000006,5.47,7.61,8.32,-13.7,-2.159999999999991,2.2,65.9,52.2,May,8.200000000000006
Adelaide,11.2,14.5,3.4,5.47,7.61,N,30.0,7.0,6.0,85.0,92.0,1013.0,1007.7,4.45,4.51,11.7,14.2,1,1,3.3000000000000007,7.0,0.05999999999999961,-5.2999999999999545,-1.0,12.66,20.82,0.8600000000000005,5.47,7.61,8.16,-15.9,-2.379999999999984,2.3,68.6,52.7,May,8.600000000000005
Adelaide,11.4,17.0,24.2,5.47,7.61,SW,28.0,0.0,13.0,89.0,54.0,1009.7,1009.8,4.45,4.51,13.1,16.4,1,1,5.6,-35.0,0.05999999999999961,0.09999999999990905,13.0,12.459999999999999,20.169999999999998,1.2000000000000006,5.47,7.61,7.710000000000001,-12.9,-2.7499999999999885,1.5,68.9,56.0,May,12.000000000000005
Adelaide,10.2,16.3,2.8,5.47,7.61,SW,48.0,13.0,19.0,82.0,71.0,1008.9,1006.8,4.45,4.51,13.8,12.9,1,1,6.100000000000001,-11.0,0.05999999999999961,-2.1000000000000227,6.0,12.59,19.630000000000003,3.560000000000001,5.47,7.61,7.039999999999999,-12.8,-2.399999999999989,2.2,69.5,56.7,May,35.60000000000001
Adelaide,9.1,17.0,17.0,5.47,7.61,W,26.0,9.0,7.0,63.0,54.0,1016.3,1016.6,4.45,4.51,12.8,15.7,1,0,7.9,-9.0,0.05999999999999961,0.3000000000000682,-2.0,12.190000000000001,19.28,3.8200000000000003,5.47,7.61,7.090000000000001,-13.3,-2.4399999999999977,3.5,72.3,59.0,May,38.2
Adelaide,8.9,16.3,0.0,5.47,7.61,NNE,26.0,9.0,7.0,52.0,55.0,1019.6,1017.7,4.45,4.51,12.9,15.5,0,1,7.4,3.0,0.05999999999999961,-1.8999999999999773,-2.0,12.19,18.97,5.5200000000000005,5.47,7.61,6.780000000000001,-11.9,-2.189999999999986,3.1,71.6,59.7,May,55.2
Adelaide,11.8,17.8,1.2,5.47,7.61,N,33.0,7.0,11.0,74.0,57.0,1019.7,1018.5,4.45,4.51,13.3,17.3,1,0,6.0,-17.0,0.05999999999999961,-1.2000000000000455,4.0,11.78,18.75,5.5200000000000005,5.47,7.61,6.970000000000001,-10.0,-2.2099999999999795,2.1,68.9,58.9,May,55.2
Adelaide,13.3,18.2,0.4,5.47,7.61,NNE,26.0,9.0,4.0,55.0,66.0,1023.8,1022.0,4.45,4.51,15.9,16.8,0,0,4.899999999999999,11.0,0.05999999999999961,-1.7999999999999545,-5.0,11.559999999999999,18.64,5.620000000000001,5.47,7.61,7.08,-9.4,-2.0899999999999865,2.3,67.6,58.2,May,56.20000000000001
Adelaide,9.5,20.0,0.2,5.47,7.61,NNE,20.0,6.0,7.0,70.0,49.0,1025.7,1023.0,4.45,4.51,14.8,19.3,0,0,10.5,-21.0,0.05999999999999961,-2.7000000000000455,1.0,11.5,18.03,5.660000000000001,5.47,7.61,6.529999999999999,-6.7,-1.7499999999999887,1.6,68.1,61.4,June,56.60000000000001
Adelaide,9.6,19.0,0.2,5.47,7.61,NNE,20.0,4.0,0.0,67.0,93.0,1024.4,1022.4,4.45,4.51,14.3,12.7,0,1,9.4,26.0,0.05999999999999961,-2.0000000000001137,-4.0,10.68,17.71,5.680000000000001,5.47,7.61,7.029999999999999,-12.1,-2.110000000000002,1.7,71.5,59.4,June,56.800000000000004
Adelaide,6.7,17.9,18.4,5.47,7.61,E,28.0,0.0,7.0,83.0,59.0,1023.2,1020.0,4.45,4.51,12.4,17.3,1,0,11.2,-24.0,0.05999999999999961,-3.2000000000000455,7.0,10.56,17.71,4.98,5.47,7.61,7.15,-9.1,-2.2600000000000136,1.5,71.9,62.8,June,49.800000000000004
Adelaide,5.7,16.7,0.0,5.47,7.61,WSW,24.0,0.0,13.0,82.0,65.0,1018.8,1013.8,4.45,4.51,10.3,15.7,0,0,11.0,-17.0,0.05999999999999961,-5.0,13.0,10.169999999999998,17.4,6.780000000000001,5.47,7.61,7.2299999999999995,-7.0,-1.9800000000000182,1.7,72.0,65.0,June,67.80000000000001
Adelaide,9.7,15.8,0.2,5.47,7.61,W,44.0,11.0,20.0,85.0,66.0,1007.7,1005.5,4.45,4.51,11.6,15.1,0,1,6.100000000000001,-19.0,0.05999999999999961,-2.2000000000000455,9.0,9.620000000000001,17.619999999999997,6.44,5.47,7.61,8.0,-9.4,-1.9500000000000228,3.1,71.7,62.3,June,64.4
Adelaide,10.8,15.9,11.4,5.47,7.61,W,50.0,13.0,20.0,93.0,66.0,1006.8,1007.2,4.45,4.51,12.6,15.3,1,1,5.1,-27.0,0.05999999999999961,0.40000000000009095,7.0,9.45,17.5,4.040000000000001,5.47,7.61,8.05,-7.8,-2.1800000000000184,2.7,71.3,63.5,June,40.400000000000006
Adelaide,12.0,17.0,1.6,5.47,7.61,SW,30.0,13.0,13.0,71.0,63.0,1011.8,1009.9,4.45,4.51,14.3,15.4,1,1,5.0,-8.0,0.05999999999999961,-1.8999999999999773,0.0,9.51,17.46,4.9,5.47,7.61,7.95,-9.4,-1.9300000000000068,2.8,72.4,63.0,June,49.00000000000001
Adelaide,11.6,18.0,3.8,5.47,7.61,N,50.0,13.0,17.0,93.0,65.0,1002.4,998.5,4.45,4.51,12.3,17.8,1,1,6.4,-28.0,0.05999999999999961,-3.8999999999999773,4.0,9.8,17.46,3.3600000000000003,5.47,7.61,7.659999999999999,-9.3,-2.1500000000000115,3.0,73.2,63.9,June,33.6
Adelaide,11.6,15.7,5.2,5.47,7.61,SSW,50.0,15.0,19.0,88.0,65.0,1005.6,1013.9,4.45,4.51,14.4,14.7,1,1,4.1,-23.0,0.05999999999999961,8.299999999999955,4.0,10.07,17.630000000000003,3.7400000000000007,5.47,7.61,7.56,-12.4,-2.350000000000011,3.6,77.3,64.9,June,37.400000000000006
Adelaide,12.3,16.2,2.4,5.47,7.61,NW,39.0,9.0,17.0,74.0,70.0,1021.7,1021.7,4.45,4.51,13.7,15.5,1,1,3.8999999999999986,-4.0,0.05999999999999961,0.0,8.0,10.05,17.419999999999998,4.140000000000001,5.47,7.61,7.37,-13.0,-1.4000000000000115,3.6,78.7,65.7,June,41.400000000000006
Adelaide,7.6,16.1,1.8,5.47,7.61,SW,35.0,0.0,9.0,77.0,57.0,1030.6,1031.2,4.45,4.51,12.3,15.4,1,0,8.500000000000002,-20.0,0.05999999999999961,0.6000000000001364,9.0,9.95,17.22,4.340000000000001,5.47,7.61,7.269999999999999,-14.5,-1.220000000000016,4.9,80.6,66.1,June,43.400000000000006
Adelaide,5.8,15.4,0.0,5.47,7.61,ESE,20.0,0.0,9.0,75.0,42.0,1038.3,1035.2,4.45,4.51,10.5,14.7,0,0,9.600000000000001,-33.0,0.05999999999999961,-3.099999999999909,9.0,9.760000000000002,16.830000000000002,4.5,5.47,7.61,7.07,-14.4,-0.8899999999999977,5.7,81.3,66.9,June,45.0
Adelaide,3.6,14.7,0.0,5.47,7.61,NNE,30.0,9.0,9.0,58.0,40.0,1034.2,1030.6,4.45,4.51,8.6,13.7,0,0,11.1,-18.0,0.05999999999999961,-3.6000000000001364,0.0,9.379999999999999,16.470000000000002,4.4799999999999995,5.47,7.61,7.090000000000001,-20.3,-0.9999999999999772,7.0,82.1,61.8,June,44.8
Adelaide,5.3,20.8,0.0,5.47,7.61,NNE,19.0,0.0,9.0,71.0,47.0,1033.4,1030.9,4.45,4.51,12.7,20.1,0,0,15.5,-24.0,0.05999999999999961,-2.5,9.0,9.07,16.15,2.64,5.47,7.61,7.08,-19.7,-1.0399999999999863,6.3,79.6,59.9,June,26.400000000000002
Adelaide,9.0,20.3,0.0,5.47,7.61,NNE,30.0,4.0,13.0,56.0,41.0,1029.9,1024.5,4.45,4.51,13.6,20.0,0,1,11.3,-15.0,0.05999999999999961,-5.400000000000091,9.0,9.03,16.560000000000002,2.64,5.47,7.61,7.529999999999999,-20.4,-0.7899999999999864,5.9,78.5,58.1,June,26.400000000000002
Adelaide,13.4,16.0,2.4,5.47,7.61,NE,33.0,9.0,9.0,77.0,82.0,1015.4,1010.1,4.45,4.51,15.3,15.1,1,1,2.5999999999999996,5.0,0.05999999999999961,-5.2999999999999545,0.0,8.959999999999999,17.009999999999998,2.62,5.47,7.61,8.05,-20.0,-1.109999999999991,5.9,75.6,55.6,June,26.200000000000003
Adelaide,13.6,17.1,4.0,5.47,7.61,S,20.0,0.0,7.0,96.0,71.0,1013.3,1012.9,4.45,4.51,14.6,16.4,1,0,3.5000000000000018,-25.0,0.05999999999999961,-0.39999999999997726,7.0,9.22,17.02,1.7200000000000002,5.47,7.61,7.8,-16.8,-1.6799999999999955,5.2,74.0,57.2,June,17.200000000000003
Adelaide,11.0,15.4,0.0,5.47,7.61,E,28.0,7.0,11.0,58.0,53.0,1019.7,1018.4,4.45,4.51,12.9,14.8,0,0,4.4,-5.0,0.05999999999999961,-1.3000000000000682,4.0,9.379999999999999,17.029999999999998,1.9600000000000002,5.47,7.61,7.65,-18.5,-1.5299999999999954,5.9,76.5,58.0,June,19.6
Adelaide,7.0,15.1,0.0,5.47,7.61,S,20.0,0.0,7.0,78.0,56.0,1019.1,1015.1,4.45,4.51,11.4,14.3,0,0,8.1,-22.0,0.05999999999999961,-4.0,7.0,9.319999999999999,16.77,1.5800000000000003,5.47,7.61,7.45,-16.2,-1.2700000000000045,5.9,73.0,56.8,June,15.800000000000002
Adelaide,6.2,15.0,0.6,5.47,7.61,WNW,26.0,4.0,11.0,92.0,86.0,1013.1,1009.8,4.45,4.51,10.5,12.7,0,1,8.8,-6.0,0.05999999999999961,-3.300000000000068,7.0,8.86,16.71,1.0600000000000003,5.47,7.61,7.85,-16.1,-2.5,6.2,72.0,55.9,June,10.600000000000003
Adelaide,9.7,14.2,3.8,5.47,7.61,WNW,39.0,11.0,9.0,87.0,94.0,1003.2,1001.4,4.45,4.51,11.1,13.5,1,1,4.5,7.0,0.05999999999999961,-1.8000000000000682,-2.0,8.25,16.589999999999996,0.8800000000000002,5.47,7.61,8.34,-16.3,-2.8300000000000067,6.1,73.8,57.5,June,8.800000000000002
Adelaide,10.2,16.5,11.8,5.47,7.61,WNW,39.0,9.0,17.0,67.0,63.0,1010.3,1010.0,4.45,4.51,13.5,15.5,1,1,6.300000000000001,-4.0,0.05999999999999961,-0.2999999999999545,8.0,8.459999999999999,16.4,1.0800000000000003,5.47,7.61,7.94,-13.6,-3.0700000000000274,5.0,74.8,61.2,June,10.800000000000002
Adelaide,10.8,12.6,2.6,5.47,7.61,NNW,48.0,17.0,17.0,76.0,95.0,1005.1,1002.6,4.45,4.51,11.6,10.1,1,1,1.799999999999999,19.0,0.05999999999999961,-2.5,0.0,8.9,16.509999999999998,2.2600000000000002,5.47,7.61,7.610000000000001,-10.7,-2.790000000000032,4.9,74.0,63.3,June,22.6
Adelaide,7.5,12.8,20.0,5.47,7.61,WSW,63.0,22.0,19.0,61.0,58.0,1015.0,1018.2,4.45,4.51,10.1,12.6,1,0,5.300000000000001,-3.0,0.05999999999999961,3.2000000000000455,-3.0,9.620000000000001,16.3,2.5200000000000005,5.47,7.61,6.6800000000000015,-7.0,-2.6800000000000184,4.9,75.8,68.8,June,25.200000000000003
Adelaide,4.2,13.6,0.6,5.47,7.61,N,22.0,2.0,9.0,84.0,60.0,1025.5,1022.4,4.45,4.51,8.8,12.5,0,0,9.399999999999999,-24.0,0.05999999999999961,-3.1000000000000227,7.0,9.84,15.5,4.5200000000000005,5.47,7.61,5.66,-4.9,-2.1100000000000136,3.7,74.8,69.9,June,45.2
Adelaide,8.8,14.3,0.0,5.47,7.61,W,30.0,9.0,17.0,64.0,63.0,1019.1,1016.0,4.45,4.51,10.5,12.6,0,1,5.5,-1.0,0.05999999999999961,-3.1000000000000227,8.0,9.360000000000001,14.830000000000002,4.58,5.47,7.61,5.470000000000001,-5.8,-1.8800000000000068,3.5,77.6,71.8,June,45.800000000000004
Adelaide,8.5,15.4,2.6,5.47,7.61,SW,24.0,2.0,9.0,94.0,54.0,1021.2,1021.4,4.45,4.51,10.4,14.9,1,0,6.9,-40.0,0.05999999999999961,0.1999999999999318,7.0,8.9,14.66,4.340000000000001,5.47,7.61,5.76,-6.4,-1.6600000000000137,4.3,76.3,69.9,June,43.400000000000006
Adelaide,8.9,16.2,0.0,5.47,7.61,WNW,28.0,9.0,11.0,76.0,56.0,1027.5,1026.2,4.45,4.51,10.5,15.6,0,0,7.299999999999999,-20.0,0.05999999999999961,-1.2999999999999545,2.0,8.39,14.49,4.200000000000001,5.47,7.61,6.1,-7.9,-1.6000000000000227,4.3,76.1,68.2,June,42.00000000000001
Adelaide,6.2,13.2,0.0,5.47,7.61,NNW,50.0,11.0,22.0,62.0,54.0,1025.1,1019.2,4.45,4.51,11.2,13.0,0,1,6.999999999999999,-8.0,0.05999999999999961,-5.899999999999864,11.0,8.180000000000001,14.569999999999999,4.200000000000001,5.47,7.61,6.389999999999999,-9.4,-1.6000000000000114,4.1,77.9,68.5,June,42.00000000000001
Adelaide,9.9,14.4,1.6,5.47,7.61,W,50.0,17.0,24.0,87.0,53.0,1012.9,1014.9,4.45,4.51,12.1,13.2,1,1,4.5,-34.0,0.05999999999999961,2.0,7.0,8.1,14.38,4.200000000000001,5.47,7.61,6.279999999999999,-8.0,-1.7899999999999978,4.5,76.3,68.3,June,42.00000000000001
Adelaide,6.1,14.2,2.6,5.47,7.61,WNW,24.0,6.0,7.0,90.0,69.0,1026.1,1025.8,4.45,4.51,9.1,14.2,1,1,8.1,-21.0,0.05999999999999961,-0.2999999999999545,1.0,8.47,14.320000000000002,4.3,5.47,7.61,5.85,-10.8,-1.259999999999991,4.5,75.8,65.0,July,43.0
Adelaide,9.1,15.7,1.4,5.47,7.61,W,30.0,6.0,11.0,94.0,63.0,1030.2,1028.6,4.45,4.51,11.8,15.5,1,0,6.6,-31.0,0.05999999999999961,-1.6000000000001364,5.0,8.11,14.319999999999999,4.180000000000001,5.47,7.61,6.209999999999999,-13.6,-1.1099999999999794,4.8,76.1,62.5,July,41.800000000000004
Adelaide,10.2,15.8,0.0,5.47,7.61,NNW,28.0,11.0,11.0,75.0,55.0,1027.1,1022.1,4.45,4.51,11.0,15.3,0,0,5.600000000000001,-20.0,0.05999999999999961,-4.999999999999886,0.0,8.0,14.239999999999998,3.14,5.47,7.61,6.24,-16.3,-1.2399999999999978,4.5,78.8,62.5,July,31.400000000000002
Adelaide,9.6,11.5,0.2,5.47,7.61,W,43.0,9.0,19.0,86.0,90.0,1015.0,1010.0,4.45,4.51,10.0,10.1,0,1,1.9000000000000004,4.0,0.05999999999999961,-5.0,10.0,7.94,14.559999999999999,2.8800000000000003,5.47,7.61,6.619999999999999,-20.2,-1.4899999999999864,4.5,78.7,58.5,July,28.800000000000004
Adelaide,6.2,14.0,37.6,5.47,7.61,SSW,57.0,7.0,17.0,95.0,85.0,1016.8,1018.8,4.45,4.51,10.2,12.1,1,1,7.8,-10.0,0.05999999999999961,2.0,10.0,8.15,14.429999999999998,0.9000000000000004,5.47,7.61,6.279999999999999,-19.5,-2.3099999999999907,5.8,81.2,61.7,July,9.000000000000004
Adelaide,6.2,14.5,2.4,5.47,7.61,SW,24.0,0.0,7.0,97.0,75.0,1024.7,1023.4,4.45,4.51,9.0,13.7,1,1,8.3,-22.0,0.05999999999999961,-1.3000000000000682,7.0,8.35,14.469999999999999,4.6000000000000005,5.47,7.61,6.119999999999999,-18.1,-1.7999999999999887,6.1,82.3,64.2,July,46.00000000000001
Adelaide,5.4,14.7,1.6,5.47,7.61,W,22.0,0.0,9.0,93.0,65.0,1024.8,1021.6,4.45,4.51,7.7,13.4,1,0,9.299999999999999,-28.0,0.05999999999999961,-3.199999999999932,9.0,8.09,14.49,4.840000000000001,5.47,7.61,6.4,-20.2,-1.6199999999999932,6.0,85.6,65.4,July,48.400000000000006
Adelaide,3.1,14.4,0.0,5.47,7.61,WNW,17.0,0.0,6.0,81.0,66.0,1023.6,1022.5,4.45,4.51,7.6,13.3,0,0,11.3,-15.0,0.05999999999999961,-1.1000000000000227,6.0,7.779999999999999,14.419999999999998,4.74,5.47,7.61,6.640000000000001,-19.0,-1.9599999999999795,6.2,85.5,66.5,July,47.400000000000006
Adelaide,4.7,14.4,0.0,5.47,7.61,NNE,37.0,7.0,11.0,65.0,55.0,1023.8,1018.1,4.45,4.51,10.7,13.7,0,1,9.7,-10.0,0.05999999999999961,-5.699999999999932,4.0,7.2,14.24,4.74,5.47,7.61,7.040000000000001,-18.5,-1.9399999999999864,6.6,86.0,67.5,July,47.400000000000006
Adelaide,10.7,15.9,6.6,5.47,7.61,NNE,46.0,17.0,20.0,64.0,67.0,1008.6,1004.6,4.45,4.51,13.5,15.0,1,1,5.200000000000001,3.0,0.05999999999999961,-4.0,3.0,7.05,14.360000000000003,4.74,5.47,7.61,7.3100000000000005,-18.7,-1.9199999999999933,5.9,86.3,67.6,July,47.400000000000006
Adelaide,10.4,15.8,1.4,5.47,7.61,NNW,44.0,19.0,20.0,64.0,66.0,1005.5,1003.8,4.45,4.51,11.7,15.1,1,1,5.4,2.0,0.05999999999999961,-1.7000000000000455,1.0,7.13,14.51,5.24,5.47,7.61,7.380000000000001,-15.0,-2.5199999999999934,5.5,84.0,69.0,July,52.400000000000006
Adelaide,8.0,11.0,6.0,5.47,7.61,SW,70.0,22.0,30.0,62.0,60.0,1006.7,1011.0,4.45,4.51,9.8,9.4,1,1,3.0,-2.0,0.05999999999999961,4.2999999999999545,8.0,7.5600000000000005,14.669999999999998,5.120000000000001,5.47,7.61,7.110000000000001,-12.7,-2.6600000000000024,5.5,81.4,68.7,July,51.20000000000001
Adelaide,6.4,13.8,7.0,5.47,7.61,W,48.0,15.0,17.0,61.0,54.0,1026.9,1028.9,4.45,4.51,11.0,13.2,1,0,7.4,-7.0,0.05999999999999961,2.0,2.0,7.45,14.2,5.58,5.47,7.61,6.75,-9.8,-2.069999999999993,5.8,78.2,68.4,July,55.800000000000004
Adelaide,6.0,13.7,0.6,5.47,7.61,NNW,26.0,6.0,15.0,88.0,58.0,1034.5,1032.3,4.45,4.51,8.3,13.3,0,0,7.699999999999999,-30.0,0.05999999999999961,-2.2000000000000455,9.0,7.07,14.0,6.28,5.47,7.61,6.93,-8.5,-1.3700000000000045,6.0,76.8,68.3,July,62.800000000000004
Adelaide,7.3,14.3,0.2,5.47,7.61,WNW,22.0,6.0,6.0,58.0,46.0,1034.7,1032.0,4.45,4.51,10.2,13.8,0,0,7.000000000000001,-12.0,0.05999999999999961,-2.7000000000000455,0.0,6.709999999999999,14.219999999999999,6.320000000000001,5.47,7.61,7.510000000000001,-11.9,-1.0900000000000092,5.9,77.0,65.1,July,63.20000000000001
Adelaide,2.0,16.1,0.0,5.47,7.61,N,20.0,0.0,6.0,73.0,40.0,1032.2,1028.4,4.45,4.51,7.4,16.0,0,0,14.100000000000001,-33.0,0.05999999999999961,-3.7999999999999545,6.0,6.82,14.25,2.580000000000001,5.47,7.61,7.43,-12.1,-1.5600000000000136,4.9,73.3,61.2,July,25.800000000000008
Adelaide,2.8,16.9,0.0,5.47,7.61,NE,28.0,7.0,15.0,65.0,36.0,1026.1,1021.6,4.45,4.51,10.5,16.2,0,0,14.099999999999998,-29.0,0.05999999999999961,-4.499999999999886,8.0,6.4,14.41,2.3400000000000007,5.47,7.61,8.01,-13.2,-1.8100000000000023,4.8,70.9,57.7,July,23.40000000000001
Adelaide,8.8,19.9,0.0,5.47,7.61,N,26.0,6.0,15.0,66.0,47.0,1021.5,1019.3,4.45,4.51,13.9,18.3,0,0,11.099999999999998,-19.0,0.05999999999999961,-2.2000000000000455,9.0,6.140000000000001,14.63,2.1800000000000006,5.47,7.61,8.49,-13.3,-1.9399999999999977,4.7,68.1,54.8,July,21.800000000000008
Adelaide,8.7,20.2,0.0,5.47,7.61,WSW,19.0,0.0,9.0,83.0,58.0,1021.7,1019.4,4.45,4.51,11.5,17.9,0,1,11.5,-25.0,0.05999999999999961,-2.300000000000068,9.0,6.709999999999999,15.180000000000001,2.1800000000000006,5.47,7.61,8.47,-13.7,-2.05,5.0,66.6,52.9,July,21.800000000000008
Adelaide,11.4,18.5,5.0,5.47,7.61,NE,22.0,4.0,11.0,76.0,70.0,1020.4,1018.5,4.45,4.51,15.6,17.3,1,0,7.1,-6.0,0.05999999999999961,-1.8999999999999773,7.0,7.109999999999999,15.76,2.1800000000000006,5.47,7.61,8.65,-15.2,-1.7100000000000137,5.5,68.4,53.2,July,21.800000000000008
Adelaide,13.0,22.7,0.0,5.47,7.61,WNW,37.0,7.0,15.0,73.0,61.0,1014.1,1008.6,4.45,4.51,16.8,21.8,0,0,9.7,-12.0,0.05999999999999961,-5.5,8.0,7.18,16.02,2.0200000000000005,5.47,7.61,8.84,-16.1,-1.5000000000000113,5.9,69.6,53.5,July,20.200000000000006
Adelaide,14.0,15.7,0.6,5.47,7.61,W,72.0,15.0,17.0,81.0,85.0,1004.4,1000.8,4.45,4.51,14.2,13.1,0,1,1.6999999999999993,4.0,0.05999999999999961,-3.6000000000000227,2.0,7.4399999999999995,16.71,1.8800000000000008,5.47,7.61,9.27,-17.5,-1.8800000000000068,6.6,70.5,53.0,July,18.800000000000008
Adelaide,9.2,13.9,4.2,5.47,7.61,W,41.0,4.0,13.0,77.0,49.0,1014.3,1015.1,4.45,4.51,10.2,13.2,1,0,4.700000000000001,-28.0,0.05999999999999961,0.8000000000000682,9.0,8.04,17.18,1.3400000000000007,5.47,7.61,9.139999999999999,-16.9,-2.6700000000000044,6.0,72.4,55.5,July,13.400000000000007
Adelaide,6.2,13.1,0.0,5.47,7.61,W,65.0,17.0,20.0,73.0,65.0,1008.6,1008.5,4.45,4.51,10.0,12.3,0,1,6.8999999999999995,-8.0,0.05999999999999961,-0.10000000000002274,3.0,8.32,17.19,1.0600000000000007,5.47,7.61,8.870000000000001,-19.0,-2.789999999999998,6.7,74.0,55.0,July,10.600000000000007
Adelaide,7.4,12.7,11.4,5.47,7.61,WSW,46.0,15.0,20.0,75.0,87.0,1015.8,1012.2,4.45,4.51,12.0,12.4,1,1,5.299999999999999,12.0,0.05999999999999961,-3.599999999999909,5.0,8.34,17.13,1.0000000000000007,5.47,7.61,8.79,-16.8,-2.5799999999999956,6.1,72.5,55.7,July,10.000000000000007
Adelaide,8.1,11.8,8.8,5.47,7.61,NNW,46.0,7.0,13.0,82.0,82.0,1016.0,1010.5,4.45,4.51,9.4,10.6,1,1,3.700000000000001,0.0,0.05999999999999961,-5.5,6.0,8.35,16.97,2.1200000000000006,5.47,7.61,8.62,-14.4,-2.6699999999999817,6.6,74.2,59.8,July,21.200000000000006
Adelaide,9.1,14.1,10.4,5.47,7.61,SW,39.0,9.0,13.0,68.0,57.0,1022.7,1025.3,4.45,4.51,11.3,13.2,1,0,5.0,-11.0,0.05999999999999961,2.599999999999909,4.0,8.959999999999999,16.54,3.000000000000001,5.47,7.61,7.58,-11.1,-2.8399999999999865,6.6,75.1,64.0,July,30.000000000000007
Adelaide,10.4,14.2,0.2,5.47,7.61,W,24.0,9.0,11.0,82.0,63.0,1029.5,1027.5,4.45,4.51,12.4,13.7,0,0,3.799999999999999,-19.0,0.05999999999999961,-2.0,2.0,9.59,16.259999999999998,4.040000000000001,5.47,7.61,6.669999999999999,-9.3,-2.130000000000007,6.2,75.4,66.1,July,40.400000000000006
Adelaide,9.7,16.1,0.0,5.47,7.61,NW,20.0,0.0,9.0,78.0,61.0,1026.5,1023.2,4.45,4.51,10.5,14.9,0,0,6.400000000000002,-17.0,0.05999999999999961,-3.2999999999999545,9.0,9.75,15.690000000000001,4.0600000000000005,5.47,7.61,5.9399999999999995,-9.3,-2.110000000000002,5.5,77.0,67.7,July,40.60000000000001
Adelaide,9.2,17.4,0.0,5.47,7.61,N,44.0,17.0,13.0,48.0,57.0,1018.6,1013.8,4.45,4.51,14.0,16.1,0,1,8.2,9.0,0.05999999999999961,-4.800000000000068,-4.0,9.85,15.280000000000001,4.0600000000000005,5.47,7.61,5.43,-8.5,-2.209999999999991,5.5,76.5,68.0,July,40.60000000000001
Adelaide,12.0,16.8,3.8,5.47,7.61,N,26.0,9.0,13.0,87.0,74.0,1016.9,1012.5,4.45,4.51,13.5,16.4,1,1,4.800000000000001,-13.0,0.05999999999999961,-4.399999999999977,4.0,9.63,15.169999999999998,3.560000000000001,5.47,7.61,5.54,-7.0,-2.5,4.4,73.7,66.7,July,35.60000000000001
Adelaide,11.8,13.9,11.0,5.47,7.61,SSW,44.0,9.0,11.0,94.0,79.0,1013.5,1014.8,4.45,4.51,12.7,12.5,1,1,2.0999999999999996,-15.0,0.05999999999999961,1.2999999999999545,2.0,9.530000000000001,14.579999999999998,3.9400000000000004,5.47,7.61,5.05,-7.1,-2.389999999999998,4.0,75.1,68.0,August,39.400000000000006
Adelaide,4.8,14.9,1.8,5.47,7.61,SSW,35.0,9.0,24.0,69.0,63.0,1027.2,1026.4,4.45,4.51,10.0,13.6,1,0,10.100000000000001,-6.0,0.05999999999999961,-0.7999999999999545,15.0,9.31,14.4,4.98,5.47,7.61,5.09,-9.0,-1.9,4.0,76.4,67.4,August,49.800000000000004
Adelaide,6.5,15.2,0.0,5.47,7.61,E,81.0,9.0,9.0,77.0,48.0,1030.7,1029.2,4.45,4.51,11.6,13.9,0,0,8.7,-29.0,0.05999999999999961,-1.5,0.0,8.870000000000001,14.5,4.740000000000001,5.47,7.61,5.630000000000001,-6.8,-2.0600000000000023,4.6,75.6,68.8,August,47.40000000000001
Adelaide,5.4,12.6,0.4,5.47,7.61,NE,22.0,0.0,7.0,78.0,50.0,1031.2,1029.5,4.45,4.51,9.5,12.1,0,0,7.199999999999999,-28.0,0.05999999999999961,-1.7000000000000455,7.0,8.9,14.709999999999999,4.740000000000001,5.47,7.61,5.8100000000000005,-8.9,-2.2,4.3,76.0,67.1,August,47.40000000000001
Adelaide,3.7,14.7,0.0,5.47,7.61,N,24.0,6.0,7.0,60.0,46.0,1030.4,1027.8,4.45,4.51,10.0,14.2,0,0,11.0,-14.0,0.05999999999999961,-2.6000000000001364,1.0,8.7,14.7,3.6400000000000015,5.47,7.61,6.0,-12.9,-2.0100000000000136,4.5,76.3,63.4,August,36.40000000000001
Adelaide,3.4,17.2,0.0,5.47,7.61,NNW,28.0,6.0,13.0,60.0,40.0,1026.6,1023.5,4.45,4.51,11.2,16.2,0,0,13.799999999999999,-20.0,0.05999999999999961,-3.099999999999909,7.0,8.26,14.99,2.7600000000000007,5.47,7.61,6.7299999999999995,-14.3,-1.7200000000000273,4.0,74.1,59.8,August,27.60000000000001
Adelaide,5.0,19.5,0.0,5.47,7.61,N,31.0,9.0,17.0,49.0,36.0,1023.6,1020.8,4.45,4.51,13.5,19.0,0,0,14.5,-13.0,0.05999999999999961,-2.800000000000068,8.0,7.69,15.3,1.720000000000001,5.47,7.61,7.609999999999999,-15.2,-2.290000000000009,4.3,73.3,58.1,August,17.20000000000001
Adelaide,12.8,22.0,0.0,5.47,7.61,NNE,37.0,11.0,13.0,35.0,36.0,1019.6,1015.9,4.45,4.51,17.1,21.4,0,0,9.2,1.0,0.05999999999999961,-3.7000000000000455,2.0,7.15,15.829999999999998,1.7000000000000006,5.47,7.61,8.68,-14.6,-2.370000000000016,4.9,70.0,55.4,August,17.000000000000007
Adelaide,13.2,18.7,0.6,5.47,7.61,WSW,57.0,9.0,19.0,70.0,78.0,1008.9,1007.7,4.45,4.51,14.0,12.6,0,1,5.5,8.0,0.05999999999999961,-1.1999999999999318,10.0,7.459999999999999,16.419999999999998,1.7000000000000006,5.47,7.61,8.959999999999999,-12.8,-2.410000000000025,4.2,65.7,52.9,August,17.000000000000007
Adelaide,9.1,15.0,3.6,5.47,7.61,NW,56.0,17.0,31.0,78.0,74.0,1013.6,1013.6,4.45,4.51,11.6,13.2,1,1,5.9,-4.0,0.05999999999999961,0.0,14.0,7.860000000000001,16.55,1.7600000000000005,5.47,7.61,8.690000000000001,-12.9,-2.0500000000000114,5.6,67.9,55.0,August,17.600000000000005
Adelaide,6.2,16.0,8.2,5.47,7.61,WSW,39.0,4.0,11.0,86.0,53.0,1023.2,1022.8,4.45,4.51,11.3,15.1,1,0,9.8,-33.0,0.05999999999999961,-0.40000000000009095,7.0,7.5699999999999985,16.369999999999997,1.7400000000000007,5.47,7.61,8.8,-12.0,-1.6100000000000136,6.6,67.0,55.0,August,17.400000000000006
Adelaide,8.1,18.0,0.0,5.47,7.61,NNW,48.0,13.0,15.0,65.0,47.0,1021.2,1018.5,4.45,4.51,12.2,17.8,0,0,9.9,-18.0,0.05999999999999961,-2.7000000000000455,2.0,7.01,16.58,1.4600000000000006,5.47,7.61,9.57,-13.8,-1.7800000000000182,7.1,66.2,52.4,August,14.600000000000007
Adelaide,7.9,15.8,0.0,5.47,7.61,WNW,30.0,4.0,11.0,96.0,56.0,1025.7,1024.9,4.45,4.51,10.2,15.3,0,0,7.9,-40.0,0.05999999999999961,-0.7999999999999545,7.0,7.340000000000001,16.889999999999997,1.2800000000000007,5.47,7.61,9.55,-15.0,-1.9700000000000273,5.8,65.8,50.8,August,12.800000000000006
Adelaide,7.8,17.0,0.0,5.47,7.61,WNW,20.0,9.0,9.0,75.0,42.0,1030.6,1028.3,4.45,4.51,11.2,16.5,0,0,9.2,-33.0,0.05999999999999961,-2.2999999999999545,0.0,7.4799999999999995,16.95,1.2800000000000007,5.47,7.61,9.47,-16.1,-1.9000000000000228,6.5,67.7,51.6,August,12.800000000000006
Adelaide,4.8,20.8,0.0,5.47,7.61,NNW,26.0,9.0,13.0,47.0,33.0,1028.9,1025.0,4.45,4.51,14.8,20.5,0,0,16.0,-14.0,0.05999999999999961,-3.900000000000091,4.0,7.719999999999999,17.39,1.2400000000000007,5.47,7.61,9.67,-16.6,-1.9600000000000137,5.8,67.4,50.8,August,12.400000000000007
Adelaide,10.2,22.6,0.0,5.47,7.61,N,41.0,15.0,15.0,33.0,29.0,1022.3,1018.9,4.45,4.51,17.6,20.5,0,0,12.400000000000002,-4.0,0.05999999999999961,-3.3999999999999773,0.0,7.830000000000001,18.0,1.2400000000000007,5.47,7.61,10.17,-16.6,-2.090000000000009,6.1,66.1,49.5,August,12.400000000000007
Adelaide,7.8,21.8,0.8,5.47,7.61,NNE,26.0,0.0,13.0,65.0,40.0,1022.8,1018.8,4.45,4.51,14.8,20.9,0,0,14.0,-25.0,0.05999999999999961,-4.0,13.0,8.51,18.54,1.2400000000000007,5.47,7.61,10.030000000000001,-15.0,-2.120000000000016,5.4,63.4,48.4,August,12.400000000000007
Adelaide,12.2,24.7,0.0,5.47,7.61,NE,63.0,22.0,24.0,32.0,28.0,1010.8,1006.9,4.45,4.51,20.1,23.2,0,1,12.5,-4.0,0.05999999999999961,-3.8999999999999773,2.0,8.79,18.77,1.3200000000000007,5.47,7.61,9.98,-16.2,-2.240000000000009,5.9,65.0,48.8,August,13.200000000000008
Adelaide,8.6,14.3,16.8,5.47,7.61,W,57.0,11.0,19.0,87.0,84.0,1011.3,1012.3,4.45,4.51,10.4,9.8,1,1,5.700000000000001,-3.0,0.05999999999999961,1.0,8.0,8.73,19.04,1.3200000000000007,5.47,7.61,10.31,-16.7,-2.2600000000000025,5.9,64.7,48.0,August,13.200000000000008
Adelaide,7.6,15.6,7.0,5.47,7.61,W,41.0,15.0,11.0,72.0,81.0,1019.1,1018.2,4.45,4.51,12.1,13.1,1,0,8.0,9.0,0.05999999999999961,-0.8999999999999773,-4.0,8.27,18.6,2.9400000000000004,5.47,7.61,10.330000000000002,-17.8,-2.040000000000009,5.7,66.4,48.6,August,29.400000000000006
Adelaide,7.5,17.2,0.2,5.47,7.61,W,28.0,7.0,17.0,74.0,42.0,1017.8,1014.1,4.45,4.51,11.1,16.6,0,0,9.7,-32.0,0.05999999999999961,-3.699999999999932,10.0,8.120000000000001,18.660000000000004,3.280000000000001,5.47,7.61,10.540000000000001,-16.5,-2.130000000000007,3.9,65.8,49.3,August,32.80000000000001
Adelaide,4.8,17.6,0.0,5.47,7.61,WSW,20.0,2.0,13.0,57.0,38.0,1014.7,1013.4,4.45,4.51,12.0,16.5,0,0,12.8,-19.0,0.05999999999999961,-1.3000000000000682,11.0,8.25,18.78,2.4800000000000013,5.47,7.61,10.53,-16.4,-2.459999999999991,4.2,64.6,48.2,August,24.80000000000001
Adelaide,4.8,16.7,0.0,5.47,7.61,SE,24.0,7.0,13.0,72.0,53.0,1017.8,1015.6,4.45,4.51,11.7,15.1,0,0,11.899999999999999,-19.0,0.05999999999999961,-2.199999999999932,6.0,7.92,18.740000000000002,2.4800000000000013,5.47,7.61,10.820000000000002,-16.5,-2.319999999999993,5.1,63.8,47.3,August,24.80000000000001
Adelaide,6.9,16.6,0.0,5.47,7.61,WSW,26.0,0.0,7.0,70.0,52.0,1016.4,1014.6,4.45,4.51,11.7,14.0,0,0,9.700000000000001,-18.0,0.05999999999999961,-1.7999999999999545,7.0,7.609999999999999,18.830000000000002,2.4800000000000013,5.47,7.61,11.22,-14.4,-2.459999999999991,5.0,61.4,47.0,August,24.80000000000001
Adelaide,3.9,15.5,0.0,5.47,7.61,SSW,31.0,2.0,15.0,64.0,54.0,1020.6,1020.0,4.45,4.51,10.6,14.8,0,0,11.6,-10.0,0.05999999999999961,-0.6000000000000227,13.0,7.5200000000000005,18.79,2.4800000000000013,5.47,7.61,11.27,-12.9,-2.409999999999991,5.7,60.9,48.0,August,24.80000000000001
Adelaide,5.8,14.2,0.0,5.47,7.61,NW,20.0,2.0,9.0,77.0,47.0,1026.1,1023.6,4.45,4.51,9.3,13.3,0,0,8.399999999999999,-30.0,0.05999999999999961,-2.4999999999998863,7.0,7.4300000000000015,18.259999999999998,2.4800000000000013,5.47,7.61,10.83,-12.5,-2.079999999999984,6.6,62.6,50.1,August,24.80000000000001
Adelaide,3.9,18.4,0.0,5.47,7.61,N,35.0,9.0,15.0,50.0,28.0,1023.0,1018.9,4.45,4.51,12.5,17.3,0,0,14.499999999999998,-22.0,0.05999999999999961,-4.100000000000023,6.0,6.99,17.419999999999998,2.4800000000000013,5.47,7.61,10.43,-15.1,-1.989999999999975,7.3,67.0,51.9,August,24.80000000000001
Adelaide,7.9,21.8,0.0,5.47,7.61,NNE,37.0,11.0,17.0,30.0,30.0,1018.1,1013.8,4.45,4.51,17.2,21.5,0,1,13.9,0.0,0.05999999999999961,-4.300000000000068,6.0,6.6,17.08,2.4000000000000012,5.47,7.61,10.48,-14.8,-1.9999999999999774,6.6,65.5,50.7,August,24.00000000000001
Adelaide,12.8,22.4,1.6,5.47,7.61,NE,46.0,13.0,15.0,37.0,34.0,1016.3,1011.4,4.45,4.51,17.2,20.1,1,1,9.599999999999998,-3.0,0.05999999999999961,-4.899999999999977,2.0,6.17,16.79,2.4000000000000012,5.47,7.61,10.62,-14.4,-2.0399999999999863,7.0,65.3,50.9,August,24.00000000000001
Adelaide,12.7,19.9,5.8,5.47,7.61,NW,35.0,9.0,15.0,96.0,64.0,1012.9,1010.6,4.45,4.51,13.7,18.9,1,0,7.199999999999999,-32.0,0.05999999999999961,-2.2999999999999545,6.0,6.590000000000001,17.6,0.8800000000000011,5.47,7.61,11.01,-14.4,-2.629999999999984,6.4,60.3,45.9,August,8.800000000000011
Adelaide,11.9,16.8,1.0,5.47,7.61,SW,28.0,11.0,13.0,80.0,79.0,1018.5,1017.7,4.45,4.51,14.3,15.2,0,0,4.9,-1.0,0.05999999999999961,-0.7999999999999545,2.0,7.1,18.029999999999998,0.760000000000001,5.47,7.61,10.93,-18.5,-2.769999999999982,7.4,62.7,44.2,August,7.60000000000001
Adelaide,9.2,19.4,0.2,5.47,7.61,SSW,24.0,7.0,11.0,66.0,54.0,1018.0,1013.2,4.45,4.51,15.3,17.5,0,0,10.2,-12.0,0.05999999999999961,-4.7999999999999545,4.0,7.540000000000001,17.990000000000002,0.840000000000001,5.47,7.61,10.45,-15.4,-2.479999999999984,6.6,63.3,47.9,September,8.40000000000001
Adelaide,9.6,18.8,0.2,5.47,7.61,SW,31.0,2.0,15.0,68.0,57.0,1011.7,1009.2,4.45,4.51,14.8,17.4,0,0,9.200000000000001,-11.0,0.05999999999999961,-2.5,13.0,7.9799999999999995,18.169999999999998,0.860000000000001,5.47,7.61,10.19,-14.7,-2.8299999999999725,5.9,64.2,49.5,September,8.60000000000001
Adelaide,9.2,15.7,0.4,5.47,7.61,SW,50.0,15.0,26.0,83.0,54.0,1014.4,1016.8,4.45,4.51,13.2,14.4,0,0,6.5,-29.0,0.05999999999999961,2.3999999999999773,11.0,8.46,18.38,0.880000000000001,5.47,7.61,9.919999999999998,-13.9,-2.8599999999999794,6.6,63.8,49.9,September,8.80000000000001
Adelaide,8.7,17.1,1.0,5.47,7.61,WNW,24.0,4.0,13.0,77.0,54.0,1027.3,1026.9,4.45,4.51,12.3,16.1,0,0,8.400000000000002,-23.0,0.05999999999999961,-0.3999999999998636,9.0,8.690000000000001,18.29,0.920000000000001,5.47,7.61,9.6,-15.0,-2.439999999999986,7.0,65.1,50.1,September,9.20000000000001
Adelaide,6.4,20.1,0.0,5.47,7.61,N,24.0,9.0,9.0,66.0,40.0,1030.2,1026.8,4.45,4.51,13.4,19.2,0,0,13.700000000000001,-26.0,0.05999999999999961,-3.400000000000091,0.0,9.169999999999998,18.45,1.020000000000001,5.47,7.61,9.28,-16.3,-2.4199999999999706,6.6,66.4,50.1,September,10.20000000000001
Adelaide,8.2,22.6,0.0,5.47,7.61,ENE,22.0,9.0,6.0,43.0,34.0,1028.1,1025.0,4.45,4.51,17.2,22.1,0,0,14.400000000000002,-9.0,0.05999999999999961,-3.099999999999909,-3.0,9.23,19.04,1.020000000000001,5.47,7.61,9.809999999999999,-15.9,-2.509999999999991,5.9,65.3,49.4,September,10.20000000000001
Adelaide,11.6,25.0,0.0,5.47,7.61,N,46.0,13.0,22.0,36.0,30.0,1023.6,1017.9,4.45,4.51,20.0,24.5,0,1,13.4,-6.0,0.05999999999999961,-5.7000000000000455,9.0,9.66,19.46,1.020000000000001,5.47,7.61,9.8,-14.6,-2.4099999999999797,5.0,64.6,50.0,September,10.20000000000001
Adelaide,16.1,20.1,1.2,5.47,7.61,NNE,37.0,6.0,15.0,67.0,68.0,1015.0,1010.2,4.45,4.51,17.6,19.9,1,1,4.0,1.0,0.05999999999999961,-4.7999999999999545,9.0,10.03,19.779999999999998,1.020000000000001,5.47,7.61,9.75,-15.2,-2.549999999999977,5.3,65.2,50.0,September,10.20000000000001
Adelaide,10.7,16.7,30.4,5.47,7.61,SW,35.0,17.0,19.0,77.0,65.0,1015.2,1015.6,4.45,4.51,13.1,16.3,1,0,6.0,-12.0,0.05999999999999961,0.39999999999997726,2.0,10.36,19.55,0.9800000000000011,5.47,7.61,9.190000000000001,-14.8,-2.539999999999975,6.0,68.2,53.4,September,9.800000000000011
Adelaide,10.8,15.6,0.2,5.47,7.61,W,24.0,13.0,11.0,58.0,59.0,1022.7,1020.7,4.45,4.51,12.7,14.4,0,0,4.799999999999999,1.0,0.05999999999999961,-2.0,-2.0,10.16,19.23,3.4400000000000013,5.47,7.61,9.070000000000002,-12.8,-2.269999999999982,5.6,66.3,53.5,September,34.40000000000001
Adelaide,6.1,18.0,0.0,5.47,7.61,WNW,26.0,7.0,9.0,68.0,50.0,1021.2,1019.1,4.45,4.51,12.9,17.3,0,0,11.9,-18.0,0.05999999999999961,-2.1000000000000227,2.0,10.05,19.11,3.3600000000000008,5.47,7.61,9.06,-12.6,-2.3899999999999864,5.2,64.1,51.5,September,33.60000000000001
Adelaide,10.8,12.9,0.0,5.47,7.61,ESE,26.0,4.0,6.0,80.0,82.0,1020.4,1018.6,4.45,4.51,12.6,11.9,0,1,2.0999999999999996,2.0,0.05999999999999961,-1.7999999999999545,2.0,9.74,18.97,3.3400000000000007,5.47,7.61,9.23,-13.2,-2.119999999999993,5.0,64.3,51.1,September,33.400000000000006
Adelaide,9.0,13.7,6.2,5.47,7.61,SW,35.0,6.0,17.0,76.0,96.0,1016.4,1011.4,4.45,4.51,11.0,9.5,1,1,4.699999999999999,20.0,0.05999999999999961,-5.0,11.0,9.86,18.380000000000003,3.320000000000001,5.47,7.61,8.52,-11.9,-2.0499999999999887,3.9,65.5,53.6,September,33.20000000000001
Adelaide,8.6,11.9,15.6,5.47,7.61,WNW,61.0,30.0,26.0,84.0,92.0,1010.0,1008.6,4.45,4.51,9.0,10.6,1,1,3.3000000000000007,8.0,0.05999999999999961,-1.3999999999999773,-4.0,9.84,18.18,3.9000000000000012,5.47,7.61,8.34,-7.0,-2.7899999999999863,3.9,64.8,57.8,September,39.000000000000014
Adelaide,8.9,15.4,16.6,5.47,7.61,SW,31.0,13.0,15.0,85.0,56.0,1016.2,1015.2,4.45,4.51,11.8,14.1,1,0,6.5,-29.0,0.05999999999999961,-1.0,2.0,9.830000000000002,17.66,5.360000000000001,5.47,7.61,7.830000000000001,-3.9,-2.889999999999998,2.6,65.5,61.6,September,53.60000000000001
Adelaide,6.6,19.0,0.0,5.47,7.61,N,31.0,11.0,17.0,70.0,30.0,1018.8,1016.0,4.45,4.51,12.7,18.7,0,0,12.4,-40.0,0.05999999999999961,-2.7999999999999545,6.0,10.08,17.19,7.020000000000001,5.47,7.61,7.110000000000001,-4.2,-2.649999999999989,2.8,67.4,63.2,September,70.20000000000002
Adelaide,12.2,20.9,0.0,5.47,7.61,WSW,31.0,9.0,19.0,43.0,64.0,1015.0,1012.7,4.45,4.51,16.9,15.8,0,1,8.7,21.0,0.05999999999999961,-2.2999999999999545,10.0,9.919999999999998,16.830000000000002,7.020000000000001,5.47,7.61,6.909999999999999,-7.3,-2.619999999999993,3.7,70.1,62.8,September,70.20000000000002
Adelaide,7.8,13.8,2.4,5.47,7.61,SW,33.0,13.0,13.0,65.0,74.0,1017.6,1016.1,4.45,4.51,11.7,12.0,1,0,6.000000000000001,9.0,0.05999999999999961,-1.5,0.0,9.98,16.419999999999998,7.020000000000001,5.47,7.61,6.44,-4.6,-2.2799999999999843,3.8,70.8,66.2,September,70.20000000000002
Adelaide,6.7,16.4,0.4,5.47,7.61,N,31.0,15.0,15.0,65.0,40.0,1014.4,1010.0,4.45,4.51,11.2,15.9,0,0,9.7,-25.0,0.05999999999999961,-4.399999999999977,0.0,9.149999999999999,15.789999999999997,7.140000000000001,5.47,7.61,6.640000000000001,-3.8,-1.9499999999999886,2.9,70.6,66.8,September,71.4
Adelaide,11.2,18.4,0.4,5.47,7.61,WSW,31.0,9.0,11.0,72.0,68.0,1010.8,1007.3,4.45,4.51,12.8,17.0,0,1,7.199999999999999,-4.0,0.05999999999999961,-3.5,2.0,8.75,15.76,4.1400000000000015,5.47,7.61,7.01,-5.1,-2.429999999999984,2.7,69.4,64.3,September,41.40000000000001
Adelaide,10.8,14.0,1.6,5.47,7.61,SW,41.0,17.0,20.0,58.0,56.0,1016.9,1018.1,4.45,4.51,12.3,12.7,1,0,3.1999999999999993,-2.0,0.05999999999999961,1.2000000000000455,3.0,8.79,16.04,4.160000000000001,5.47,7.61,7.25,-5.6,-2.579999999999984,3.1,70.8,65.2,September,41.60000000000001
Adelaide,6.5,15.5,0.0,5.47,7.61,WSW,24.0,11.0,9.0,60.0,49.0,1022.5,1019.6,4.45,4.51,12.0,15.0,0,0,9.0,-11.0,0.05999999999999961,-2.8999999999999773,-2.0,9.26,15.64,4.320000000000001,5.47,7.61,6.38,-4.0,-2.2499999999999774,3.2,69.8,65.8,September,43.20000000000001
Adelaide,5.6,20.8,0.0,5.47,7.61,N,37.0,15.0,13.0,47.0,43.0,1013.9,1008.4,4.45,4.51,15.1,20.6,0,1,15.200000000000001,-4.0,0.05999999999999961,-5.5,-2.0,8.83,15.9,4.320000000000001,5.47,7.61,7.07,-5.3,-2.3599999999999794,2.8,67.8,62.5,September,43.20000000000001
Adelaide,12.5,16.6,2.4,5.47,7.61,WSW,35.0,9.0,19.0,92.0,67.0,1006.9,1006.6,4.45,4.51,12.7,15.4,1,1,4.100000000000001,-25.0,0.05999999999999961,-0.2999999999999545,10.0,8.49,16.61,3.7000000000000015,5.47,7.61,8.120000000000001,-7.7,-2.4099999999999797,1.5,64.9,57.2,September,37.000000000000014
Adelaide,8.2,17.0,2.0,5.47,7.61,SW,33.0,15.0,15.0,77.0,49.0,1016.9,1014.1,4.45,4.51,10.5,16.2,1,0,8.8,-28.0,0.05999999999999961,-2.7999999999999545,0.0,8.88,17.080000000000002,2.3800000000000012,5.47,7.61,8.2,-11.0,-2.299999999999977,2.9,65.7,54.7,September,23.80000000000001
Adelaide,8.3,17.6,0.0,5.47,7.61,WSW,43.0,11.0,20.0,44.0,50.0,1012.6,1012.1,4.45,4.51,13.9,15.4,0,0,9.3,6.0,0.05999999999999961,-0.5,9.0,8.809999999999999,17.24,0.920000000000001,5.47,7.61,8.43,-10.9,-2.479999999999973,2.7,64.9,54.0,September,9.20000000000001
Adelaide,7.9,18.3,0.0,5.47,7.61,SW,39.0,9.0,9.0,60.0,49.0,1016.9,1014.8,4.45,4.51,13.7,15.7,0,0,10.4,-11.0,0.05999999999999961,-2.1000000000000227,0.0,8.98,17.1,0.920000000000001,5.47,7.61,8.120000000000001,-6.3,-2.2499999999999774,3.0,62.3,56.0,September,9.20000000000001
Adelaide,7.0,19.9,0.0,5.47,7.61,N,50.0,15.0,19.0,38.0,61.0,1003.4,989.8,4.45,4.51,18.2,17.2,0,1,12.899999999999999,23.0,0.05999999999999961,-13.600000000000023,4.0,8.55,16.84,0.920000000000001,5.47,7.61,8.29,-9.5,-2.229999999999984,2.0,64.0,54.5,September,9.20000000000001
Adelaide,7.6,15.8,37.8,5.47,7.61,WSW,69.0,31.0,13.0,80.0,94.0,982.3,986.4,4.45,4.51,11.2,11.1,1,1,8.200000000000001,14.0,0.05999999999999961,4.100000000000023,-18.0,8.47,17.45,0.680000000000001,5.47,7.61,8.98,-8.1,-3.439999999999986,2.4,61.3,53.2,September,6.8000000000000105
Adelaide,9.1,15.6,12.2,5.47,7.61,WSW,50.0,22.0,20.0,83.0,70.0,1002.5,1005.0,4.45,4.51,13.3,13.7,1,1,6.5,-13.0,0.05999999999999961,2.5,-2.0,8.56,17.39,4.420000000000001,5.47,7.61,8.830000000000002,-4.2,-2.5899999999999865,0.6,62.8,58.6,September,44.20000000000001
Adelaide,10.3,21.8,4.2,5.47,7.61,NNE,56.0,11.0,13.0,55.0,42.0,1008.2,1004.6,4.45,4.51,13.4,19.6,1,0,11.5,-13.0,0.05999999999999961,-3.6000000000000227,2.0,8.35,17.11,5.600000000000001,5.47,7.61,8.760000000000002,-5.1,-1.9899999999999864,0.2,63.9,58.8,October,56.000000000000014
Adelaide,12.9,20.7,0.0,5.47,7.61,N,44.0,11.0,15.0,35.0,56.0,996.1,996.7,4.45,4.51,19.8,17.7,0,1,7.799999999999999,21.0,0.05999999999999961,0.6000000000000227,4.0,8.3,17.889999999999997,5.860000000000001,5.47,7.61,9.59,-6.2,-2.469999999999993,0.1,63.6,57.4,October,58.60000000000001
Adelaide,7.7,15.0,27.6,5.47,7.61,W,54.0,19.0,24.0,95.0,76.0,1001.4,1004.8,4.45,4.51,9.1,12.0,1,1,7.3,-19.0,0.05999999999999961,3.3999999999999773,5.0,8.940000000000001,18.41,5.860000000000001,5.47,7.61,9.47,-3.0,-2.119999999999993,0.7,61.1,58.1,October,58.60000000000001
Adelaide,9.1,16.4,11.8,5.47,7.61,W,65.0,15.0,26.0,93.0,54.0,1008.3,1013.6,4.45,4.51,12.2,15.3,1,0,7.299999999999999,-39.0,0.05999999999999961,5.300000000000068,11.0,9.15,17.830000000000002,8.620000000000001,5.47,7.61,8.68,-4.5,-1.2299999999999955,1.4,65.9,61.4,October,86.20000000000002
Adelaide,8.1,20.6,0.0,5.47,7.61,W,35.0,9.0,17.0,75.0,43.0,1019.6,1019.3,4.45,4.51,11.3,20.0,0,0,12.500000000000002,-32.0,0.05999999999999961,-0.3000000000000682,8.0,8.809999999999999,17.81,9.56,5.47,7.61,9.0,-5.9,-0.6699999999999932,1.5,66.0,60.1,October,95.60000000000001
Adelaide,11.2,28.8,0.0,5.47,7.61,NNE,46.0,13.0,24.0,39.0,24.0,1017.9,1014.6,4.45,4.51,20.6,28.0,0,0,17.6,-15.0,0.05999999999999961,-3.2999999999999545,11.0,8.8,18.17,9.360000000000001,5.47,7.61,9.370000000000001,-6.3,-0.42000000000000454,2.3,65.8,59.5,October,93.60000000000001
Adelaide,16.5,24.0,0.0,5.47,7.61,N,30.0,11.0,7.0,35.0,42.0,1016.0,1015.6,4.45,4.51,20.6,23.0,0,0,7.5,7.0,0.05999999999999961,-0.39999999999997726,-4.0,9.09,19.29,9.360000000000001,5.47,7.61,10.2,-8.4,-0.7,2.5,65.3,56.9,October,93.60000000000001
Adelaide,10.0,26.1,0.0,5.47,7.61,N,30.0,9.0,11.0,54.0,35.0,1021.8,1017.3,4.45,4.51,14.8,23.5,0,0,16.1,-19.0,0.05999999999999961,-4.5,2.0,9.95,19.860000000000003,9.360000000000001,5.47,7.61,9.91,-6.6,-0.5299999999999955,2.1,62.8,56.2,October,93.60000000000001
Adelaide,14.8,26.4,0.0,5.47,7.61,NNE,54.0,22.0,19.0,30.0,89.0,1002.3,1009.4,4.45,4.51,25.5,17.5,0,1,11.599999999999998,59.0,0.05999999999999961,7.100000000000023,-3.0,10.25,20.48,9.360000000000001,5.47,7.61,10.23,-10.8,0.38000000000000683,1.9,64.4,53.6,October,93.60000000000001
Adelaide,11.8,16.5,2.0,5.47,7.61,W,50.0,15.0,28.0,70.0,46.0,1015.5,1017.3,4.45,4.51,12.7,14.9,1,0,4.699999999999999,-24.0,0.05999999999999961,1.7999999999999545,13.0,10.969999999999999,21.54,5.580000000000001,5.47,7.61,10.569999999999999,-6.3,0.6800000000000068,3.4,59.4,53.1,October,55.80000000000001
Adelaide,10.8,16.8,0.4,5.47,7.61,SW,37.0,19.0,20.0,62.0,50.0,1023.4,1023.5,4.45,4.51,12.5,15.4,0,0,6.0,-12.0,0.05999999999999961,0.10000000000002274,1.0,11.24,21.630000000000003,4.5600000000000005,5.47,7.61,10.389999999999999,-7.4,0.6100000000000023,4.9,58.1,50.7,October,45.60000000000001
Adelaide,10.2,17.2,0.8,5.47,7.61,WSW,30.0,9.0,17.0,76.0,59.0,1023.3,1023.3,4.45,4.51,12.9,16.1,0,0,7.0,-17.0,0.05999999999999961,0.0,8.0,11.290000000000001,21.13,4.1800000000000015,5.47,7.61,9.84,-7.3,0.9800000000000069,4.8,58.8,51.5,October,41.80000000000002
Adelaide,6.4,19.6,0.6,5.47,7.61,WSW,28.0,6.0,15.0,67.0,48.0,1026.5,1023.9,4.45,4.51,13.0,18.3,0,0,13.200000000000001,-19.0,0.05999999999999961,-2.6000000000000227,9.0,11.02,20.78,4.260000000000002,5.47,7.61,9.76,-11.1,0.9200000000000046,5.2,62.9,51.8,October,42.600000000000016
Adelaide,11.7,25.5,0.0,5.47,7.61,N,31.0,13.0,17.0,31.0,34.0,1022.4,1018.3,4.45,4.51,18.3,24.9,0,0,13.8,3.0,0.05999999999999961,-4.100000000000023,4.0,10.889999999999999,21.240000000000002,1.5600000000000016,5.47,7.61,10.35,-11.1,0.32000000000000456,5.6,60.1,49.0,October,15.600000000000016
Adelaide,16.8,28.3,0.0,5.47,7.61,N,54.0,19.0,30.0,20.0,16.0,1012.8,1006.8,4.45,4.51,20.3,27.4,0,1,11.5,-4.0,0.05999999999999961,-6.0,11.0,11.15,22.15,0.3800000000000014,5.47,7.61,11.0,-6.9,-0.6200000000000045,4.9,53.9,47.0,October,3.800000000000014
Adelaide,12.5,15.4,1.2,5.47,7.61,SW,44.0,13.0,17.0,85.0,90.0,1005.4,1005.1,4.45,4.51,12.5,11.7,1,1,2.9000000000000004,5.0,0.05999999999999961,-0.2999999999999545,4.0,12.02,22.919999999999998,0.3800000000000014,5.47,7.61,10.9,-4.1,-1.1899999999999977,5.2,48.4,44.3,October,3.800000000000014
Adelaide,8.5,16.2,14.2,5.47,7.61,NW,43.0,17.0,17.0,56.0,67.0,1014.4,1014.4,4.45,4.51,14.4,14.2,1,1,7.699999999999999,11.0,0.05999999999999961,0.0,0.0,12.15,21.58,0.5000000000000014,5.47,7.61,9.43,-2.1,-0.8899999999999977,4.5,53.0,50.9,October,5.000000000000014
Adelaide,10.0,15.4,4.2,5.47,7.61,WSW,59.0,19.0,19.0,72.0,67.0,1015.3,1017.5,4.45,4.51,12.6,13.3,1,1,5.4,-5.0,0.05999999999999961,2.2000000000000455,0.0,11.35,20.8,1.9200000000000013,5.47,7.61,9.45,-1.7,-0.85,4.9,55.1,53.4,October,19.200000000000014
Adelaide,4.9,20.0,3.8,5.47,7.61,N,28.0,7.0,13.0,64.0,37.0,1022.6,1019.3,4.45,4.51,10.7,17.7,1,0,15.1,-27.0,0.05999999999999961,-3.300000000000068,6.0,11.35,19.729999999999997,2.340000000000001,5.47,7.61,8.379999999999999,-0.3,-0.17999999999999544,4.7,56.9,56.6,October,23.400000000000013
Adelaide,9.1,30.8,0.0,5.47,7.61,NNE,57.0,9.0,28.0,38.0,23.0,1013.2,1006.5,4.45,4.51,20.0,29.7,0,1,21.700000000000003,-15.0,0.05999999999999961,-6.7000000000000455,19.0,10.360000000000001,19.089999999999996,2.7200000000000015,5.47,7.61,8.73,-8.9,-1.2200000000000046,5.6,60.3,51.4,October,27.200000000000014
Adelaide,10.6,16.5,9.4,5.47,7.61,WSW,43.0,9.0,22.0,88.0,46.0,1016.1,1017.5,4.45,4.51,11.9,15.5,1,0,5.9,-42.0,0.05999999999999961,1.3999999999999773,13.0,10.09,20.52,2.5200000000000014,5.47,7.61,10.430000000000001,-8.0,-2.0700000000000047,6.2,57.1,49.1,October,25.200000000000014
Adelaide,6.5,15.8,0.2,5.47,7.61,SSW,35.0,13.0,13.0,54.0,44.0,1027.3,1027.2,4.45,4.51,11.5,14.2,0,0,9.3,-10.0,0.05999999999999961,-0.09999999999990905,0.0,10.069999999999999,20.490000000000002,3.4200000000000017,5.47,7.61,10.42,-11.0,-1.940000000000009,7.4,59.7,48.7,October,34.20000000000002
Adelaide,7.2,17.6,0.0,5.47,7.61,ESE,28.0,6.0,7.0,54.0,39.0,1029.8,1026.5,4.45,4.51,11.3,17.2,0,0,10.400000000000002,-15.0,0.05999999999999961,-3.2999999999999545,1.0,9.7,20.35,3.3600000000000008,5.47,7.61,10.650000000000002,-10.3,-1.95,6.6,57.5,47.2,October,33.60000000000001
Adelaide,8.0,23.1,0.0,5.47,7.61,N,35.0,11.0,11.0,43.0,24.0,1022.1,1017.4,4.45,4.51,15.6,22.3,0,0,15.100000000000001,-19.0,0.05999999999999961,-4.7000000000000455,0.0,9.78,20.15,3.3000000000000016,5.47,7.61,10.370000000000001,-9.9,-2.0199999999999934,5.8,56.2,46.3,October,33.000000000000014
Adelaide,15.6,27.8,0.0,5.47,7.61,N,37.0,15.0,17.0,22.0,16.0,1011.5,1009.0,4.45,4.51,21.0,27.3,0,0,12.200000000000001,-6.0,0.05999999999999961,-2.5,2.0,9.41,19.91,3.3000000000000016,5.47,7.61,10.500000000000002,-12.1,-2.0799999999999956,5.4,57.4,45.3,October,33.000000000000014
Adelaide,14.2,19.0,0.0,5.47,7.61,SSW,35.0,13.0,20.0,77.0,49.0,1015.3,1017.1,4.45,4.51,15.4,18.1,0,0,4.800000000000001,-28.0,0.05999999999999961,1.8000000000000682,7.0,9.290000000000001,19.860000000000003,3.3000000000000016,5.47,7.61,10.570000000000002,-12.3,-1.7299999999999955,4.5,57.6,45.3,October,33.000000000000014
Adelaide,9.5,20.8,0.0,5.47,7.61,SSE,26.0,11.0,7.0,53.0,38.0,1022.5,1019.2,4.45,4.51,15.0,20.2,0,0,11.3,-15.0,0.05999999999999961,-3.2999999999999545,-4.0,9.459999999999999,20.220000000000002,3.1800000000000015,5.47,7.61,10.760000000000002,-15.6,-1.5199999999999931,4.8,56.8,41.2,October,31.800000000000015
Adelaide,8.6,22.1,0.0,5.47,7.61,WSW,26.0,7.0,15.0,58.0,35.0,1020.2,1017.8,4.45,4.51,16.1,21.6,0,0,13.500000000000002,-23.0,0.05999999999999961,-2.400000000000091,8.0,9.559999999999999,20.68,1.7600000000000016,5.47,7.61,11.120000000000001,-18.2,-1.8499999999999885,4.4,56.5,38.3,October,17.600000000000016
Adelaide,8.8,30.0,0.0,5.47,7.61,NE,46.0,11.0,17.0,31.0,16.0,1014.0,1006.7,4.45,4.51,21.3,29.6,0,0,21.2,-15.0,0.05999999999999961,-7.2999999999999545,6.0,9.42,21.35,1.3400000000000014,5.47,7.61,11.930000000000001,-20.0,-2.3100000000000023,5.2,55.1,35.1,October,13.400000000000015
Adelaide,15.4,18.2,0.0,5.47,7.61,WSW,59.0,22.0,30.0,65.0,45.0,1008.5,1011.9,4.45,4.51,17.1,15.4,0,0,2.799999999999999,-20.0,0.05999999999999961,3.3999999999999773,8.0,9.809999999999999,22.35,0.9600000000000014,5.47,7.61,12.540000000000001,-18.8,-2.709999999999991,5.2,51.8,33.0,October,9.600000000000014
Adelaide,10.5,18.4,0.6,5.47,7.61,W,41.0,15.0,13.0,47.0,46.0,1018.5,1017.2,4.45,4.51,13.3,17.2,0,0,7.899999999999999,-1.0,0.05999999999999961,-1.2999999999999545,-2.0,10.440000000000001,21.09,0.9600000000000014,5.47,7.61,10.65,-19.3,-1.6999999999999886,4.1,54.5,35.2,October,9.600000000000014
Adelaide,11.8,18.8,0.0,5.47,7.61,W,37.0,13.0,17.0,66.0,55.0,1016.2,1016.3,4.45,4.51,14.0,16.0,0,0,7.0,-11.0,0.05999999999999961,0.09999999999990905,4.0,10.430000000000001,21.28,0.08000000000000143,5.47,7.61,10.850000000000001,-15.2,-1.9699999999999818,2.6,50.4,35.2,November,0.8000000000000143
Adelaide,10.2,19.5,0.0,5.47,7.61,SW,28.0,11.0,11.0,54.0,43.0,1019.9,1019.6,4.45,4.51,14.6,18.5,0,0,9.3,-11.0,0.05999999999999961,-0.2999999999999545,0.0,10.96,21.58,0.06000000000000143,5.47,7.61,10.620000000000001,-15.3,-1.95,3.0,51.6,36.3,November,0.6000000000000143
Adelaide,8.1,25.3,0.0,5.47,7.61,W,26.0,9.0,11.0,59.0,32.0,1020.8,1017.9,4.45,4.51,15.2,24.2,0,0,17.200000000000003,-27.0,0.05999999999999961,-2.8999999999999773,2.0,11.260000000000002,21.77,0.06000000000000143,5.47,7.61,10.510000000000002,-14.9,-1.65,2.9,51.6,36.7,November,0.6000000000000143
Adelaide,9.7,28.2,0.0,5.47,7.61,SSW,46.0,9.0,22.0,47.0,24.0,1014.2,1012.8,4.45,4.51,18.3,26.3,0,0,18.5,-23.0,0.05999999999999961,-1.400000000000091,13.0,11.27,21.990000000000002,0.06000000000000143,5.47,7.61,10.72,-15.7,-1.469999999999993,3.1,53.2,37.5,November,0.6000000000000143
Adelaide,11.0,19.3,0.0,5.47,7.61,SW,39.0,15.0,17.0,53.0,48.0,1020.0,1020.0,4.45,4.51,14.9,18.6,0,0,8.3,-5.0,0.05999999999999961,0.0,2.0,10.68,22.029999999999998,0.06000000000000143,5.47,7.61,11.35,-17.4,-1.3600000000000023,4.2,55.7,38.3,November,0.6000000000000143
Adelaide,11.1,25.1,0.0,5.47,7.61,N,26.0,11.0,7.0,66.0,27.0,1018.0,1013.2,4.45,4.51,16.0,23.7,0,0,14.000000000000002,-39.0,0.05999999999999961,-4.7999999999999545,-4.0,10.360000000000001,22.06,0.06000000000000143,5.47,7.61,11.7,-15.1,-1.5400000000000091,3.7,53.3,38.2,November,0.6000000000000143
Adelaide,15.3,26.2,0.0,5.47,7.61,WSW,44.0,11.0,19.0,44.0,49.0,1005.4,1004.5,4.45,4.51,20.6,22.3,0,0,10.899999999999999,5.0,0.05999999999999961,-0.8999999999999773,8.0,10.52,22.490000000000002,0.06000000000000143,5.47,7.61,11.97,-17.5,-1.690000000000009,3.7,54.6,37.1,November,0.6000000000000143
Adelaide,9.7,19.3,0.0,5.47,7.61,WSW,39.0,11.0,20.0,49.0,46.0,1014.2,1012.6,4.45,4.51,13.8,18.4,0,0,9.600000000000001,-3.0,0.05999999999999961,-1.6000000000000227,9.0,11.19,22.9,0.06000000000000143,5.47,7.61,11.71,-14.7,-1.5399999999999978,3.7,53.2,38.5,November,0.6000000000000143
Adelaide,9.0,23.1,0.0,5.47,7.61,WSW,33.0,6.0,19.0,58.0,46.0,1014.9,1010.8,4.45,4.51,14.9,20.7,0,0,14.100000000000001,-12.0,0.05999999999999961,-4.100000000000023,13.0,11.28,21.830000000000002,0.06000000000000143,5.47,7.61,10.55,-13.5,-0.9700000000000045,4.0,55.0,41.5,November,0.6000000000000143
Adelaide,9.8,25.1,0.0,5.47,7.61,SW,22.0,0.0,13.0,51.0,37.0,1013.0,1009.9,4.45,4.51,17.3,24.1,0,0,15.3,-14.0,0.05999999999999961,-3.1000000000000227,13.0,10.639999999999999,22.32,0.06000000000000143,5.47,7.61,11.680000000000001,-12.7,-1.7200000000000046,4.5,54.3,41.6,November,0.6000000000000143
Adelaide,13.9,32.0,0.0,5.47,7.61,SW,63.0,11.0,13.0,29.0,31.0,1004.4,997.8,4.45,4.51,25.1,30.2,0,1,18.1,2.0,0.05999999999999961,-6.600000000000023,2.0,10.569999999999999,22.990000000000002,0.0,5.47,7.61,12.42,-14.0,-1.9000000000000115,6.0,54.7,40.7,November,0.0
Adelaide,14.4,20.2,14.0,5.47,7.61,WSW,54.0,20.0,24.0,71.0,70.0,1003.2,1004.2,4.45,4.51,16.9,17.1,1,1,5.799999999999999,-1.0,0.05999999999999961,1.0,4.0,10.78,24.310000000000002,0.0,5.47,7.61,13.530000000000001,-12.7,-2.5700000000000047,5.8,51.0,38.3,November,0.0
Adelaide,11.6,17.1,16.4,5.47,7.61,SSW,57.0,26.0,28.0,70.0,61.0,1009.0,1011.8,4.45,4.51,13.4,15.6,1,1,5.500000000000002,-9.0,0.05999999999999961,2.7999999999999545,2.0,11.2,24.380000000000003,1.4000000000000015,5.47,7.61,13.180000000000001,-11.7,-2.4400000000000093,6.2,52.7,41.0,November,14.000000000000014
Adelaide,11.4,18.5,1.8,5.47,7.61,SW,37.0,19.0,19.0,58.0,51.0,1019.5,1020.2,4.45,4.51,14.4,18.1,1,0,7.1,-7.0,0.05999999999999961,0.7000000000000455,0.0,11.55,23.56,3.0400000000000014,5.47,7.61,12.010000000000002,-9.9,-1.8700000000000159,6.2,53.8,43.9,November,30.400000000000013
Adelaide,10.3,19.5,0.0,5.47,7.61,WSW,28.0,7.0,15.0,65.0,52.0,1024.0,1022.4,4.45,4.51,14.1,18.8,0,0,9.2,-13.0,0.05999999999999961,-1.6000000000000227,8.0,11.72,22.59,3.220000000000001,5.47,7.61,10.870000000000001,-8.3,-1.6600000000000024,4.9,54.9,46.6,November,32.20000000000001
Adelaide,8.8,29.4,0.0,5.47,7.61,N,24.0,6.0,13.0,53.0,34.0,1022.9,1019.1,4.45,4.51,18.1,28.4,0,0,20.599999999999998,-19.0,0.05999999999999961,-3.7999999999999545,7.0,11.65,22.61,3.220000000000001,5.47,7.61,10.96,-9.1,-1.8200000000000045,5.5,56.1,47.0,November,32.20000000000001
Adelaide,17.0,35.2,0.0,5.47,7.61,NW,44.0,17.0,20.0,23.0,12.0,1015.1,1012.6,4.45,4.51,27.5,34.0,0,0,18.200000000000003,-11.0,0.05999999999999961,-2.5,3.0,11.42,23.04,3.220000000000001,5.47,7.61,11.620000000000001,-7.1,-1.7200000000000046,6.6,54.8,47.7,November,32.20000000000001
Adelaide,17.1,25.9,0.0,5.47,7.61,ENE,22.0,4.0,11.0,64.0,48.0,1018.0,1016.4,4.45,4.51,18.8,25.3,0,0,8.799999999999997,-16.0,0.05999999999999961,-1.6000000000000227,7.0,11.59,23.939999999999998,3.220000000000001,5.47,7.61,12.35,-8.7,-1.8800000000000068,6.1,52.7,44.0,November,32.20000000000001
Adelaide,15.0,29.3,0.0,5.47,7.61,W,28.0,4.0,11.0,41.0,31.0,1019.4,1016.0,4.45,4.51,19.2,28.8,0,0,14.3,-10.0,0.05999999999999961,-3.3999999999999773,7.0,12.330000000000002,24.6,3.220000000000001,5.47,7.61,12.27,-10.0,-1.8800000000000068,5.9,54.2,44.2,November,32.20000000000001
Adelaide,16.9,36.1,0.0,5.47,7.61,WSW,28.0,2.0,11.0,45.0,19.0,1013.3,1010.0,4.45,4.51,26.0,35.1,0,0,19.200000000000003,-26.0,0.05999999999999961,-3.2999999999999545,9.0,12.930000000000001,25.220000000000002,3.220000000000001,5.47,7.61,12.29,-9.8,-1.8100000000000023,5.3,52.5,42.7,November,32.20000000000001
Adelaide,21.9,32.0,0.0,5.47,7.61,SW,39.0,13.0,20.0,27.0,27.0,1006.1,1008.2,4.45,4.51,29.7,28.8,0,0,10.100000000000001,0.0,0.05999999999999961,2.1000000000000227,7.0,13.64,26.32,3.220000000000001,5.47,7.61,12.68,-11.0,-1.8299999999999954,4.9,51.9,40.9,November,32.20000000000001
Adelaide,14.4,17.8,0.8,5.47,7.61,SE,22.0,4.0,11.0,62.0,59.0,1017.1,1017.5,4.45,4.51,16.4,15.6,0,0,3.4000000000000004,-3.0,0.05999999999999961,0.39999999999997726,7.0,14.440000000000001,26.32,3.220000000000001,5.47,7.61,11.879999999999999,-11.2,-0.9599999999999909,5.4,51.7,40.5,November,32.20000000000001
Adelaide,9.3,21.2,0.2,5.47,7.61,SW,33.0,13.0,19.0,43.0,34.0,1022.3,1020.7,4.45,4.51,15.0,20.1,0,0,11.899999999999999,-9.0,0.05999999999999961,-1.599999999999909,6.0,14.440000000000001,26.080000000000002,1.9000000000000015,5.47,7.61,11.639999999999999,-11.4,-1.0199999999999931,5.7,50.8,39.4,November,19.000000000000014
Adelaide,8.1,21.0,0.0,5.47,7.61,WSW,37.0,7.0,17.0,49.0,46.0,1022.9,1020.5,4.45,4.51,15.4,19.6,0,0,12.9,-3.0,0.05999999999999961,-2.3999999999999773,10.0,14.209999999999999,26.49,0.28000000000000147,5.47,7.61,12.28,-11.4,-1.4599999999999795,6.1,48.1,36.7,November,2.8000000000000145
Adelaide,11.3,23.2,0.0,5.47,7.61,SW,30.0,11.0,20.0,56.0,38.0,1022.7,1021.4,4.45,4.51,16.2,22.5,0,0,11.899999999999999,-18.0,0.05999999999999961,-1.3000000000000682,9.0,13.879999999999999,26.74,0.10000000000000142,5.47,7.61,12.86,-11.0,-1.7699999999999818,7.1,47.2,36.2,November,1.0000000000000142
Adelaide,9.3,24.8,0.0,5.47,7.61,WSW,28.0,6.0,9.0,52.0,40.0,1024.6,1021.0,4.45,4.51,16.1,23.2,0,0,15.5,-12.0,0.05999999999999961,-3.599999999999909,3.0,13.98,27.110000000000003,0.10000000000000142,5.47,7.61,13.13,-11.5,-1.7399999999999864,7.2,46.3,34.8,November,1.0000000000000142
Adelaide,9.2,27.9,0.0,5.47,7.61,WNW,26.0,6.0,11.0,49.0,16.0,1020.8,1017.2,4.45,4.51,17.6,27.7,0,0,18.7,-33.0,0.05999999999999961,-3.599999999999909,5.0,14.030000000000001,26.65,0.10000000000000142,5.47,7.61,12.620000000000001,-10.8,-1.7199999999999818,6.8,46.2,35.4,November,1.0000000000000142
Adelaide,12.2,29.5,0.0,5.47,7.61,WSW,31.0,2.0,17.0,29.0,20.0,1014.4,1012.9,4.45,4.51,22.2,29.0,0,0,17.3,-9.0,0.05999999999999961,-1.5,15.0,13.25,25.919999999999998,0.10000000000000142,5.47,7.61,12.67,-13.0,-1.8299999999999728,7.0,48.8,35.8,November,1.0000000000000142
Adelaide,12.8,27.3,0.0,5.47,7.61,SW,30.0,4.0,17.0,32.0,31.0,1012.5,1011.5,4.45,4.51,21.2,25.8,0,0,14.5,-1.0,0.05999999999999961,-1.0,13.0,12.760000000000002,26.28,0.10000000000000142,5.47,7.61,13.52,-12.3,-1.8199999999999705,7.8,45.3,33.0,November,1.0000000000000142
Adelaide,13.0,23.4,0.0,5.47,7.61,WSW,43.0,2.0,22.0,64.0,44.0,1012.5,1010.4,4.45,4.51,16.4,23.1,0,0,10.399999999999999,-20.0,0.05999999999999961,-2.1000000000000227,20.0,12.54,26.080000000000002,0.10000000000000142,5.47,7.61,13.540000000000001,-11.4,-1.5799999999999728,8.4,44.4,33.0,November,1.0000000000000142
Adelaide,11.7,24.1,0.0,5.47,7.61,SW,28.0,6.0,7.0,58.0,55.0,1010.2,1008.6,4.45,4.51,16.8,20.9,0,0,12.400000000000002,-3.0,0.05999999999999961,-1.6000000000000227,1.0,12.15,24.81,0.10000000000000142,5.47,7.61,12.66,-10.8,-1.4599999999999795,9.5,46.3,35.5,December,1.0000000000000142
Adelaide,11.4,24.9,0.0,5.47,7.61,WSW,35.0,11.0,20.0,64.0,46.0,1014.6,1013.3,4.45,4.51,17.5,22.5,0,0,13.499999999999998,-18.0,0.05999999999999961,-1.3000000000000682,9.0,11.129999999999999,24.02,0.10000000000000142,5.47,7.61,12.89,-11.1,-1.829999999999984,8.9,49.4,38.3,December,1.0000000000000142
Adelaide,11.4,32.2,0.0,5.47,7.61,WSW,26.0,9.0,13.0,38.0,23.0,1014.4,1011.1,4.45,4.51,20.1,31.9,0,0,20.800000000000004,-15.0,0.05999999999999961,-3.2999999999999545,4.0,10.83,24.729999999999997,0.020000000000001423,5.47,7.61,13.9,-12.6,-1.9999999999999887,9.1,49.6,37.0,December,0.20000000000001422
Adelaide,18.4,29.0,0.0,5.47,7.61,SW,48.0,22.0,13.0,66.0,66.0,1010.2,1004.9,4.45,4.51,23.5,25.2,0,1,10.600000000000001,0.0,0.05999999999999961,-5.300000000000068,-9.0,11.040000000000001,25.830000000000002,0.0,5.47,7.61,14.790000000000001,-13.2,-2.1699999999999933,8.9,49.1,35.9,December,0.0
Adelaide,13.5,22.7,4.6,5.47,7.61,WSW,33.0,7.0,15.0,58.0,45.0,1014.3,1013.5,4.45,4.51,16.9,21.4,1,0,9.2,-13.0,0.05999999999999961,-0.7999999999999545,8.0,12.069999999999999,26.630000000000003,0.0,5.47,7.61,14.559999999999999,-12.9,-2.460000000000002,7.0,50.8,37.9,December,0.0
Adelaide,12.8,23.6,0.0,5.47,7.61,WSW,26.0,6.0,11.0,48.0,44.0,1016.4,1016.3,4.45,4.51,18.4,22.5,0,0,10.8,-4.0,0.05999999999999961,-0.10000000000002274,5.0,12.290000000000001,26.580000000000002,0.4600000000000014,5.47,7.61,14.289999999999997,-12.4,-2.409999999999991,6.9,51.0,38.6,December,4.600000000000014
Adelaide,12.7,31.3,0.0,5.47,7.61,WSW,39.0,11.0,17.0,45.0,40.0,1014.2,1008.4,4.45,4.51,21.2,28.0,0,1,18.6,-5.0,0.05999999999999961,-5.800000000000068,6.0,12.64,26.46,0.4600000000000014,5.47,7.61,13.819999999999999,-11.6,-2.0600000000000023,7.1,50.6,39.0,December,4.600000000000014
Adelaide,15.0,20.7,8.0,5.47,7.61,SW,57.0,24.0,19.0,66.0,55.0,1008.3,1011.3,4.45,4.51,16.2,18.4,1,0,5.699999999999999,-11.0,0.05999999999999961,3.0,-5.0,12.99,26.8,0.4600000000000014,5.47,7.61,13.809999999999999,-8.8,-2.280000000000018,7.2,50.2,41.4,December,4.600000000000014
Adelaide,11.6,21.5,0.8,5.47,7.61,WSW,37.0,9.0,17.0,48.0,41.0,1022.7,1021.8,4.45,4.51,15.0,20.5,0,0,9.9,-7.0,0.05999999999999961,-0.900000000000091,8.0,13.27,25.919999999999998,1.2600000000000013,5.47,7.61,12.65,-9.0,-1.8300000000000183,5.2,53.9,44.9,December,12.600000000000014
Adelaide,9.7,26.0,0.0,5.47,7.61,WSW,26.0,7.0,13.0,48.0,31.0,1024.2,1022.3,4.45,4.51,17.9,25.1,0,0,16.3,-17.0,0.05999999999999961,-1.900000000000091,6.0,13.15,25.34,1.3400000000000014,5.47,7.61,12.190000000000001,-9.6,-1.8200000000000274,4.7,55.5,45.9,December,13.400000000000015
Adelaide,12.3,31.2,0.0,5.47,7.61,WSW,28.0,7.0,13.0,46.0,23.0,1022.7,1019.3,4.45,4.51,20.6,30.2,0,0,18.9,-23.0,0.05999999999999961,-3.400000000000091,6.0,12.819999999999999,25.6,1.3400000000000014,5.47,7.61,12.78,-9.3,-1.800000000000034,3.3,53.9,44.6,December,13.400000000000015
Adelaide,16.1,36.9,0.0,5.47,7.61,NNW,35.0,9.0,15.0,27.0,10.0,1017.0,1014.1,4.45,4.51,27.6,36.2,0,0,20.799999999999997,-17.0,0.05999999999999961,-2.8999999999999773,6.0,12.879999999999999,26.310000000000002,1.3400000000000014,5.47,7.61,13.430000000000001,-11.3,-1.9800000000000408,3.8,52.7,41.4,December,13.400000000000015
Adelaide,20.3,35.6,0.0,5.47,7.61,NNW,54.0,13.0,13.0,19.0,20.0,1008.5,1006.7,4.45,4.51,29.8,34.7,0,0,15.3,1.0,0.05999999999999961,-1.7999999999999545,0.0,13.35,27.51,1.3400000000000014,5.47,7.61,14.16,-11.2,-2.1400000000000317,3.5,49.0,37.8,December,13.400000000000015
Adelaide,16.0,24.4,0.4,5.47,7.61,SE,39.0,7.0,9.0,73.0,42.0,1015.1,1014.0,4.45,4.51,16.6,22.4,0,0,8.399999999999999,-31.0,0.05999999999999961,-1.1000000000000227,2.0,14.24,27.85,1.3400000000000014,5.47,7.61,13.61,-9.6,-1.9900000000000317,3.1,47.1,37.5,December,13.400000000000015
Adelaide,12.5,23.3,0.0,5.47,7.61,SE,31.0,15.0,6.0,40.0,26.0,1018.6,1015.5,4.45,4.51,16.1,21.9,0,0,10.8,-14.0,0.05999999999999961,-3.1000000000000227,-9.0,14.0,27.390000000000004,1.3800000000000012,5.47,7.61,13.39,-12.7,-1.5700000000000274,4.2,47.8,35.1,December,13.800000000000013
Adelaide,10.3,27.6,0.0,5.47,7.61,WSW,30.0,0.0,15.0,52.0,25.0,1011.8,1009.0,4.45,4.51,18.1,26.5,0,0,17.3,-27.0,0.05999999999999961,-2.7999999999999545,15.0,13.9,27.45,0.9200000000000014,5.47,7.61,13.55,-12.8,-1.800000000000034,2.5,46.0,33.2,December,9.200000000000014
Adelaide,14.4,21.7,0.4,5.47,7.61,WSW,46.0,15.0,24.0,75.0,36.0,1015.7,1018.2,4.45,4.51,16.7,20.3,0,0,7.299999999999999,-39.0,0.05999999999999961,2.5,9.0,13.65,27.85,0.9200000000000014,5.47,7.61,14.2,-15.1,-2.0700000000000274,3.5,46.4,31.3,December,9.200000000000014
Adelaide,9.6,27.4,0.0,5.47,7.61,SSW,28.0,9.0,13.0,42.0,30.0,1023.1,1018.5,4.45,4.51,17.3,24.3,0,0,17.799999999999997,-12.0,0.05999999999999961,-4.600000000000023,4.0,13.820000000000002,26.889999999999997,0.9600000000000014,5.47,7.61,13.069999999999999,-18.5,-1.2400000000000204,3.8,49.4,30.9,December,9.600000000000014
Adelaide,17.2,37.1,0.0,5.47,7.61,WSW,41.0,13.0,19.0,16.0,12.0,1011.7,1007.1,4.45,4.51,26.7,36.1,0,1,19.900000000000002,-4.0,0.05999999999999961,-4.600000000000023,6.0,13.280000000000001,27.560000000000002,0.16000000000000142,5.47,7.61,14.280000000000001,-18.6,-2.0000000000000226,4.7,47.0,28.4,December,1.6000000000000143
Adelaide,14.6,22.8,2.2,5.47,7.61,WSW,35.0,19.0,15.0,56.0,42.0,1014.3,1014.1,4.45,4.51,16.9,22.1,1,0,8.200000000000001,-14.0,0.05999999999999961,-0.1999999999999318,-4.0,13.84,29.119999999999997,0.08000000000000143,5.47,7.61,15.279999999999998,-18.3,-2.370000000000016,4.5,43.8,25.5,December,0.8000000000000143
Adelaide,13.1,26.9,0.0,5.47,7.61,WSW,31.0,7.0,19.0,50.0,42.0,1020.0,1017.5,4.45,4.51,18.8,24.8,0,0,13.799999999999999,-8.0,0.05999999999999961,-2.5,12.0,14.330000000000002,28.8,0.30000000000000143,5.47,7.61,14.470000000000002,-18.0,-2.2,3.5,44.6,26.6,December,3.000000000000014
Adelaide,15.1,32.9,0.0,5.47,7.61,SSW,26.0,13.0,15.0,44.0,32.0,1018.1,1014.1,4.45,4.51,22.5,30.4,0,0,17.799999999999997,-12.0,0.05999999999999961,-4.0,2.0,14.41,28.369999999999997,0.30000000000000143,5.47,7.61,13.959999999999999,-16.5,-2.109999999999991,4.1,45.0,28.5,December,3.000000000000014
Adelaide,22.5,38.3,0.0,5.47,7.61,WSW,46.0,9.0,20.0,21.0,17.0,1011.2,1008.1,4.45,4.51,29.9,36.9,0,0,15.799999999999997,-4.0,0.05999999999999961,-3.1000000000000227,11.0,14.309999999999999,27.97,0.30000000000000143,5.47,7.61,13.66,-16.0,-2.219999999999993,3.7,46.7,30.7,December,3.000000000000014
Adelaide,19.1,36.2,0.0,5.47,7.61,WSW,26.0,4.0,13.0,41.0,24.0,1013.5,1011.1,4.45,4.51,26.9,35.6,0,0,17.1,-17.0,0.05999999999999961,-2.3999999999999773,9.0,14.530000000000001,28.24,0.30000000000000143,5.47,7.61,13.709999999999999,-16.5,-2.35,4.8,46.9,30.4,December,3.000000000000014
Adelaide,16.9,41.3,0.0,5.47,7.61,SW,33.0,7.0,15.0,26.0,15.0,1009.7,1006.1,4.45,4.51,30.7,39.2,0,0,24.4,-11.0,0.05999999999999961,-3.6000000000000227,8.0,14.84,29.419999999999998,0.26000000000000145,5.47,7.61,14.579999999999998,-15.1,-2.4799999999999955,5.5,43.7,28.6,December,2.6000000000000143
Adelaide,22.2,28.4,0.2,5.47,7.61,SE,48.0,7.0,13.0,76.0,61.0,1010.0,1007.8,4.45,4.51,22.3,28.1,0,1,6.199999999999999,-15.0,0.05999999999999961,-2.2000000000000455,6.0,15.280000000000001,31.22,0.26000000000000145,5.47,7.61,15.940000000000001,-14.8,-2.5299999999999954,7.2,42.3,27.5,December,2.6000000000000143
Adelaide,21.1,29.9,5.8,5.47,7.61,NNE,54.0,13.0,9.0,81.0,78.0,1005.7,1000.6,4.45,4.51,22.8,25.0,1,1,8.799999999999997,-3.0,0.05999999999999961,-5.100000000000023,-4.0,16.47,31.299999999999994,0.28000000000000147,5.47,7.61,14.829999999999998,-13.6,-2.4700000000000046,6.3,44.7,31.1,December,2.8000000000000145
Adelaide,22.5,30.1,61.2,5.47,7.61,NNE,63.0,13.0,9.0,89.0,60.0,998.5,1000.5,4.45,4.51,24.4,28.8,1,1,7.600000000000001,-29.0,0.05999999999999961,2.0,-4.0,17.14,32.12,0.8200000000000014,5.47,7.61,14.98,-10.0,-3.2300000000000066,5.0,45.3,35.3,December,8.200000000000014
Adelaide,17.2,30.8,3.0,5.47,7.61,SSW,37.0,7.0,17.0,51.0,26.0,1004.2,1003.0,4.45,4.51,22.9,30.7,1,0,13.600000000000001,-25.0,0.05999999999999961,-1.2000000000000455,10.0,18.43,32.39,6.940000000000002,5.47,7.61,13.959999999999999,-11.7,-2.5700000000000047,4.2,50.0,38.3,December,69.40000000000002
Adelaide,17.9,24.3,0.2,5.47,7.61,WSW,33.0,15.0,11.0,75.0,64.0,1005.5,1006.1,4.45,4.51,19.1,22.6,0,0,6.400000000000002,-11.0,0.05999999999999961,0.6000000000000227,-4.0,18.43,31.759999999999998,7.240000000000002,5.47,7.61,13.329999999999998,-13.8,-2.2300000000000066,4.6,53.5,39.7,December,72.40000000000002
Adelaide,18.1,25.3,0.0,5.47,7.61,SW,33.0,11.0,11.0,70.0,54.0,1009.1,1007.7,4.45,4.51,18.7,23.5,0,0,7.199999999999999,-16.0,0.05999999999999961,-1.3999999999999773,0.0,18.759999999999998,31.909999999999997,7.040000000000002,5.47,7.61,13.15,-13.5,-2.1500000000000115,4.6,55.4,41.9,December,70.40000000000002
Adelaide,16.3,23.7,0.0,5.47,7.61,WSW,39.0,17.0,17.0,72.0,57.0,1011.9,1012.8,4.45,4.51,18.3,22.6,0,0,7.399999999999999,-15.0,0.05999999999999961,0.8999999999999773,0.0,19.26,31.75,7.040000000000002,5.47,7.61,12.489999999999998,-14.3,-2.040000000000009,3.4,57.4,43.1,January,70.40000000000002
Adelaide,15.7,24.6,0.2,5.47,7.61,SSE,33.0,15.0,17.0,59.0,42.0,1019.7,1018.4,4.45,4.51,18.2,23.6,0,0,8.900000000000002,-17.0,0.05999999999999961,-1.3000000000000682,2.0,19.380000000000003,30.830000000000002,7.040000000000002,5.47,7.61,11.45,-14.6,-1.5500000000000114,3.2,60.2,45.6,January,70.40000000000002
Adelaide,13.6,27.8,0.0,5.47,7.61,SE,26.0,9.0,7.0,56.0,28.0,1019.9,1016.3,4.45,4.51,18.5,27.3,0,0,14.200000000000001,-28.0,0.05999999999999961,-3.6000000000000227,-2.0,18.7,29.46,7.060000000000002,5.47,7.61,10.76,-15.9,-1.3700000000000159,2.3,64.0,48.1,January,70.60000000000002
Adelaide,18.5,33.3,0.0,5.47,7.61,SE,39.0,6.0,15.0,43.0,27.0,1015.0,1012.8,4.45,4.51,25.7,32.8,0,0,14.799999999999997,-16.0,0.05999999999999961,-2.2000000000000455,9.0,18.15,28.619999999999997,7.060000000000002,5.47,7.61,10.47,-17.0,-1.4900000000000204,1.2,65.5,48.5,January,70.60000000000002
Adelaide,23.5,35.8,0.0,5.47,7.61,ESE,50.0,6.0,9.0,35.0,33.0,1012.2,1009.5,4.45,4.51,29.7,34.9,0,0,12.299999999999997,-2.0,0.05999999999999961,-2.7000000000000455,3.0,18.310000000000002,27.82,7.060000000000002,5.47,7.61,9.51,-17.5,-1.3500000000000227,1.3,67.2,49.7,January,70.60000000000002
Adelaide,24.0,39.5,0.0,5.47,7.61,NNE,30.0,9.0,9.0,34.0,18.0,1011.1,1008.2,4.45,4.51,31.4,38.3,0,0,15.5,-16.0,0.05999999999999961,-2.8999999999999773,0.0,18.44,28.560000000000002,7.040000000000002,5.47,7.61,10.120000000000001,-16.2,-1.4000000000000228,1.0,63.1,46.9,January,70.40000000000002
Adelaide,31.4,40.7,0.0,5.47,7.61,SW,44.0,11.0,19.0,26.0,17.0,1006.7,1003.2,4.45,4.51,34.5,39.2,0,0,9.300000000000004,-9.0,0.05999999999999961,-3.5,8.0,18.73,29.520000000000003,6.460000000000003,5.47,7.61,10.790000000000001,-17.5,-1.1800000000000181,1.4,58.4,40.9,January,64.60000000000002
Adelaide,20.9,28.0,0.0,5.47,7.61,SW,28.0,7.0,13.0,57.0,49.0,1009.8,1010.4,4.45,4.51,22.6,25.6,0,0,7.100000000000001,-8.0,0.05999999999999961,0.6000000000000227,6.0,19.619999999999997,30.580000000000002,0.3400000000000014,5.47,7.61,10.96,-15.5,-1.7300000000000182,2.6,52.1,36.6,January,3.400000000000014
Adelaide,20.2,30.4,0.0,5.47,7.61,SW,24.0,6.0,9.0,70.0,38.0,1012.7,1011.3,4.45,4.51,20.9,28.9,0,0,10.2,-32.0,0.05999999999999961,-1.400000000000091,3.0,19.990000000000002,30.3,0.04000000000000142,5.47,7.61,10.309999999999999,-13.8,-1.5500000000000114,2.2,52.7,38.9,January,0.40000000000001423
Adelaide,19.5,29.3,0.0,5.47,7.61,WSW,35.0,4.0,15.0,60.0,50.0,1012.6,1011.5,4.45,4.51,23.6,26.7,0,0,9.8,-10.0,0.05999999999999961,-1.1000000000000227,11.0,20.220000000000002,30.910000000000004,0.020000000000001423,5.47,7.61,10.690000000000001,-15.9,-1.7500000000000226,2.9,52.2,36.3,January,0.20000000000001422
Adelaide,15.8,28.0,0.0,5.47,7.61,WSW,33.0,9.0,19.0,59.0,50.0,1015.3,1013.4,4.45,4.51,20.3,25.5,0,0,12.2,-9.0,0.05999999999999961,-1.8999999999999773,10.0,20.360000000000003,31.310000000000002,0.020000000000001423,5.47,7.61,10.95,-15.3,-1.7200000000000273,4.0,51.2,35.9,January,0.20000000000001422
Adelaide,15.7,37.2,0.0,5.47,7.61,WNW,39.0,2.0,13.0,45.0,22.0,1011.2,1005.8,4.45,4.51,22.0,34.2,0,1,21.500000000000004,-23.0,0.05999999999999961,-5.400000000000091,11.0,20.31,31.74,0.020000000000001423,5.47,7.61,11.43,-14.7,-2.0000000000000226,5.0,49.9,35.2,January,0.20000000000001422
Adelaide,21.7,23.4,11.8,5.47,7.61,W,44.0,6.0,19.0,95.0,65.0,1002.5,1005.5,4.45,4.51,21.9,22.4,1,1,1.6999999999999993,-30.0,0.05999999999999961,3.0,13.0,20.31,33.0,0.0,5.47,7.61,12.690000000000001,-15.3,-2.410000000000025,5.9,48.5,33.2,January,0.0
Adelaide,17.0,23.3,7.8,5.47,7.61,WSW,37.0,15.0,19.0,55.0,46.0,1015.2,1017.0,4.45,4.51,18.0,22.5,1,0,6.300000000000001,-9.0,0.05999999999999961,1.7999999999999545,4.0,21.119999999999997,32.56,1.1800000000000015,5.47,7.61,11.440000000000001,-15.5,-1.7500000000000226,7.4,52.4,36.9,January,11.800000000000015
Adelaide,13.8,26.1,0.0,5.47,7.61,WSW,28.0,7.0,13.0,62.0,48.0,1020.7,1017.3,4.45,4.51,17.8,24.9,0,0,12.3,-14.0,0.05999999999999961,-3.400000000000091,6.0,20.97,31.559999999999995,1.9600000000000015,5.47,7.61,10.59,-14.8,-1.3500000000000227,6.9,53.6,38.8,January,19.600000000000016
Adelaide,15.1,36.1,0.0,5.47,7.61,W,26.0,2.0,11.0,46.0,17.0,1014.0,1010.8,4.45,4.51,23.8,34.2,0,0,21.0,-29.0,0.05999999999999961,-3.2000000000000455,9.0,20.0,30.589999999999996,1.9600000000000015,5.47,7.61,10.59,-16.0,-1.4200000000000272,7.2,56.3,40.3,January,19.600000000000016
Adelaide,18.7,41.1,0.0,5.47,7.61,SSE,41.0,2.0,17.0,30.0,7.0,1008.6,1006.3,4.45,4.51,29.1,39.9,0,0,22.400000000000002,-23.0,0.05999999999999961,-2.300000000000068,15.0,19.11,30.25,1.9600000000000015,5.47,7.61,11.14,-17.3,-1.4500000000000342,8.1,57.5,40.2,January,19.600000000000016
Adelaide,18.4,27.2,0.0,5.47,7.61,ESE,30.0,6.0,9.0,63.0,34.0,1016.1,1013.8,4.45,4.51,19.0,25.8,0,0,8.8,-29.0,0.05999999999999961,-2.300000000000068,3.0,17.839999999999996,30.29,1.9600000000000015,5.47,7.61,12.45,-18.7,-1.330000000000041,8.8,57.9,39.2,January,19.600000000000016
Adelaide,18.8,38.2,0.0,5.47,7.61,NW,74.0,6.0,11.0,39.0,24.0,1009.1,1002.8,4.45,4.51,23.9,36.5,0,1,19.400000000000002,-15.0,0.05999999999999961,-6.300000000000068,5.0,17.59,30.21,1.9600000000000015,5.47,7.61,12.620000000000001,-20.8,-1.62000000000005,8.5,58.5,37.7,January,19.600000000000016
Adelaide,18.2,24.3,21.0,5.47,7.61,SSW,44.0,17.0,13.0,74.0,48.0,1005.2,1008.4,4.45,4.51,18.4,23.3,1,0,6.100000000000001,-26.0,0.05999999999999961,3.199999999999932,-4.0,17.45,30.990000000000002,1.9600000000000015,5.47,7.61,13.540000000000001,-19.1,-2.110000000000048,8.7,55.4,36.3,January,19.600000000000016
Adelaide,13.2,26.5,0.0,5.47,7.61,WSW,28.0,4.0,15.0,61.0,42.0,1016.0,1013.8,4.45,4.51,18.3,25.5,0,0,13.3,-19.0,0.05999999999999961,-2.2000000000000455,11.0,17.32,30.490000000000002,4.060000000000001,5.47,7.61,13.170000000000002,-20.7,-1.6800000000000523,7.2,56.8,36.1,January,40.600000000000016
Adelaide,17.3,34.2,0.0,5.47,7.61,N,30.0,9.0,13.0,32.0,24.0,1013.3,1009.3,4.45,4.51,25.7,32.7,0,0,16.900000000000002,-8.0,0.05999999999999961,-4.0,4.0,17.06,30.340000000000003,4.060000000000001,5.47,7.61,13.280000000000001,-21.7,-1.710000000000059,7.3,57.0,35.3,January,40.600000000000016
Adelaide,24.5,33.0,0.0,5.47,7.61,WSW,37.0,7.0,6.0,25.0,79.0,1004.9,1006.2,4.45,4.51,30.8,25.6,0,1,8.5,54.0,0.05999999999999961,1.3000000000000682,-1.0,17.22,30.040000000000003,4.060000000000001,5.47,7.61,12.820000000000002,-20.2,-1.57000000000005,6.6,55.7,35.5,January,40.600000000000016
Adelaide,16.2,25.2,6.4,5.47,7.61,SSW,35.0,11.0,17.0,67.0,41.0,1017.4,1018.0,4.45,4.51,19.1,24.1,1,0,9.0,-26.0,0.05999999999999961,0.6000000000000227,6.0,17.5,31.0,2.8800000000000017,5.47,7.61,13.5,-11.8,-1.7400000000000433,5.2,48.7,36.9,January,28.800000000000015
Adelaide,12.4,27.4,0.0,5.47,7.61,WSW,31.0,2.0,17.0,51.0,38.0,1021.4,1019.3,4.45,4.51,18.8,25.6,0,0,14.999999999999998,-13.0,0.05999999999999961,-2.1000000000000227,15.0,17.419999999999998,31.190000000000005,2.740000000000001,5.47,7.61,13.77,-13.5,-1.8600000000000363,5.4,49.9,36.4,January,27.400000000000013
Adelaide,13.7,28.0,0.0,5.47,7.61,SE,26.0,4.0,7.0,56.0,37.0,1020.8,1018.3,4.45,4.51,19.5,26.7,0,0,14.3,-19.0,0.05999999999999961,-2.5,3.0,17.279999999999998,31.32,2.740000000000001,5.47,7.61,14.040000000000001,-13.4,-1.7300000000000295,6.3,48.8,35.4,January,27.400000000000013
Adelaide,15.1,32.2,0.0,5.47,7.61,WNW,22.0,4.0,9.0,62.0,28.0,1016.8,1014.0,4.45,4.51,20.3,30.9,0,0,17.1,-34.0,0.05999999999999961,-2.7999999999999545,5.0,17.14,30.509999999999998,2.740000000000001,5.47,7.61,13.370000000000001,-12.4,-1.660000000000025,5.7,49.8,37.4,January,27.400000000000013
Adelaide,16.2,32.3,0.0,5.47,7.61,WSW,26.0,2.0,13.0,46.0,24.0,1014.8,1014.9,4.45,4.51,24.5,31.0,0,0,16.099999999999998,-22.0,0.05999999999999961,0.10000000000002274,11.0,16.78,29.620000000000005,2.740000000000001,5.47,7.61,12.84,-13.5,-1.7100000000000137,4.7,53.0,39.5,January,27.400000000000013
Adelaide,16.3,39.0,0.0,5.47,7.61,WSW,20.0,0.0,9.0,42.0,17.0,1016.4,1012.9,4.45,4.51,25.3,36.9,0,0,22.7,-25.0,0.05999999999999961,-3.5,9.0,16.56,30.129999999999995,2.740000000000001,5.47,7.61,13.570000000000002,-12.8,-1.4700000000000046,5.5,51.3,38.5,January,27.400000000000013
Adelaide,24.6,28.7,0.0,5.47,7.61,SW,59.0,4.0,9.0,47.0,66.0,1010.2,1009.6,4.45,4.51,28.1,28.6,0,0,4.099999999999998,19.0,0.05999999999999961,-0.6000000000000227,5.0,16.31,30.209999999999997,2.740000000000001,5.47,7.61,13.9,-13.8,-1.1899999999999977,5.9,51.6,37.8,January,27.400000000000013
Adelaide,17.1,26.0,0.0,5.47,7.61,WSW,39.0,11.0,20.0,100.0,47.0,1016.7,1016.2,4.45,4.51,18.9,23.5,0,0,8.899999999999999,-53.0,0.05999999999999961,-0.5,9.0,16.95,30.649999999999995,0.6400000000000015,5.47,7.61,13.7,-9.3,-1.5699999999999932,6.8,48.9,39.6,January,6.400000000000015
Adelaide,17.0,25.6,0.0,5.47,7.61,WSW,30.0,0.0,9.0,55.0,38.0,1016.4,1014.8,4.45,4.51,18.7,24.8,0,0,8.600000000000001,-17.0,0.05999999999999961,-1.6000000000000227,9.0,17.34,30.599999999999994,0.6400000000000015,5.47,7.61,13.26,-12.7,-1.3999999999999886,6.6,52.8,40.1,February,6.400000000000015
Adelaide,14.9,25.8,0.0,5.47,7.61,W,40.04,7.0,15.0,65.0,43.0,1019.6,1017.3,4.45,4.51,18.6,24.4,0,0,10.9,-22.0,0.05999999999999961,-2.300000000000068,8.0,17.31,29.74,0.6400000000000015,5.47,7.61,12.429999999999998,-13.6,-1.1599999999999908,7.1,55.1,41.5,February,6.400000000000015
Adelaide,13.4,29.7,0.0,5.47,7.61,WSW,22.0,0.0,13.0,57.0,37.0,1017.3,1014.0,4.45,4.51,19.9,28.2,0,0,16.299999999999997,-20.0,0.05999999999999961,-3.2999999999999545,13.0,16.35,29.02,0.6400000000000015,5.47,7.61,12.669999999999998,-21.2,-1.5200000000000045,8.0,59.1,37.9,February,6.400000000000015
Adelaide,17.5,30.2,0.0,5.47,7.61,WNW,28.0,6.0,11.0,44.0,46.0,1009.9,1009.9,4.45,4.51,24.5,27.5,0,1,12.7,2.0,0.05999999999999961,0.0,5.0,16.07,29.47,0.0,5.47,7.61,13.4,-20.6,-1.9100000000000024,8.7,58.1,37.5,February,0.0
Adelaide,20.8,24.9,1.2,5.47,7.61,N,35.0,11.0,9.0,81.0,82.0,1009.5,1008.4,4.45,4.51,23.5,24.7,1,1,4.099999999999998,1.0,0.05999999999999961,-1.1000000000000227,-2.0,16.580000000000002,29.75,0.0,5.47,7.61,13.169999999999998,-19.1,-1.7,7.7,57.4,38.3,February,0.0
Adelaide,16.8,19.3,29.0,5.47,7.61,E,33.0,13.0,7.0,85.0,71.0,1013.2,1014.8,4.45,4.51,17.3,18.6,1,0,2.5,-14.0,0.05999999999999961,1.599999999999909,-6.0,17.29,29.440000000000005,0.12000000000000141,5.47,7.61,12.149999999999999,-17.1,-1.5600000000000023,7.2,59.9,42.8,February,1.2000000000000142
Adelaide,14.1,31.7,0.0,5.47,7.61,W,40.04,7.0,11.0,62.0,45.0,1018.5,1014.7,4.45,4.51,18.9,27.9,0,0,17.6,-17.0,0.05999999999999961,-3.7999999999999545,4.0,17.46,28.15,3.0200000000000014,5.47,7.61,10.69,-15.1,-1.1200000000000159,6.1,62.2,47.1,February,30.200000000000014
Adelaide,18.6,42.4,2.36,5.47,7.61,NNE,35.0,13.0,13.0,44.0,24.0,1011.8,1008.2,4.45,4.51,31.7,41.2,0,0,23.799999999999997,-20.0,0.05999999999999961,-3.599999999999909,0.0,17.25,28.090000000000003,3.0200000000000014,5.47,7.61,10.84,-14.6,-1.5100000000000136,5.4,63.8,49.2,February,30.200000000000014
Adelaide,25.8,41.0,0.0,5.47,7.61,N,20.0,4.0,7.0,43.0,30.0,1008.0,1007.2,4.45,4.51,33.1,38.5,0,0,15.2,-13.0,0.05999999999999961,-0.7999999999999545,3.0,17.48,28.43,3.2560000000000016,5.47,7.61,10.95,-14.1,-1.5200000000000045,4.5,64.0,49.9,February,32.56000000000002
Adelaide,24.2,40.0,0.0,5.47,7.61,WSW,24.0,6.0,9.0,61.0,36.0,1009.7,1007.8,4.45,4.51,29.0,38.0,0,0,15.8,-25.0,0.05999999999999961,-1.900000000000091,3.0,17.6,29.660000000000004,3.2560000000000016,5.47,7.61,12.059999999999999,-17.3,-1.5399999999999978,4.3,63.6,46.3,February,32.56000000000002
Adelaide,25.0,34.0,0.0,5.47,7.61,SSW,33.0,6.0,15.0,75.0,44.0,1009.1,1008.5,4.45,4.51,26.7,32.2,0,0,9.0,-31.0,0.05999999999999961,-0.6000000000000227,9.0,18.310000000000002,31.060000000000002,3.2560000000000016,5.47,7.61,12.75,-14.5,-1.6800000000000068,3.7,59.7,45.2,February,32.56000000000002
Adelaide,17.2,23.4,0.0,5.47,7.61,S,41.0,13.0,19.0,59.0,36.0,1015.7,1015.7,4.45,4.51,17.7,21.9,0,0,6.199999999999999,-23.0,0.05999999999999961,0.0,6.0,19.110000000000003,31.9,3.2560000000000016,5.47,7.61,12.790000000000001,-15.9,-1.5800000000000067,3.7,61.7,45.8,February,32.56000000000002
Adelaide,16.0,24.3,0.0,5.47,7.61,WSW,31.0,15.0,11.0,60.0,47.0,1019.2,1018.2,4.45,4.51,17.4,23.3,0,0,8.3,-13.0,0.05999999999999961,-1.0,-4.0,19.34,31.660000000000004,3.2560000000000016,5.47,7.61,12.319999999999999,-16.0,-1.35,3.5,61.1,45.1,February,32.56000000000002
Adelaide,15.1,28.1,0.0,5.47,7.61,WSW,24.0,9.0,11.0,68.0,50.0,1020.3,1017.4,4.45,4.51,18.2,25.1,0,0,13.000000000000002,-18.0,0.05999999999999961,-2.8999999999999773,2.0,19.6,31.119999999999997,3.2560000000000016,5.47,7.61,11.52,-15.3,-1.1200000000000045,1.8,61.4,46.1,February,32.56000000000002
Adelaide,18.1,33.4,0.0,5.47,7.61,NNW,37.0,11.0,15.0,29.0,28.0,1011.9,1010.0,4.45,4.51,25.3,31.6,0,0,15.299999999999997,-1.0,0.05999999999999961,-1.8999999999999773,4.0,19.36,30.909999999999997,3.2560000000000016,5.47,7.61,11.55,-17.3,-1.4100000000000024,1.5,63.8,46.5,February,32.56000000000002
Adelaide,18.1,26.9,0.0,5.47,7.61,WSW,30.0,4.0,13.0,67.0,50.0,1012.2,1010.9,4.45,4.51,22.3,26.0,0,0,8.799999999999997,-17.0,0.05999999999999961,-1.3000000000000682,9.0,19.09,31.76,3.1360000000000015,5.47,7.61,12.67,-17.5,-1.4899999999999978,2.1,58.6,41.1,February,31.360000000000014
Adelaide,15.6,23.4,0.0,5.47,7.61,WSW,41.0,13.0,15.0,58.0,54.0,1013.9,1013.6,4.45,4.51,19.1,22.3,0,0,7.799999999999999,-4.0,0.05999999999999961,-0.2999999999999545,2.0,19.22,32.519999999999996,0.2360000000000014,5.47,7.61,13.3,-17.8,-1.7799999999999954,3.6,56.8,39.0,February,2.360000000000014
Adelaide,15.9,20.6,0.0,5.47,7.61,SSW,39.0,17.0,20.0,51.0,44.0,1015.9,1016.4,4.45,4.51,16.9,19.3,0,1,4.700000000000001,-7.0,0.05999999999999961,0.5,3.0,19.37,31.689999999999998,0.2360000000000014,5.47,7.61,12.32,-16.5,-1.4299999999999955,3.4,56.4,39.9,February,2.360000000000014
Adelaide,12.1,20.3,2.4,5.47,7.61,SW,37.0,2.0,17.0,85.0,60.0,1017.7,1016.6,4.45,4.51,14.3,18.7,1,0,8.200000000000001,-25.0,0.05999999999999961,-1.1000000000000227,15.0,19.1,29.51,0.0,5.47,7.61,10.41,-15.2,-1.0200000000000045,3.7,57.1,41.9,February,0.0
Adelaide,13.2,23.1,0.8,5.47,7.61,WSW,31.0,4.0,17.0,55.0,37.0,1018.9,1017.7,4.45,4.51,17.1,21.9,0,0,9.900000000000002,-18.0,0.05999999999999961,-1.1999999999999318,13.0,17.73,27.439999999999998,0.2400000000000014,5.47,7.61,9.709999999999999,-16.4,-1.0500000000000114,4.9,61.3,44.9,February,2.400000000000014
Adelaide,11.7,31.1,0.0,5.47,7.61,N,26.0,7.0,7.0,40.0,24.0,1019.2,1015.0,4.45,4.51,19.2,28.8,0,0,19.400000000000002,-16.0,0.05999999999999961,-4.2000000000000455,0.0,16.630000000000003,25.75,0.32000000000000145,5.47,7.61,9.12,-15.7,-0.9799999999999954,5.9,60.7,45.0,February,3.2000000000000144
Adelaide,19.2,30.3,0.0,5.47,7.61,WSW,48.0,17.0,22.0,18.0,33.0,1009.2,1011.7,4.45,4.51,28.1,26.2,0,0,11.100000000000001,15.0,0.05999999999999961,2.5,5.0,15.3,25.46,0.32000000000000145,5.47,7.61,10.16,-14.2,-1.3399999999999976,5.0,57.2,43.0,February,3.2000000000000144
Adelaide,17.9,24.9,0.0,5.47,7.61,WSW,31.0,13.0,13.0,62.0,47.0,1020.3,1021.1,4.45,4.51,19.6,24.0,0,0,7.0,-15.0,0.05999999999999961,0.8000000000000682,0.0,15.5,26.15,0.32000000000000145,5.47,7.61,10.65,-10.4,-1.0899999999999976,4.9,53.1,42.7,February,3.2000000000000144
Adelaide,14.5,24.5,0.0,5.47,7.61,SSW,37.0,11.0,13.0,55.0,38.0,1027.0,1025.1,4.45,4.51,17.7,23.4,0,0,10.0,-17.0,0.05999999999999961,-1.900000000000091,2.0,15.689999999999998,26.21,0.32000000000000145,5.47,7.61,10.52,-10.6,-0.9099999999999909,5.3,53.3,42.7,February,3.2000000000000144
Adelaide,14.5,24.8,0.0,5.47,7.61,SE,35.0,6.0,13.0,52.0,35.0,1025.6,1022.8,4.45,4.51,17.8,23.6,0,0,10.3,-17.0,0.05999999999999961,-2.7999999999999545,7.0,15.63,25.85,0.32000000000000145,5.47,7.61,10.219999999999999,-10.5,-0.8100000000000023,5.3,52.0,41.5,February,3.2000000000000144
Adelaide,12.2,27.0,0.0,5.47,7.61,SW,26.0,2.0,13.0,52.0,35.0,1021.2,1018.1,4.45,4.51,17.2,26.0,0,0,14.8,-17.0,0.05999999999999961,-3.1000000000000227,11.0,15.27,24.990000000000002,0.32000000000000145,5.47,7.61,9.72,-12.1,-0.9,5.6,54.3,42.2,February,3.2000000000000144
Adelaide,14.1,35.0,0.0,5.47,7.61,ESE,35.0,4.0,15.0,58.0,28.0,1018.4,1015.9,4.45,4.51,21.7,33.2,0,0,20.9,-30.0,0.05999999999999961,-2.5,11.0,14.679999999999998,25.0,0.32000000000000145,5.47,7.61,10.32,-12.1,-1.0799999999999954,5.8,52.8,40.7,February,3.2000000000000144
Adelaide,21.7,38.4,0.0,5.47,7.61,ESE,35.0,9.0,6.0,22.0,18.0,1017.7,1015.7,4.45,4.51,30.0,36.8,0,0,16.7,-4.0,0.05999999999999961,-2.0,-3.0,14.529999999999998,26.160000000000004,0.32000000000000145,5.47,7.61,11.63,-14.7,-1.3,6.7,52.8,38.1,February,3.2000000000000144
Adelaide,23.0,38.6,0.0,5.47,7.61,W,26.0,7.0,15.0,23.0,14.0,1017.7,1016.4,4.45,4.51,30.9,38.1,0,0,15.600000000000001,-9.0,0.05999999999999961,-1.3000000000000682,8.0,15.109999999999996,27.940000000000005,0.32000000000000145,5.47,7.61,12.830000000000002,-14.4,-1.55,6.1,49.9,35.5,March,3.2000000000000144
Adelaide,21.1,36.2,0.0,5.47,7.61,SE,33.0,4.0,11.0,46.0,21.0,1018.3,1017.0,4.45,4.51,26.0,35.9,0,0,15.100000000000001,-25.0,0.05999999999999961,-1.2999999999999545,7.0,16.2,29.77,0.08000000000000143,5.47,7.61,13.570000000000002,-12.8,-1.5700000000000045,5.4,43.7,30.9,March,0.8000000000000143
Adelaide,18.9,34.0,0.0,5.47,7.61,ESE,30.0,0.0,9.0,47.0,24.0,1019.9,1017.4,4.45,4.51,25.1,32.6,0,0,15.100000000000001,-23.0,0.05999999999999961,-2.5,9.0,16.990000000000002,31.079999999999995,0.0,5.47,7.61,14.09,-13.5,-1.5800000000000067,4.8,42.8,29.3,March,0.0
Adelaide,19.0,32.5,0.0,5.47,7.61,WSW,35.0,0.0,20.0,50.0,26.0,1016.3,1014.8,4.45,4.51,24.8,31.7,0,0,13.5,-24.0,0.05999999999999961,-1.5,20.0,17.71,31.370000000000005,0.0,5.47,7.61,13.66,-14.2,-1.4100000000000024,5.7,43.5,29.3,March,0.0
Adelaide,15.0,26.9,0.0,5.47,7.61,S,39.0,13.0,13.0,61.0,41.0,1017.5,1015.4,4.45,4.51,19.4,26.1,0,0,11.899999999999999,-20.0,0.05999999999999961,-2.1000000000000227,0.0,17.689999999999998,31.589999999999996,0.0,5.47,7.61,13.9,-18.1,-1.8100000000000023,7.2,46.7,28.6,March,0.0
Adelaide,16.7,28.8,0.0,5.47,7.61,SSE,30.0,6.0,7.0,69.0,41.0,1017.6,1014.6,4.45,4.51,18.6,27.5,0,0,12.100000000000001,-28.0,0.05999999999999961,-3.0,1.0,17.4,31.790000000000003,0.0,5.47,7.61,14.39,-18.6,-2.100000000000011,7.2,46.6,28.0,March,0.0
Adelaide,18.3,32.2,0.0,5.47,7.61,SW,30.0,0.0,17.0,54.0,39.0,1015.6,1013.3,4.45,4.51,23.3,30.4,0,0,13.900000000000002,-15.0,0.05999999999999961,-2.300000000000068,17.0,17.62,32.220000000000006,0.0,5.47,7.61,14.6,-19.7,-2.210000000000002,7.1,48.0,28.3,March,0.0
Adelaide,19.1,33.0,0.0,5.47,7.61,SW,31.0,6.0,15.0,45.0,29.0,1014.3,1012.8,4.45,4.51,23.3,31.3,0,0,13.899999999999999,-16.0,0.05999999999999961,-1.5,9.0,18.0,32.96,0.0,5.47,7.61,14.959999999999999,-19.5,-2.1600000000000135,8.1,48.2,28.7,March,0.0
Adelaide,17.3,32.9,0.0,5.47,7.61,WSW,26.0,0.0,13.0,48.0,22.0,1016.4,1015.3,4.45,4.51,22.6,31.7,0,0,15.599999999999998,-26.0,0.05999999999999961,-1.1000000000000227,13.0,18.69,33.56,0.0,5.47,7.61,14.870000000000001,-19.4,-2.0000000000000115,7.9,47.5,28.1,March,0.0
Adelaide,15.1,31.5,2.36,5.47,7.61,W,40.04,0.0,11.0,42.0,19.0,1017.1,1015.3,4.45,4.51,20.1,30.8,0,0,16.4,-23.0,0.05999999999999961,-1.8000000000000682,11.0,19.009999999999998,33.35,0.0,5.47,7.61,14.34,-19.0,-1.8600000000000136,8.1,46.5,27.5,March,0.0
Adelaide,19.2,30.7,0.0,5.47,7.61,WSW,37.0,7.0,2.0,40.0,35.0,1010.7,1007.0,4.45,4.51,23.9,28.6,0,1,11.5,-5.0,0.05999999999999961,-3.7000000000000455,-5.0,18.35,32.66,0.2360000000000014,5.47,7.61,14.309999999999999,-20.9,-1.8400000000000205,9.5,48.5,27.6,March,2.360000000000014
Adelaide,16.9,21.7,1.4,5.47,7.61,WSW,43.0,13.0,20.0,78.0,69.0,1004.8,1005.5,4.45,4.51,18.7,20.0,1,1,4.800000000000001,-9.0,0.05999999999999961,0.7000000000000455,7.0,17.97,31.870000000000005,0.2360000000000014,5.47,7.61,13.9,-20.5,-2.0800000000000183,8.2,50.2,29.7,March,2.360000000000014
Adelaide,16.4,23.4,7.2,5.47,7.61,SSE,26.0,9.0,15.0,74.0,63.0,1015.1,1015.4,4.45,4.51,18.0,21.1,1,0,7.0,-11.0,0.05999999999999961,0.2999999999999545,6.0,17.55,30.419999999999998,0.3760000000000014,5.47,7.61,12.87,-18.9,-1.880000000000018,8.2,53.4,34.5,March,3.760000000000014
Adelaide,15.2,30.2,0.0,5.47,7.61,WSW,26.0,0.0,15.0,72.0,41.0,1016.6,1014.2,4.45,4.51,21.5,28.8,0,0,15.0,-31.0,0.05999999999999961,-2.3999999999999773,15.0,17.3,29.360000000000003,1.0960000000000014,5.47,7.61,12.059999999999999,-17.7,-1.6000000000000227,7.9,56.1,38.4,March,10.960000000000015
Adelaide,19.0,35.4,0.0,5.47,7.61,W,40.04,7.0,15.0,40.0,22.0,1011.5,1008.0,4.45,4.51,26.2,33.5,0,0,16.4,-18.0,0.05999999999999961,-3.5,8.0,16.92,29.130000000000003,1.0960000000000014,5.47,7.61,12.209999999999999,-18.4,-1.6900000000000204,7.4,58.3,39.9,March,10.960000000000015
Adelaide,18.2,23.3,0.0,5.47,7.61,WSW,44.0,17.0,22.0,49.0,41.0,1015.3,1016.4,4.45,4.51,19.7,22.9,0,0,5.100000000000001,-8.0,0.05999999999999961,1.1000000000000227,5.0,17.32,29.98,1.0960000000000014,5.47,7.61,12.66,-18.2,-1.8300000000000183,8.2,56.2,38.0,March,10.960000000000015
Adelaide,12.5,27.3,0.0,5.47,7.61,ESE,26.0,6.0,9.0,53.0,22.0,1023.5,1021.2,4.45,4.51,16.5,26.3,0,0,14.8,-31.0,0.05999999999999961,-2.2999999999999545,3.0,17.47,29.43,1.0960000000000014,5.47,7.61,11.959999999999999,-16.2,-1.420000000000016,8.6,54.2,38.0,March,10.960000000000015
Adelaide,12.7,33.5,0.0,5.47,7.61,NNE,24.0,0.0,6.0,54.0,12.0,1022.2,1019.2,4.45,4.51,19.2,33.3,0,0,20.8,-42.0,0.05999999999999961,-3.0,6.0,16.889999999999997,28.939999999999998,1.0960000000000014,5.47,7.61,12.049999999999999,-17.8,-1.4200000000000046,7.2,54.1,36.3,March,10.960000000000015
Adelaide,16.3,34.6,0.0,5.47,7.61,ESE,30.0,0.0,15.0,48.0,19.0,1017.1,1013.4,4.45,4.51,23.3,34.2,0,0,18.3,-29.0,0.05999999999999961,-3.7000000000000455,15.0,16.25,28.99,1.0960000000000014,5.47,7.61,12.74,-20.4,-1.5700000000000045,6.9,55.0,34.6,March,10.960000000000015
Adelaide,23.2,34.4,0.0,5.47,7.61,SE,41.0,0.0,11.0,42.0,83.0,1011.5,1010.8,4.45,4.51,26.6,23.6,0,1,11.2,41.0,0.05999999999999961,-0.7000000000000455,11.0,16.15,29.160000000000004,1.0960000000000014,5.47,7.61,13.01,-20.7,-1.8300000000000067,7.1,55.0,34.3,March,10.960000000000015
Adelaide,21.5,29.9,26.8,5.47,7.61,E,37.0,7.0,7.0,65.0,52.0,1010.3,1009.6,4.45,4.51,24.6,28.5,1,0,8.399999999999999,-13.0,0.05999999999999961,-0.6999999999999318,0.0,16.96,29.45,0.8600000000000015,5.47,7.61,12.49,-14.3,-1.7200000000000046,7.1,55.0,40.7,March,8.600000000000016
Adelaide,19.2,22.6,0.0,5.47,7.61,SE,33.0,9.0,17.0,73.0,64.0,1017.0,1016.8,4.45,4.51,19.8,21.9,0,0,3.400000000000002,-9.0,0.05999999999999961,-0.20000000000004547,8.0,17.19,29.369999999999997,3.540000000000002,5.47,7.61,12.18,-15.1,-1.4199999999999933,7.6,57.5,42.4,March,35.40000000000002
Adelaide,17.7,29.0,0.0,5.47,7.61,WSW,26.0,2.0,9.0,75.0,50.0,1019.0,1015.1,4.45,4.51,18.6,28.0,0,0,11.3,-25.0,0.05999999999999961,-3.8999999999999773,7.0,17.419999999999998,29.459999999999997,3.4000000000000012,5.47,7.61,12.040000000000001,-15.1,-1.5100000000000022,7.7,57.0,41.9,March,34.000000000000014
Adelaide,18.5,32.5,0.0,5.47,7.61,E,30.0,9.0,6.0,59.0,49.0,1014.8,1011.9,4.45,4.51,24.2,32.0,0,0,14.0,-10.0,0.05999999999999961,-2.8999999999999773,-3.0,17.55,30.02,2.6800000000000015,5.47,7.61,12.47,-16.5,-1.9299999999999955,7.8,57.1,40.6,March,26.800000000000015
Adelaide,20.5,27.7,0.0,5.47,7.61,WSW,19.0,6.0,9.0,76.0,63.0,1013.7,1013.0,4.45,4.51,21.6,27.0,0,0,7.199999999999999,-13.0,0.05999999999999961,-0.7000000000000455,3.0,17.88,30.25,2.6800000000000015,5.47,7.61,12.370000000000001,-14.4,-1.9799999999999955,6.0,55.8,41.4,March,26.800000000000015
Adelaide,20.7,33.3,0.0,5.47,7.61,ENE,24.0,0.0,6.0,72.0,56.0,1012.4,1009.3,4.45,4.51,22.9,32.9,0,0,12.599999999999998,-16.0,0.05999999999999961,-3.1000000000000227,6.0,18.029999999999998,29.48,2.6800000000000015,5.47,7.61,11.450000000000001,-13.9,-1.7,5.5,59.4,45.5,March,26.800000000000015
Adelaide,20.8,23.9,0.0,5.47,7.61,WSW,50.0,17.0,19.0,62.0,41.0,1013.2,1014.9,4.45,4.51,21.6,22.9,0,0,3.099999999999998,-21.0,0.05999999999999961,1.6999999999999318,2.0,18.28,30.479999999999997,2.6800000000000015,5.47,7.61,12.2,-14.7,-2.1200000000000045,5.6,61.7,47.0,March,26.800000000000015
Adelaide,13.8,24.6,0.0,5.47,7.61,NNW,24.0,9.0,9.0,69.0,44.0,1016.9,1014.3,4.45,4.51,16.4,24.0,0,0,10.8,-25.0,0.05999999999999961,-2.6000000000000227,0.0,19.11,30.140000000000004,2.6800000000000015,5.47,7.61,11.03,-13.7,-1.720000000000016,5.5,62.6,48.9,March,26.800000000000015
Adelaide,14.3,22.7,0.0,5.47,7.61,SW,46.0,7.0,24.0,79.0,93.0,1012.1,1011.6,4.45,4.51,16.6,16.2,0,1,8.399999999999999,14.0,0.05999999999999961,-0.5,17.0,19.22,29.25,2.6800000000000015,5.47,7.61,10.030000000000001,-12.0,-1.6800000000000181,4.9,64.1,52.1,March,26.800000000000015
Adelaide,10.9,19.7,4.0,5.47,7.61,WSW,37.0,11.0,11.0,66.0,46.0,1022.6,1023.1,4.45,4.51,13.8,17.7,1,0,8.799999999999999,-20.0,0.05999999999999961,0.5,0.0,19.020000000000003,28.059999999999995,2.6800000000000015,5.47,7.61,9.04,-7.7,-1.3600000000000136,5.1,67.2,59.5,March,26.800000000000015
Adelaide,8.8,20.1,0.0,5.47,7.61,SW,28.0,6.0,13.0,71.0,47.0,1025.2,1023.0,4.45,4.51,13.0,18.4,0,0,11.3,-24.0,0.05999999999999961,-2.2000000000000455,7.0,17.79,26.589999999999996,3.0800000000000014,5.47,7.61,8.799999999999999,-13.8,-1.240000000000009,4.0,69.6,55.8,March,30.800000000000015
Adelaide,11.4,21.6,0.2,5.47,7.61,WSW,33.0,2.0,13.0,75.0,45.0,1025.4,1024.9,4.45,4.51,16.1,20.3,0,0,10.200000000000001,-30.0,0.05999999999999961,-0.5,11.0,16.52,25.610000000000003,0.4000000000000014,5.47,7.61,9.09,-14.9,-1.3900000000000206,4.7,70.2,55.3,April,4.000000000000014
Adelaide,11.6,21.0,0.0,5.47,7.61,SSE,30.0,9.0,15.0,51.0,34.0,1031.6,1028.8,4.45,4.51,16.3,20.4,0,0,9.4,-17.0,0.05999999999999961,-2.7999999999999545,6.0,15.74,25.509999999999998,0.4200000000000014,5.47,7.61,9.77,-17.0,-1.420000000000016,5.0,70.4,53.4,April,4.200000000000014
Adelaide,10.5,21.8,0.0,5.47,7.61,SE,30.0,9.0,11.0,48.0,31.0,1031.3,1027.2,4.45,4.51,15.9,21.5,0,0,11.3,-17.0,0.05999999999999961,-4.099999999999909,2.0,15.13,24.71,0.4200000000000014,5.47,7.61,9.58,-16.2,-1.3100000000000136,4.9,68.0,51.8,April,4.200000000000014
Adelaide,9.8,26.9,0.0,5.47,7.61,SW,24.0,6.0,11.0,52.0,29.0,1027.2,1022.6,4.45,4.51,17.9,26.5,0,0,17.099999999999998,-23.0,0.05999999999999961,-4.600000000000023,5.0,14.330000000000002,23.639999999999997,0.4200000000000014,5.47,7.61,9.309999999999999,-16.9,-1.4300000000000068,5.4,66.9,50.0,April,4.200000000000014
Adelaide,16.1,28.9,0.0,5.47,7.61,ESE,31.0,9.0,9.0,30.0,17.0,1023.1,1019.0,4.45,4.51,22.4,26.8,0,0,12.799999999999997,-13.0,0.05999999999999961,-4.100000000000023,0.0,13.26,23.56,0.4200000000000014,5.47,7.61,10.3,-17.9,-1.8200000000000045,5.6,64.5,46.6,April,4.200000000000014
Adelaide,11.4,29.4,0.0,5.47,7.61,NNW,22.0,6.0,11.0,32.0,18.0,1021.7,1018.5,4.45,4.51,21.6,28.8,0,0,18.0,-14.0,0.05999999999999961,-3.2000000000000455,5.0,12.8,23.12,0.4200000000000014,5.47,7.61,10.319999999999999,-17.6,-1.9200000000000046,5.0,60.3,42.7,April,4.200000000000014
Adelaide,14.9,30.2,0.0,5.47,7.61,NNW,30.0,7.0,11.0,33.0,17.0,1020.5,1016.7,4.45,4.51,23.3,29.3,0,0,15.299999999999999,-16.0,0.05999999999999961,-3.7999999999999545,4.0,11.860000000000001,23.67,0.4200000000000014,5.47,7.61,11.809999999999999,-16.9,-2.4100000000000024,5.3,57.3,40.4,April,4.200000000000014
Adelaide,14.4,29.1,0.0,5.47,7.61,N,35.0,9.0,17.0,31.0,59.0,1016.4,1013.4,4.45,4.51,24.4,23.5,0,1,14.700000000000001,28.0,0.05999999999999961,-3.0,8.0,11.97,24.23,0.4200000000000014,5.47,7.61,12.26,-16.0,-2.5299999999999954,5.7,53.7,37.7,April,4.200000000000014
Adelaide,13.3,17.5,2.6,5.47,7.61,SW,63.0,20.0,26.0,44.0,43.0,1019.0,1020.2,4.45,4.51,15.4,16.0,1,0,4.199999999999999,-1.0,0.05999999999999961,1.2000000000000455,6.0,11.98,24.869999999999997,0.4200000000000014,5.47,7.61,12.89,-14.6,-2.7799999999999954,4.8,48.9,34.3,April,4.200000000000014
Adelaide,11.7,18.9,0.8,5.47,7.61,SSW,33.0,13.0,11.0,54.0,58.0,1024.9,1024.2,4.45,4.51,15.6,16.8,0,0,7.199999999999999,4.0,0.05999999999999961,-0.7000000000000455,-2.0,12.22,24.65,0.28000000000000147,5.47,7.61,12.43,-12.7,-2.709999999999991,5.4,46.7,34.0,April,2.8000000000000145
Adelaide,9.9,20.8,0.0,5.47,7.61,ENE,26.0,7.0,13.0,71.0,51.0,1027.5,1024.3,4.45,4.51,15.4,20.1,0,0,10.9,-20.0,0.05999999999999961,-3.2000000000000455,6.0,12.510000000000002,24.529999999999998,0.3600000000000015,5.47,7.61,12.02,-9.9,-2.5599999999999907,4.5,45.0,35.1,April,3.6000000000000147
Adelaide,10.9,24.2,0.0,5.47,7.61,WSW,20.0,2.0,11.0,63.0,47.0,1025.9,1022.3,4.45,4.51,17.1,22.7,0,0,13.299999999999999,-16.0,0.05999999999999961,-3.6000000000001364,9.0,12.36,24.45,0.34000000000000147,5.47,7.61,12.09,-8.9,-2.8299999999999956,4.0,44.6,35.7,April,3.4000000000000146
Adelaide,10.4,26.0,0.0,5.47,7.61,SW,24.0,0.0,13.0,56.0,40.0,1025.2,1023.2,4.45,4.51,18.7,24.9,0,0,15.6,-16.0,0.05999999999999961,-2.0,13.0,12.290000000000001,24.77,0.34000000000000147,5.47,7.61,12.48,-8.8,-2.9100000000000135,4.3,45.8,37.0,April,3.4000000000000146
Adelaide,9.6,23.5,0.0,5.47,7.61,SW,22.0,0.0,11.0,55.0,47.0,1025.7,1022.8,4.45,4.51,18.3,23.0,0,0,13.9,-8.0,0.05999999999999961,-2.900000000000091,11.0,12.280000000000001,25.19,0.34000000000000147,5.47,7.61,12.91,-8.7,-2.700000000000023,5.4,46.6,37.9,April,3.4000000000000146
Adelaide,9.4,26.0,0.0,5.47,7.61,WSW,20.0,2.0,7.0,58.0,45.0,1021.4,1017.6,4.45,4.51,17.1,25.2,0,0,16.6,-13.0,0.05999999999999961,-3.7999999999999545,5.0,12.260000000000002,24.85,0.34000000000000147,5.47,7.61,12.59,-7.2,-2.5300000000000296,6.0,46.9,39.7,April,3.4000000000000146
Adelaide,13.7,23.9,0.0,5.47,7.61,E,20.0,4.0,11.0,55.0,48.0,1021.0,1019.2,4.45,4.51,17.5,22.6,0,0,10.2,-7.0,0.05999999999999961,-1.7999999999999545,7.0,11.59,24.56,0.34000000000000147,5.47,7.61,12.969999999999999,-7.2,-2.5000000000000226,6.5,49.7,42.5,April,3.4000000000000146
Adelaide,14.0,27.8,0.0,5.47,7.61,ENE,22.0,6.0,7.0,49.0,30.0,1021.4,1018.9,4.45,4.51,20.7,27.2,0,0,13.8,-19.0,0.05999999999999961,-2.5,1.0,11.819999999999999,24.009999999999998,0.34000000000000147,5.47,7.61,12.19,-6.5,-2.3600000000000136,6.7,52.0,45.5,April,3.4000000000000146
Adelaide,19.6,29.2,0.0,5.47,7.61,E,33.0,9.0,13.0,33.0,21.0,1023.4,1021.0,4.45,4.51,22.6,28.1,0,0,9.599999999999998,-12.0,0.05999999999999961,-2.3999999999999773,4.0,11.73,23.77,0.34000000000000147,5.47,7.61,12.04,-6.8,-2.230000000000018,6.4,53.6,46.8,April,3.4000000000000146
Adelaide,22.6,30.8,0.0,5.47,7.61,NNW,41.0,11.0,15.0,33.0,27.0,1020.7,1017.8,4.45,4.51,24.9,29.4,0,0,8.2,-6.0,0.05999999999999961,-2.900000000000091,4.0,12.25,23.78,0.34000000000000147,5.47,7.61,11.529999999999998,-10.8,-2.170000000000016,6.0,53.8,43.0,April,3.4000000000000146
Adelaide,19.1,21.4,0.4,5.47,7.61,N,20.0,7.0,13.0,90.0,85.0,1021.8,1018.8,4.45,4.51,19.7,21.0,0,1,2.299999999999997,-5.0,0.05999999999999961,-3.0,6.0,13.180000000000001,25.11,0.08000000000000143,5.47,7.61,11.93,-11.3,-2.5800000000000294,5.8,52.7,41.4,April,0.8000000000000143
Adelaide,18.2,22.6,4.8,5.47,7.61,WSW,20.0,7.0,11.0,83.0,60.0,1022.5,1020.6,4.45,4.51,19.0,21.8,1,0,4.400000000000002,-23.0,0.05999999999999961,-1.8999999999999773,4.0,13.919999999999998,25.36,0.04000000000000142,5.47,7.61,11.44,-12.2,-2.810000000000025,6.6,56.3,44.1,April,0.40000000000001423
Adelaide,11.4,24.1,0.2,5.47,7.61,NNW,20.0,2.0,9.0,67.0,51.0,1024.2,1021.4,4.45,4.51,18.3,22.6,0,0,12.700000000000001,-16.0,0.05999999999999961,-2.800000000000068,7.0,14.75,25.54,0.5200000000000015,5.47,7.61,10.79,-12.5,-2.6800000000000184,6.4,57.5,45.0,April,5.200000000000014
Adelaide,15.6,24.6,0.0,5.47,7.61,ESE,19.0,7.0,7.0,67.0,55.0,1023.5,1020.5,4.45,4.51,20.0,23.2,0,1,9.000000000000002,-12.0,0.05999999999999961,-3.0,0.0,14.8,25.53,0.5400000000000015,5.47,7.61,10.73,-12.5,-2.600000000000011,6.2,57.9,45.4,April,5.400000000000015
Adelaide,15.4,20.4,3.4,5.47,7.61,W,26.0,2.0,9.0,90.0,80.0,1017.8,1014.2,4.45,4.51,17.8,20.0,1,1,4.999999999999998,-10.0,0.05999999999999961,-3.599999999999909,7.0,15.320000000000002,25.39,0.5400000000000015,5.47,7.61,10.07,-12.1,-2.7000000000000113,4.9,59.0,46.9,April,5.400000000000015
Adelaide,15.2,21.0,8.2,5.47,7.61,SW,52.0,13.0,11.0,74.0,54.0,1014.5,1012.1,4.45,4.51,18.0,19.8,1,1,5.800000000000001,-20.0,0.05999999999999961,-2.3999999999999773,-2.0,15.9,25.080000000000002,0.8800000000000014,5.47,7.61,9.18,-12.3,-2.7699999999999934,4.5,62.5,50.2,April,8.800000000000015
Adelaide,10.2,15.8,6.0,5.47,7.61,SSW,59.0,13.0,17.0,54.0,48.0,1021.4,1023.0,4.45,4.51,12.9,15.1,1,0,5.600000000000001,-6.0,0.05999999999999961,1.6000000000000227,4.0,16.48,24.580000000000002,1.7000000000000015,5.47,7.61,8.1,-13.0,-2.6299999999999955,3.8,64.1,51.1,April,17.000000000000014
Adelaide,9.6,18.0,0.0,5.47,7.61,SSW,30.0,6.0,15.0,75.0,59.0,1029.3,1027.2,4.45,4.51,12.1,15.8,0,1,8.4,-16.0,0.05999999999999961,-2.099999999999909,9.0,16.13,23.77,2.3000000000000016,5.47,7.61,7.640000000000001,-12.9,-2.289999999999998,3.5,64.0,51.1,April,23.000000000000014
Adelaide,12.0,17.4,3.8,5.47,7.61,S,20.0,6.0,11.0,96.0,66.0,1029.1,1027.0,4.45,4.51,13.8,17.1,1,1,5.399999999999999,-30.0,0.05999999999999961,-2.099999999999909,5.0,15.690000000000001,22.79,2.3000000000000016,5.47,7.61,7.1,-12.6,-2.2499999999999885,4.3,66.6,54.0,April,23.000000000000014
Adelaide,13.5,17.6,2.8,5.47,7.61,W,13.0,4.0,4.0,87.0,65.0,1027.4,1025.4,4.45,4.51,14.7,17.1,1,0,4.100000000000001,-22.0,0.05999999999999961,-2.0,0.0,14.930000000000001,21.61,2.6800000000000015,5.47,7.61,6.68,-14.4,-2.219999999999982,4.4,72.9,58.5,April,26.800000000000015
Adelaide,14.6,19.7,0.0,5.47,7.61,NNE,26.0,9.0,11.0,61.0,48.0,1023.4,1019.6,4.45,4.51,16.6,19.1,0,0,5.1,-13.0,0.05999999999999961,-3.7999999999999545,2.0,14.020000000000001,20.29,2.9600000000000017,5.47,7.61,6.2700000000000005,-16.0,-2.129999999999973,4.0,78.3,62.3,April,29.600000000000016
Adelaide,11.8,18.4,0.0,5.47,7.61,WSW,31.0,7.0,17.0,81.0,77.0,1017.6,1017.9,4.45,4.51,14.7,15.9,0,1,6.599999999999998,-4.0,0.05999999999999961,0.2999999999999545,10.0,13.569999999999999,20.12,2.9200000000000017,5.47,7.61,6.55,-16.8,-2.209999999999968,3.6,75.4,58.6,May,29.200000000000017
Adelaide,10.0,17.0,3.0,5.47,7.61,SSW,33.0,9.0,9.0,57.0,56.0,1025.4,1025.9,4.45,4.51,14.7,15.5,1,0,7.0,-1.0,0.05999999999999961,0.5,0.0,12.929999999999998,19.7,2.4400000000000013,5.47,7.61,6.7700000000000005,-14.9,-1.989999999999975,4.2,75.2,60.3,May,24.400000000000013
Adelaide,6.2,18.3,0.2,5.47,7.61,SSW,20.0,6.0,9.0,73.0,60.0,1032.1,1029.5,4.45,4.51,12.0,16.5,0,0,12.100000000000001,-13.0,0.05999999999999961,-2.599999999999909,3.0,12.790000000000001,18.99,2.7200000000000015,5.47,7.61,6.2,-13.4,-1.6599999999999682,3.5,74.2,60.8,May,27.200000000000017
Adelaide,5.8,17.6,0.0,5.47,7.61,NNE,20.0,6.0,9.0,49.0,44.0,1031.7,1028.5,4.45,4.51,13.2,16.6,0,0,11.8,-5.0,0.05999999999999961,-3.2000000000000455,3.0,11.85,18.36,2.7400000000000015,5.47,7.61,6.51,-13.5,-1.619999999999959,3.8,74.8,61.3,May,27.400000000000016
Adelaide,6.6,19.9,0.0,5.47,7.61,WNW,22.0,2.0,7.0,55.0,31.0,1027.1,1023.1,4.45,4.51,13.1,19.3,0,0,13.299999999999999,-24.0,0.05999999999999961,-3.9999999999998863,5.0,10.89,18.08,2.4000000000000012,5.47,7.61,7.19,-13.0,-1.5799999999999728,3.4,70.7,57.7,May,24.000000000000014
Adelaide,11.5,19.9,0.0,5.47,7.61,SW,37.0,4.0,17.0,61.0,49.0,1024.2,1025.4,4.45,4.51,14.1,18.3,0,0,8.399999999999999,-12.0,0.05999999999999961,1.2000000000000455,13.0,10.03,17.97,1.5800000000000014,5.47,7.61,7.94,-13.4,-1.7399999999999636,4.1,68.8,55.4,May,15.800000000000013
Adelaide,8.0,15.3,0.0,5.47,7.61,SE,20.0,4.0,9.0,61.0,47.0,1033.8,1032.1,4.45,4.51,11.5,15.0,0,0,7.300000000000001,-14.0,0.05999999999999961,-1.7000000000000455,5.0,10.16,18.380000000000003,0.9800000000000013,5.47,7.61,8.219999999999999,-14.0,-1.7799999999999614,5.0,69.5,55.5,May,9.800000000000013
Adelaide,6.8,16.9,0.0,5.47,7.61,E,24.0,9.0,9.0,57.0,47.0,1034.0,1030.7,4.45,4.51,12.7,16.0,0,0,10.099999999999998,-10.0,0.05999999999999961,-3.2999999999999545,0.0,10.0,18.11,0.9800000000000013,5.47,7.61,8.11,-13.8,-1.739999999999975,4.6,68.1,54.3,May,9.800000000000013
Adelaide,6.9,18.9,0.0,5.47,7.61,SW,20.0,7.0,9.0,67.0,50.0,1030.2,1026.3,4.45,4.51,13.0,18.6,0,0,11.999999999999998,-17.0,0.05999999999999961,-3.900000000000091,2.0,9.48,18.06,0.6000000000000014,5.47,7.61,8.58,-11.8,-1.8599999999999794,4.1,64.2,52.4,May,6.000000000000014
Adelaide,5.7,20.5,0.0,5.47,7.61,N,28.0,7.0,7.0,60.0,37.0,1027.5,1023.9,4.45,4.51,13.6,19.3,0,0,14.8,-23.0,0.05999999999999961,-3.6000000000000227,0.0,8.82,18.19,0.32000000000000145,5.47,7.61,9.370000000000001,-11.3,-2.0499999999999887,4.3,62.2,50.9,May,3.2000000000000144
Adelaide,7.3,20.7,0.0,5.47,7.61,WSW,15.0,6.0,9.0,63.0,34.0,1026.8,1024.3,4.45,4.51,12.9,19.9,0,0,13.399999999999999,-29.0,0.05999999999999961,-2.5,3.0,7.93,18.27,0.32000000000000145,5.47,7.61,10.34,-12.3,-2.0299999999999954,4.1,62.1,49.8,May,3.2000000000000144
Adelaide,5.7,21.4,0.0,5.47,7.61,ESE,20.0,0.0,9.0,57.0,35.0,1025.8,1022.0,4.45,4.51,13.9,20.6,0,0,15.7,-22.0,0.05999999999999961,-3.7999999999999545,9.0,7.4799999999999995,18.5,0.32000000000000145,5.47,7.61,11.02,-14.8,-2.3099999999999907,3.4,60.3,45.5,May,3.2000000000000144
Adelaide,7.8,21.0,0.0,5.47,7.61,E,24.0,0.0,7.0,54.0,35.0,1023.2,1021.2,4.45,4.51,15.9,20.4,0,0,13.2,-19.0,0.05999999999999961,-2.0,7.0,7.05,18.94,0.020000000000001423,5.47,7.61,11.889999999999999,-16.9,-2.7399999999999864,4.3,60.3,43.4,May,0.20000000000001422
Adelaide,7.3,21.2,0.0,5.47,7.61,WSW,22.0,0.0,13.0,60.0,40.0,1023.6,1021.2,4.45,4.51,14.6,19.5,0,0,13.899999999999999,-20.0,0.05999999999999961,-2.3999999999999773,13.0,7.209999999999999,19.21,0.0,5.47,7.61,12.0,-17.5,-2.6799999999999953,4.7,58.4,40.9,May,0.0
Adelaide,6.8,22.5,0.0,5.47,7.61,ENE,20.0,0.0,0.0,61.0,30.0,1021.1,1017.2,4.45,4.51,13.7,21.3,0,0,15.7,-31.0,0.05999999999999961,-3.8999999999999773,0.0,7.359999999999999,19.57,0.0,5.47,7.61,12.209999999999997,-19.0,-2.5999999999999885,5.7,59.5,40.5,May,0.0
Adelaide,13.7,21.0,0.0,5.47,7.61,N,39.0,9.0,9.0,28.0,28.0,1014.0,1011.0,4.45,4.51,19.5,20.5,0,1,7.300000000000001,0.0,0.05999999999999961,-3.0,0.0,7.38,19.83,0.0,5.47,7.61,12.45,-19.7,-2.5899999999999976,5.2,60.1,40.4,May,0.0
Adelaide,15.6,18.2,1.4,5.47,7.61,N,37.0,11.0,11.0,64.0,88.0,1011.8,1012.2,4.45,4.51,17.3,15.8,1,1,2.5999999999999996,24.0,0.05999999999999961,0.40000000000009095,0.0,7.6,19.939999999999998,0.0,5.47,7.61,12.34,-18.5,-3.0100000000000025,3.9,56.8,38.3,May,0.0
Adelaide,10.5,20.8,4.6,5.47,7.61,E,22.0,2.0,6.0,54.0,44.0,1017.6,1015.5,4.45,4.51,16.5,19.9,1,0,10.3,-10.0,0.05999999999999961,-2.1000000000000227,4.0,8.360000000000001,20.23,0.1400000000000014,5.47,7.61,11.870000000000001,-14.7,-2.7999999999999887,3.4,57.1,42.4,May,1.4000000000000141
Adelaide,12.2,19.5,0.2,5.47,7.61,N,20.0,2.0,7.0,87.0,60.0,1016.5,1013.3,4.45,4.51,13.8,18.3,0,0,7.300000000000001,-27.0,0.05999999999999961,-3.2000000000000455,5.0,8.73,20.619999999999997,0.6000000000000014,5.47,7.61,11.889999999999999,-14.7,-2.6799999999999953,3.8,56.8,42.1,May,6.000000000000014
Adelaide,12.4,20.5,0.0,5.47,7.61,NW,28.0,9.0,11.0,76.0,55.0,1016.3,1014.4,4.45,4.51,14.5,20.2,0,0,8.1,-21.0,0.05999999999999961,-1.8999999999999773,2.0,9.26,20.68,0.6200000000000014,5.47,7.61,11.419999999999998,-15.7,-2.609999999999991,4.1,58.8,43.1,May,6.200000000000014
Adelaide,10.1,22.9,0.0,5.47,7.61,N,24.0,6.0,9.0,60.0,41.0,1018.7,1016.2,4.45,4.51,17.2,22.4,0,0,12.799999999999999,-19.0,0.05999999999999961,-2.5,3.0,9.93,20.68,0.6200000000000014,5.47,7.61,10.75,-15.5,-2.439999999999986,4.3,60.4,44.9,May,6.200000000000014
Adelaide,11.6,20.1,0.0,5.47,7.61,N,30.0,7.0,13.0,47.0,46.0,1017.1,1012.2,4.45,4.51,17.9,19.6,0,1,8.500000000000002,-1.0,0.05999999999999961,-4.899999999999977,6.0,10.209999999999999,20.9,0.6200000000000014,5.47,7.61,10.690000000000001,-14.5,-2.439999999999986,4.3,60.1,45.6,May,6.200000000000014
Adelaide,12.5,19.3,1.6,5.47,7.61,NW,31.0,9.0,15.0,97.0,57.0,1018.6,1015.9,4.45,4.51,13.4,17.6,1,1,6.800000000000001,-40.0,0.05999999999999961,-2.7000000000000455,6.0,10.8,20.77,0.6200000000000014,5.47,7.61,9.97,-12.4,-2.5499999999999887,4.0,59.1,46.7,May,6.200000000000014
Adelaide,13.3,19.2,3.6,5.47,7.61,WNW,30.0,4.0,13.0,81.0,64.0,1021.4,1021.3,4.45,4.51,16.0,17.9,1,0,5.899999999999999,-17.0,0.05999999999999961,-0.10000000000002274,9.0,11.27,20.6,0.7800000000000014,5.47,7.61,9.33,-14.5,-2.619999999999993,3.9,63.4,48.9,May,7.800000000000014
Adelaide,10.0,20.2,0.2,5.47,7.61,WSW,26.0,7.0,15.0,79.0,53.0,1023.2,1020.9,4.45,4.51,14.2,19.4,0,0,10.2,-26.0,0.05999999999999961,-2.300000000000068,8.0,11.870000000000001,20.4,1.1400000000000015,5.47,7.61,8.530000000000001,-14.2,-2.389999999999998,3.5,65.5,51.3,May,11.400000000000015
Adelaide,12.5,21.9,0.0,5.47,7.61,NW,24.0,4.0,13.0,87.0,36.0,1023.0,1018.1,4.45,4.51,13.9,21.6,0,0,9.399999999999999,-51.0,0.05999999999999961,-4.899999999999977,9.0,12.190000000000001,20.17,1.1600000000000015,5.47,7.61,7.9799999999999995,-13.7,-2.2300000000000066,4.3,67.3,53.6,May,11.600000000000014
Adelaide,11.6,20.4,0.0,5.47,7.61,WSW,48.0,17.0,15.0,61.0,52.0,1015.1,1011.0,4.45,4.51,15.0,19.5,0,1,8.799999999999999,-9.0,0.05999999999999961,-4.100000000000023,-2.0,12.07,20.26,1.1600000000000015,5.47,7.61,8.190000000000001,-18.8,-2.4200000000000044,5.2,73.2,54.4,May,11.600000000000014
Adelaide,9.5,15.1,16.6,5.47,7.61,WSW,50.0,13.0,19.0,89.0,58.0,1015.5,1015.8,4.45,4.51,11.5,14.9,1,1,5.6,-31.0,0.05999999999999961,0.2999999999999545,6.0,11.669999999999998,20.479999999999997,1.0200000000000014,5.47,7.61,8.809999999999999,-22.1,-2.870000000000016,5.0,72.9,50.8,May,10.200000000000014
Adelaide,7.9,15.2,3.8,5.47,7.61,W,28.0,9.0,13.0,95.0,93.0,1023.1,1021.6,4.45,4.51,10.8,14.1,1,1,7.299999999999999,-2.0,0.05999999999999961,-1.5,4.0,11.569999999999999,19.91,2.2200000000000015,5.47,7.61,8.34,-24.2,-2.630000000000018,5.2,76.4,52.2,May,22.200000000000017
Adelaide,9.7,15.1,16.0,5.47,7.61,S,35.0,7.0,11.0,71.0,40.0,1028.9,1029.3,4.45,4.51,12.2,14.0,1,0,5.4,-31.0,0.05999999999999961,0.3999999999998636,4.0,11.14,19.48,2.580000000000002,5.47,7.61,8.34,-21.7,-2.4600000000000137,5.1,77.2,55.5,May,25.80000000000002
Adelaide,4.8,15.0,0.0,5.47,7.61,E,24.0,0.0,11.0,68.0,40.0,1036.6,1035.2,4.45,4.51,9.4,14.4,0,0,10.2,-28.0,0.05999999999999961,-1.3999999999998636,11.0,10.870000000000001,18.94,4.1800000000000015,5.47,7.61,8.069999999999999,-22.7,-2.2300000000000297,5.3,76.7,54.0,May,41.80000000000002
Adelaide,2.9,15.4,0.0,5.47,7.61,ENE,17.0,9.0,9.0,58.0,48.0,1037.7,1035.5,4.45,4.51,10.1,14.5,0,0,12.5,-10.0,0.05999999999999961,-2.2000000000000455,0.0,10.34,18.15,4.1800000000000015,5.47,7.61,7.81,-23.6,-2.120000000000016,6.1,77.5,53.9,June,41.80000000000002
Adelaide,2.5,17.2,0.0,5.47,7.61,NNE,20.0,2.0,0.0,70.0,40.0,1037.0,1033.9,4.45,4.51,8.6,17.0,0,0,14.7,-30.0,0.05999999999999961,-3.099999999999909,-2.0,9.47,17.68,4.1800000000000015,5.47,7.61,8.209999999999999,-24.5,-1.8500000000000227,5.5,78.6,54.1,June,41.80000000000002
Adelaide,2.6,18.1,0.0,5.47,7.61,N,17.0,0.0,11.0,70.0,47.0,1033.9,1030.3,4.45,4.51,8.8,16.6,0,0,15.500000000000002,-23.0,0.05999999999999961,-3.6000000000001364,11.0,8.47,17.47,4.020000000000001,5.47,7.61,9.0,-23.5,-1.890000000000009,4.7,75.9,52.4,June,40.20000000000002
Adelaide,1.7,16.3,0.0,5.47,7.61,W,19.0,0.0,6.0,75.0,62.0,1030.8,1027.7,4.45,4.51,7.3,14.6,0,0,14.600000000000001,-13.0,0.05999999999999961,-3.099999999999909,6.0,7.4,17.360000000000003,3.6600000000000015,5.47,7.61,9.959999999999999,-24.1,-2.2400000000000206,4.9,74.8,50.7,June,36.600000000000016
Adelaide,5.1,17.6,0.0,5.47,7.61,SW,19.0,0.0,9.0,84.0,58.0,1029.6,1027.3,4.45,4.51,9.2,17.2,0,0,12.500000000000002,-26.0,0.05999999999999961,-2.2999999999999545,9.0,6.57,16.97,3.640000000000002,5.47,7.61,10.4,-22.8,-2.3200000000000047,4.7,74.4,51.6,June,36.40000000000002
Adelaide,8.8,16.5,0.0,5.47,7.61,SE,24.0,7.0,4.0,70.0,45.0,1032.5,1030.7,4.45,4.51,12.6,16.3,0,0,7.699999999999999,-25.0,0.05999999999999961,-1.7999999999999545,-3.0,5.83,16.54,3.640000000000002,5.47,7.61,10.709999999999999,-20.3,-2.0600000000000023,4.7,74.1,53.8,June,36.40000000000002
Adelaide,3.5,15.5,0.0,5.47,7.61,SSW,19.0,6.0,11.0,73.0,52.0,1032.7,1029.6,4.45,4.51,8.8,13.8,0,0,12.0,-21.0,0.05999999999999961,-3.1000000000001364,5.0,5.55,16.15,3.640000000000002,5.47,7.61,10.6,-21.9,-1.8299999999999954,4.6,75.0,53.1,June,36.40000000000002
Adelaide,3.9,16.8,0.0,5.47,7.61,SSW,22.0,2.0,9.0,85.0,64.0,1032.5,1030.8,4.45,4.51,7.5,16.0,0,0,12.9,-21.0,0.05999999999999961,-1.7000000000000455,7.0,4.95,16.19,1.9800000000000015,5.47,7.61,11.24,-20.9,-2.1700000000000044,4.5,73.4,52.5,June,19.800000000000015
Adelaide,6.1,15.1,0.2,5.47,7.61,SE,20.0,0.0,7.0,78.0,62.0,1036.8,1034.8,4.45,4.51,10.6,13.9,0,0,9.0,-16.0,0.05999999999999961,-2.0,7.0,4.55,16.35,1.6000000000000014,5.47,7.61,11.8,-22.8,-2.1900000000000093,4.8,72.4,49.6,June,16.000000000000014
Adelaide,8.2,16.2,0.0,5.47,7.61,WSW,24.0,0.0,13.0,69.0,55.0,1035.6,1032.5,4.45,4.51,12.2,15.1,0,0,8.0,-14.0,0.05999999999999961,-3.099999999999909,13.0,4.1899999999999995,16.35,0.020000000000001423,5.47,7.61,12.16,-21.3,-2.4299999999999953,5.1,73.1,51.8,June,0.20000000000001422
Adelaide,3.9,16.0,0.0,5.47,7.61,W,19.0,0.0,9.0,93.0,57.0,1031.3,1028.9,4.45,4.51,6.5,14.6,0,0,12.1,-36.0,0.05999999999999961,-2.3999999999998636,9.0,4.529999999999999,16.47,0.020000000000001423,5.47,7.61,11.940000000000001,-19.9,-2.6,5.3,73.2,53.3,June,0.20000000000001422
Adelaide,6.5,17.7,0.0,5.47,7.61,WSW,19.0,4.0,11.0,75.0,61.0,1031.5,1029.6,4.45,4.51,12.1,17.1,0,0,11.2,-14.0,0.05999999999999961,-1.900000000000091,7.0,4.63,16.53,0.020000000000001423,5.47,7.61,11.9,-22.5,-2.619999999999982,6.2,76.7,54.2,June,0.20000000000001422
Adelaide,5.9,17.9,0.0,5.47,7.61,WSW,19.0,0.0,6.0,86.0,57.0,1032.1,1028.9,4.45,4.51,10.5,17.3,0,0,11.999999999999998,-29.0,0.05999999999999961,-3.199999999999818,6.0,5.029999999999999,16.580000000000002,0.020000000000001423,5.47,7.61,11.55,-20.9,-2.5,7.1,77.2,56.3,June,0.20000000000001422
Adelaide,5.4,19.0,0.0,5.47,7.61,NNW,28.0,7.0,11.0,67.0,43.0,1028.9,1026.7,4.45,4.51,12.6,18.5,0,0,13.6,-24.0,0.05999999999999961,-2.2000000000000455,4.0,5.36,16.56,0.020000000000001423,5.47,7.61,11.2,-21.5,-2.459999999999968,6.6,78.8,57.3,June,0.20000000000001422
Adelaide,8.6,18.5,0.0,5.47,7.61,NNE,17.0,0.0,7.0,69.0,41.0,1027.3,1024.9,4.45,4.51,11.3,17.6,0,0,9.9,-28.0,0.05999999999999961,-2.3999999999998636,7.0,5.73,16.830000000000002,0.020000000000001423,5.47,7.61,11.1,-22.6,-2.369999999999982,6.4,78.0,55.4,June,0.20000000000001422
Adelaide,9.8,14.8,0.2,5.47,7.61,ENE,13.0,2.0,7.0,81.0,66.0,1026.5,1023.6,4.45,4.51,11.8,14.6,0,1,5.0,-15.0,0.05999999999999961,-2.8999999999999773,5.0,6.08,16.92,0.020000000000001423,5.47,7.61,10.84,-22.8,-2.379999999999973,6.2,76.5,53.7,June,0.20000000000001422
Adelaide,6.0,16.8,1.4,5.47,7.61,WSW,15.0,0.0,7.0,96.0,63.0,1027.5,1026.6,4.45,4.51,9.3,16.4,1,0,10.8,-33.0,0.05999999999999961,-0.900000000000091,7.0,6.18,16.75,0.04000000000000142,5.47,7.61,10.57,-21.8,-2.489999999999975,7.0,77.6,55.8,June,0.40000000000001423
Adelaide,8.0,16.9,0.2,5.47,7.61,WSW,13.0,0.0,7.0,95.0,66.0,1032.9,1030.9,4.45,4.51,10.0,16.2,0,0,8.899999999999999,-29.0,0.05999999999999961,-2.0,7.0,6.43,16.880000000000003,0.1800000000000014,5.47,7.61,10.45,-23.0,-2.2699999999999703,7.2,79.9,56.9,June,1.800000000000014
Adelaide,5.2,19.4,0.0,5.47,7.61,NE,24.0,0.0,7.0,82.0,45.0,1032.9,1029.2,4.45,4.51,10.0,18.9,0,0,14.2,-37.0,0.05999999999999961,-3.7000000000000455,7.0,6.840000000000001,16.89,0.20000000000000143,5.47,7.61,10.05,-23.8,-2.299999999999966,7.2,80.9,57.1,June,2.000000000000014
Adelaide,4.9,19.1,0.0,5.47,7.61,N,19.0,2.0,9.0,82.0,37.0,1028.4,1026.5,4.45,4.51,10.4,18.4,0,0,14.200000000000001,-45.0,0.05999999999999961,-1.900000000000091,7.0,6.75,17.32,0.1800000000000014,5.47,7.61,10.569999999999999,-25.9,-2.4699999999999704,7.2,81.3,55.4,June,1.800000000000014
Adelaide,4.5,19.2,0.0,5.47,7.61,WSW,17.0,0.0,11.0,80.0,52.0,1029.5,1026.9,4.45,4.51,10.0,17.8,0,0,14.7,-28.0,0.05999999999999961,-2.599999999999909,11.0,6.42,17.610000000000003,0.1800000000000014,5.47,7.61,11.19,-29.0,-2.3499999999999885,6.6,82.6,53.6,June,1.800000000000014
Adelaide,4.6,19.5,0.0,5.47,7.61,N,22.0,0.0,7.0,76.0,29.0,1026.9,1022.3,4.45,4.51,9.6,18.9,0,0,14.9,-47.0,0.05999999999999961,-4.600000000000136,7.0,6.480000000000001,17.93,0.1800000000000014,5.47,7.61,11.45,-28.2,-2.369999999999993,6.8,81.3,53.1,June,1.800000000000014
Adelaide,5.4,18.5,0.0,5.47,7.61,NNW,19.0,4.0,4.0,58.0,44.0,1020.0,1017.7,4.45,4.51,11.7,17.1,0,0,13.1,-14.0,0.05999999999999961,-2.2999999999999545,0.0,6.290000000000001,18.11,0.1800000000000014,5.47,7.61,11.819999999999999,-31.5,-2.639999999999998,6.8,81.4,49.9,June,1.800000000000014
Adelaide,5.0,17.3,0.0,5.47,7.61,W,17.0,0.0,9.0,83.0,54.0,1020.7,1018.5,4.45,4.51,9.6,16.7,0,0,12.3,-29.0,0.05999999999999961,-2.2000000000000455,9.0,6.24,18.169999999999998,0.1800000000000014,5.47,7.61,11.93,-30.0,-2.5500000000000114,6.2,78.6,48.6,June,1.800000000000014
Adelaide,8.0,23.22,0.0,5.47,7.61,W,40.04,9.0,11.0,89.0,74.0,1020.7,1020.6,4.45,4.51,10.6,13.5,0,0,15.219999999999999,-15.0,0.05999999999999961,-0.10000000000002274,2.0,6.2,18.0,0.1800000000000014,5.47,7.61,11.8,-30.5,-2.5500000000000114,6.7,80.2,49.7,June,1.800000000000014
